trip_id,source_area_type,destination_area_type,distance_km,duration_min,traffic_level,time_of_day,day_type,weather,vehicle_type,peak_hour,transfer_count,walking_distance_m,route_type,estimated_fare
SCV20000001,college_area,commercial,4.54,29.20,medium,morning,weekday,rainy,bus,yes,0,286,direct,15.89
SCV20000002,residential,office_area,8.09,60.20,medium,morning,weekday,rainy,bus,yes,1,1357,multimodal,29.85
SCV20000003,commercial,shopping_area,7.81,26.10,low,night,weekday,cloudy,rapido,no,0,98,direct,113.38
SCV20000004,metro_station,office_area,6.18,31.40,medium,afternoon,weekday,clear,auto,yes,0,64,direct,172.71
SCV20000005,commercial,metro_station,6.01,25.60,low,afternoon,weekend,clear,ola,no,0,94,direct,213.25
SCV20000006,residential,commercial,7.56,32.40,medium,evening,weekday,clear,ola,yes,0,80,direct,334.35
SCV20000007,metro_station,shopping_area,8.75,46.60,medium,evening,weekend,clear,metro,yes,0,113,direct,29.54
SCV20000008,commercial,metro_station,4.35,19.10,medium,morning,weekday,clear,rapido,yes,0,172,direct,79.41
SCV20000009,metro_station,commercial,8.29,68.70,high,evening,weekday,clear,metro,yes,0,80,direct,34.42
SCV20000010,airport,residential,32.38,150.00,high,evening,weekday,clear,rapido,yes,0,55,direct,676.03
SCV20000011,commercial,office_area,7.77,75.60,medium,morning,weekday,rainy,rapido,yes,3,2033,multimodal,214.84
SCV20000012,commercial,residential,5.53,13.00,low,night,weekday,clear,auto,no,0,172,direct,108.06
SCV20000013,residential,metro_station,5.56,41.80,medium,evening,weekday,clear,uber,yes,0,64,direct,400.81
SCV20000014,commercial,shopping_area,3.25,25.20,low,night,weekday,clear,metro,no,0,334,direct,10.23
SCV20000015,residential,office_area,9.34,34.50,medium,morning,weekday,clear,auto,yes,0,79,direct,217.06
SCV20000016,college_area,metro_station,7.19,32.00,medium,morning,weekday,cloudy,uber,yes,0,62,direct,462.08
SCV20000017,metro_station,commercial,3.48,29.50,medium,afternoon,weekday,rainy,ola,no,0,210,direct,220.55
SCV20000018,college_area,metro_station,5.97,37.30,medium,evening,weekday,rainy,metro,no,0,172,direct,10.00
SCV20000019,metro_station,office_area,5.39,29.30,medium,afternoon,weekday,clear,uber,yes,0,21,direct,377.30
SCV20000020,metro_station,residential,4.40,65.00,medium,afternoon,weekday,cloudy,bus,yes,2,1669,multimodal,25.39
SCV20000021,metro_station,commercial,6.25,65.40,medium,afternoon,weekend,clear,metro,yes,1,1202,multimodal,10.00
SCV20000022,metro_station,office_area,5.61,49.10,high,morning,weekday,rainy,auto,yes,0,75,direct,273.68
SCV20000023,college_area,commercial,8.17,68.40,high,evening,weekend,rainy,ola,yes,0,181,direct,631.70
SCV20000024,commercial,office_area,12.76,136.80,high,evening,weekday,rainy,metro,yes,2,1706,multimodal,43.58
SCV20000025,residential,office_area,13.56,77.70,medium,evening,weekday,clear,uber,yes,0,96,direct,757.03
SCV20000026,commercial,shopping_area,8.87,60.50,medium,morning,weekend,cloudy,bus,yes,1,1086,multimodal,37.09
SCV20000027,commercial,shopping_area,8.01,78.00,medium,morning,weekday,rainy,bus,yes,3,1812,multimodal,42.33
SCV20000028,metro_station,commercial,4.77,23.80,medium,morning,weekday,clear,ola,yes,0,151,direct,248.63
SCV20000029,commercial,office_area,10.92,104.50,high,evening,weekday,clear,bus,yes,1,959,multimodal,38.60
SCV20000030,commercial,office_area,5.65,29.00,medium,evening,weekday,clear,uber,yes,0,41,direct,403.19
SCV20000031,commercial,office_area,4.25,53.80,high,evening,weekday,clear,auto,yes,0,138,direct,239.30
SCV20000032,commercial,residential,3.90,20.30,medium,afternoon,weekday,clear,auto,yes,0,123,direct,112.70
SCV20000033,college_area,metro_station,3.75,30.90,medium,evening,weekday,clear,rapido,yes,0,118,direct,91.95
SCV20000034,college_area,office_area,6.24,26.40,low,morning,weekday,clear,ola,no,0,129,direct,238.33
SCV20000035,residential,office_area,15.21,43.40,low,night,weekday,cloudy,auto,no,0,15,direct,289.63
SCV20000036,metro_station,residential,2.82,18.80,low,afternoon,weekend,cloudy,metro,no,0,143,direct,24.43
SCV20000037,residential,commercial,4.98,22.10,low,night,weekend,clear,auto,no,0,0,direct,115.35
SCV20000038,residential,shopping_area,12.74,74.20,medium,evening,weekday,cloudy,bus,yes,0,11,direct,17.88
SCV20000039,commercial,office_area,5.58,62.80,high,morning,weekday,cloudy,ola,yes,1,904,multimodal,520.08
SCV20000040,residential,metro_station,5.36,20.90,medium,morning,weekday,clear,ola,no,0,80,direct,224.79
SCV20000041,metro_station,commercial,5.46,33.50,medium,morning,weekday,clear,ola,yes,0,74,direct,293.36
SCV20000042,airport,residential,26.68,116.60,medium,morning,weekday,cloudy,ola,no,3,1153,multimodal,1023.58
SCV20000043,residential,office_area,9.69,46.40,medium,evening,weekday,clear,ola,yes,0,127,direct,405.29
SCV20000044,commercial,metro_station,3.98,52.70,medium,morning,weekday,clear,metro,yes,3,1201,multimodal,17.02
SCV20000045,residential,office_area,14.33,44.80,low,afternoon,weekday,clear,rapido,no,0,115,direct,166.24
SCV20000046,metro_station,commercial,4.92,54.30,high,morning,weekday,cloudy,auto,yes,1,828,multimodal,282.74
SCV20000047,airport,residential,13.46,74.50,medium,evening,weekday,clear,uber,yes,0,192,direct,827.65
SCV20000048,metro_station,commercial,5.64,31.60,medium,morning,weekday,cloudy,uber,yes,0,146,direct,392.60
SCV20000049,college_area,residential,6.42,24.40,low,afternoon,weekend,clear,auto,yes,0,47,direct,170.08
SCV20000050,residential,metro_station,4.59,22.00,low,afternoon,weekend,clear,bus,no,0,134,direct,22.55
SCV20000051,college_area,commercial,10.76,81.30,high,morning,weekday,rainy,uber,yes,0,106,direct,977.56
SCV20000052,commercial,residential,4.83,26.20,medium,evening,weekday,clear,uber,no,0,90,direct,289.83
SCV20000053,residential,shopping_area,7.27,45.20,medium,evening,weekend,clear,ola,yes,0,83,direct,348.86
SCV20000054,residential,commercial,6.53,19.70,low,night,weekday,clear,rapido,no,0,147,direct,72.12
SCV20000055,college_area,residential,8.67,63.90,medium,morning,weekend,rainy,rapido,yes,1,988,multimodal,191.74
SCV20000056,residential,shopping_area,9.08,25.20,low,night,weekend,cloudy,uber,no,0,71,direct,407.55
SCV20000057,residential,metro_station,5.71,27.30,medium,morning,weekday,clear,uber,no,0,102,direct,332.21
SCV20000058,commercial,shopping_area,7.40,44.90,high,morning,weekday,clear,metro,yes,0,298,direct,10.00
SCV20000059,residential,office_area,12.62,60.20,medium,evening,weekday,clear,uber,no,0,60,direct,575.95
SCV20000060,metro_station,office_area,7.46,84.30,medium,evening,weekday,cloudy,uber,no,3,2401,multimodal,604.78
SCV20000061,commercial,metro_station,5.98,22.40,medium,afternoon,weekday,clear,ola,yes,0,107,direct,247.02
SCV20000062,metro_station,office_area,6.59,22.60,medium,morning,weekday,cloudy,ola,no,0,63,direct,282.27
SCV20000063,commercial,residential,11.42,36.00,low,night,weekday,clear,uber,no,0,143,direct,451.35
SCV20000064,airport,commercial,21.05,92.30,low,night,weekend,cloudy,metro,no,1,1136,multimodal,30.71
SCV20000065,college_area,commercial,5.20,36.50,low,morning,weekday,clear,ola,no,1,876,multimodal,258.90
SCV20000066,metro_station,office_area,7.29,42.10,medium,afternoon,weekday,clear,auto,no,1,158,direct,197.50
SCV20000067,commercial,metro_station,4.31,44.30,high,evening,weekday,cloudy,rapido,yes,0,68,direct,139.36
SCV20000068,metro_station,residential,6.44,23.80,medium,afternoon,weekday,cloudy,uber,yes,0,70,direct,360.56
SCV20000069,commercial,residential,6.22,23.10,low,afternoon,weekend,cloudy,uber,no,0,85,direct,324.14
SCV20000070,commercial,residential,11.52,53.20,medium,afternoon,weekday,clear,ola,no,1,782,multimodal,489.42
SCV20000071,residential,office_area,10.93,48.60,medium,morning,weekday,clear,rapido,yes,0,106,direct,162.07
SCV20000072,residential,office_area,15.91,88.20,high,morning,weekday,rainy,bus,yes,0,409,direct,32.79
SCV20000073,commercial,metro_station,4.00,25.70,medium,afternoon,weekend,clear,uber,yes,0,55,direct,287.80
SCV20000074,metro_station,commercial,4.69,33.00,medium,evening,weekday,clear,bus,no,0,188,direct,10.00
SCV20000075,airport,metro_station,28.24,142.10,high,morning,weekday,clear,ola,yes,0,186,direct,1500.00
SCV20000076,commercial,office_area,5.69,59.20,high,evening,weekday,clear,rapido,yes,0,56,direct,164.70
SCV20000077,college_area,metro_station,4.23,58.30,medium,morning,weekday,rainy,bus,yes,1,1476,multimodal,32.87
SCV20000078,commercial,office_area,8.27,74.70,medium,morning,weekday,clear,auto,yes,3,1095,multimodal,270.47
SCV20000079,commercial,shopping_area,7.73,31.50,low,afternoon,weekday,clear,metro,no,0,247,direct,11.37
SCV20000080,residential,metro_station,3.18,20.40,medium,morning,weekday,clear,ola,yes,0,0,direct,217.22
SCV20000081,residential,commercial,14.25,58.40,medium,afternoon,weekday,clear,bus,yes,1,177,direct,47.52
SCV20000082,residential,commercial,8.01,73.50,high,evening,weekday,rainy,auto,yes,0,0,direct,392.62
SCV20000083,college_area,metro_station,8.68,47.20,low,morning,weekend,cloudy,metro,no,2,602,multimodal,23.62
SCV20000084,airport,commercial,33.17,128.30,medium,afternoon,weekday,rainy,uber,yes,1,797,multimodal,1500.00
SCV20000085,residential,metro_station,6.53,60.10,medium,night,weekend,clear,bus,yes,1,995,multimodal,39.41
SCV20000086,residential,metro_station,10.07,40.90,low,afternoon,weekday,clear,ola,no,1,759,multimodal,367.55
SCV20000087,commercial,shopping_area,9.18,48.80,low,night,weekday,cloudy,bus,no,1,1161,multimodal,13.15
SCV20000088,residential,metro_station,4.64,72.60,high,evening,weekday,cloudy,ola,yes,1,1384,multimodal,520.82
SCV20000089,commercial,shopping_area,5.81,32.30,medium,morning,weekday,clear,ola,yes,0,15,direct,285.63
SCV20000090,residential,metro_station,4.87,27.20,medium,evening,weekday,clear,ola,yes,0,0,direct,277.72
SCV20000091,college_area,office_area,4.51,31.70,low,night,weekend,cloudy,bus,no,1,1290,multimodal,17.98
SCV20000092,college_area,office_area,9.14,42.90,low,morning,weekday,clear,auto,no,1,427,multimodal,185.78
SCV20000093,residential,metro_station,5.78,42.40,low,morning,weekend,cloudy,rapido,no,1,946,multimodal,120.00
SCV20000094,residential,metro_station,2.74,5.00,low,morning,weekend,clear,rapido,no,0,0,direct,43.20
SCV20000095,college_area,office_area,10.55,37.70,low,afternoon,weekend,clear,auto,no,0,152,direct,214.69
SCV20000096,college_area,commercial,6.46,66.10,medium,morning,weekday,clear,metro,yes,2,1419,multimodal,42.18
SCV20000097,residential,shopping_area,13.50,102.40,high,evening,weekday,cloudy,bus,yes,0,253,direct,16.37
SCV20000098,residential,shopping_area,10.82,37.10,medium,afternoon,weekday,cloudy,rapido,no,0,70,direct,170.52
SCV20000099,airport,office_area,21.43,53.20,low,night,weekday,clear,rapido,no,0,79,direct,245.11
SCV20000100,metro_station,commercial,2.37,29.70,high,morning,weekday,cloudy,auto,yes,0,52,direct,155.86
SCV20000101,college_area,residential,11.46,90.20,medium,evening,weekday,clear,rapido,yes,2,678,multimodal,264.07
SCV20000102,college_area,metro_station,2.95,5.60,low,night,weekday,rainy,rapido,no,0,147,direct,52.51
SCV20000103,college_area,metro_station,4.21,30.50,medium,evening,weekday,cloudy,auto,yes,0,2,direct,139.53
SCV20000104,college_area,metro_station,5.40,25.30,medium,morning,weekday,cloudy,auto,yes,0,45,direct,177.49
SCV20000105,metro_station,commercial,2.72,35.00,medium,evening,weekday,clear,auto,yes,0,29,direct,134.71
SCV20000106,commercial,shopping_area,2.86,9.60,low,afternoon,weekend,clear,rapido,no,0,0,direct,60.07
SCV20000107,residential,metro_station,5.51,21.00,low,afternoon,weekday,cloudy,uber,no,0,51,direct,268.98
SCV20000108,college_area,residential,5.17,31.40,low,evening,weekday,cloudy,bus,no,0,182,direct,24.93
SCV20000109,airport,commercial,30.67,83.00,low,afternoon,weekend,clear,rapido,no,0,88,direct,368.91
SCV20000110,commercial,metro_station,5.01,42.50,medium,morning,weekday,clear,auto,yes,1,859,multimodal,182.22
SCV20000111,metro_station,commercial,6.96,66.90,high,evening,weekday,clear,bus,yes,0,193,direct,41.60
SCV20000112,college_area,residential,3.27,14.00,medium,morning,weekday,clear,metro,yes,0,172,direct,23.92
SCV20000113,metro_station,shopping_area,5.46,24.00,medium,morning,weekday,clear,ola,yes,0,20,direct,273.09
SCV20000114,airport,metro_station,27.96,72.70,low,night,weekend,rainy,auto,no,0,0,direct,520.80
SCV20000115,college_area,office_area,6.60,26.50,low,night,weekday,cloudy,rapido,no,0,33,direct,104.59
SCV20000116,residential,shopping_area,10.24,55.50,medium,evening,weekday,rainy,metro,yes,0,242,direct,22.67
SCV20000117,college_area,metro_station,2.85,20.50,medium,morning,weekday,rainy,metro,yes,0,236,direct,10.00
SCV20000118,residential,office_area,9.51,42.60,medium,morning,weekday,clear,ola,yes,0,86,direct,466.47
SCV20000119,residential,commercial,10.95,128.20,high,evening,weekday,cloudy,metro,yes,3,1501,multimodal,39.30
SCV20000120,commercial,office_area,6.37,35.90,medium,morning,weekday,clear,metro,no,0,253,direct,26.58
SCV20000121,commercial,metro_station,2.03,24.00,medium,afternoon,weekday,rainy,bus,yes,0,216,direct,20.46
SCV20000122,metro_station,shopping_area,2.37,29.30,low,evening,weekend,clear,ola,no,0,154,direct,188.79
SCV20000123,metro_station,commercial,3.46,17.90,low,afternoon,weekend,clear,auto,no,0,83,direct,81.92
SCV20000124,residential,office_area,4.65,34.50,medium,morning,weekday,clear,uber,yes,0,94,direct,347.94
SCV20000125,college_area,commercial,11.05,85.90,low,afternoon,weekend,cloudy,metro,no,3,1299,multimodal,10.97
SCV20000126,commercial,office_area,5.04,31.10,medium,morning,weekday,clear,uber,yes,0,131,direct,357.96
SCV20000127,residential,metro_station,8.77,49.20,medium,evening,weekday,clear,rapido,no,0,63,direct,150.03
SCV20000128,airport,commercial,24.75,77.40,low,morning,weekend,clear,rapido,no,0,128,direct,312.02
SCV20000129,metro_station,commercial,5.07,57.50,high,morning,weekday,rainy,ola,yes,0,159,direct,502.29
SCV20000130,residential,metro_station,5.60,71.60,high,morning,weekday,clear,rapido,yes,3,1132,multimodal,202.62
SCV20000131,commercial,residential,8.60,33.90,low,afternoon,weekday,cloudy,ola,no,0,90,direct,301.76
SCV20000132,residential,office_area,12.93,34.90,low,afternoon,weekend,clear,auto,no,0,46,direct,237.23
SCV20000133,college_area,office_area,7.48,41.00,medium,evening,weekday,cloudy,rapido,yes,0,29,direct,128.26
SCV20000134,airport,office_area,12.65,84.60,low,afternoon,weekday,clear,bus,no,3,1689,multimodal,53.89
SCV20000135,airport,office_area,25.10,82.90,medium,afternoon,weekday,clear,ola,yes,0,109,direct,968.62
SCV20000136,residential,metro_station,4.82,60.40,high,evening,weekday,clear,rapido,yes,0,126,direct,175.71
SCV20000137,commercial,office_area,8.90,53.10,low,night,weekend,clear,uber,yes,1,951,multimodal,543.46
SCV20000138,residential,office_area,10.57,86.10,high,evening,weekday,clear,bus,yes,0,327,direct,23.01
SCV20000139,residential,commercial,13.94,63.40,medium,morning,weekday,clear,bus,yes,0,300,direct,36.01
SCV20000140,airport,office_area,31.18,150.00,high,evening,weekday,clear,uber,yes,0,0,direct,1500.00
SCV20000141,commercial,metro_station,3.05,31.70,medium,morning,weekday,clear,ola,yes,0,78,direct,241.27
SCV20000142,metro_station,commercial,6.59,55.60,medium,evening,weekday,clear,metro,yes,1,955,multimodal,16.99
SCV20000143,metro_station,commercial,5.70,56.90,high,evening,weekday,cloudy,rapido,yes,0,102,direct,190.28
SCV20000144,college_area,residential,6.70,52.50,medium,morning,weekday,clear,bus,yes,1,1336,multimodal,41.40
SCV20000145,commercial,residential,13.92,143.90,high,evening,weekday,rainy,metro,yes,1,967,multimodal,44.44
SCV20000146,residential,office_area,6.18,62.30,medium,evening,weekday,clear,metro,yes,2,1102,multimodal,34.49
SCV20000147,residential,metro_station,3.45,63.60,high,evening,weekday,cloudy,metro,yes,1,1124,multimodal,34.04
SCV20000148,residential,metro_station,6.20,25.70,low,afternoon,weekday,cloudy,ola,no,0,99,direct,252.25
SCV20000149,commercial,shopping_area,6.20,34.10,medium,morning,weekday,cloudy,ola,no,0,171,direct,292.73
SCV20000150,airport,commercial,18.40,71.90,medium,afternoon,weekday,clear,auto,no,0,117,direct,419.52
SCV20000151,residential,commercial,3.60,17.30,low,afternoon,weekend,cloudy,metro,no,0,229,direct,10.72
SCV20000152,college_area,commercial,12.06,58.00,medium,evening,weekday,cloudy,ola,no,0,153,direct,431.98
SCV20000153,residential,shopping_area,6.44,34.60,low,evening,weekend,clear,ola,no,0,25,direct,261.85
SCV20000154,airport,residential,32.48,129.00,low,night,weekend,rainy,metro,no,3,1411,multimodal,62.13
SCV20000155,college_area,commercial,7.77,50.30,low,afternoon,weekday,clear,uber,no,1,1072,multimodal,439.51
SCV20000156,metro_station,commercial,4.60,34.70,medium,evening,weekday,clear,auto,yes,0,153,direct,169.80
SCV20000157,metro_station,residential,5.36,22.30,medium,afternoon,weekday,rainy,auto,yes,1,21,direct,146.93
SCV20000158,metro_station,residential,2.92,14.30,low,afternoon,weekday,clear,auto,no,0,68,direct,90.82
SCV20000159,commercial,shopping_area,7.50,54.90,high,evening,weekday,clear,rapido,yes,0,43,direct,202.45
SCV20000160,residential,commercial,11.98,91.50,medium,evening,weekend,cloudy,metro,no,1,1422,multimodal,37.22
SCV20000161,residential,office_area,7.26,45.10,medium,afternoon,weekday,clear,auto,yes,1,465,multimodal,229.19
SCV20000162,residential,commercial,10.51,43.50,low,evening,weekend,cloudy,metro,no,1,235,direct,34.96
SCV20000163,residential,metro_station,4.10,31.50,medium,evening,weekend,clear,uber,yes,0,13,direct,358.30
SCV20000164,airport,office_area,30.91,150.00,high,evening,weekday,cloudy,bus,yes,2,1471,multimodal,84.35
SCV20000165,metro_station,commercial,4.30,23.50,medium,morning,weekday,clear,uber,yes,0,37,direct,298.79
SCV20000166,metro_station,residential,1.99,18.40,medium,morning,weekday,clear,uber,yes,0,0,direct,208.54
SCV20000167,commercial,residential,6.24,23.90,medium,morning,weekday,clear,uber,yes,0,125,direct,391.10
SCV20000168,metro_station,commercial,7.96,59.40,low,afternoon,weekend,cloudy,uber,no,3,1554,multimodal,479.47
SCV20000169,residential,metro_station,6.30,34.40,medium,morning,weekday,clear,rapido,yes,1,81,direct,111.64
SCV20000170,metro_station,commercial,5.02,17.10,medium,morning,weekday,clear,auto,yes,0,20,direct,131.90
SCV20000171,residential,metro_station,6.76,63.90,high,evening,weekday,rainy,ola,yes,0,61,direct,540.86
SCV20000172,airport,metro_station,18.12,95.90,medium,evening,weekday,clear,rapido,yes,0,60,direct,310.94
SCV20000173,metro_station,shopping_area,4.40,19.70,medium,afternoon,weekday,clear,bus,no,0,162,direct,24.86
SCV20000174,metro_station,residential,3.57,14.90,low,night,weekday,clear,rapido,no,0,170,direct,77.94
SCV20000175,commercial,office_area,5.35,46.50,medium,morning,weekday,cloudy,metro,no,1,142,multimodal,10.00
SCV20000176,college_area,commercial,5.05,17.90,low,night,weekday,cloudy,uber,no,0,83,direct,248.99
SCV20000177,airport,commercial,18.03,143.20,high,evening,weekday,cloudy,bus,yes,0,277,direct,81.96
SCV20000178,commercial,metro_station,7.52,45.40,high,morning,weekday,rainy,auto,yes,0,57,direct,295.68
SCV20000179,college_area,residential,8.88,29.90,low,afternoon,weekday,rainy,uber,no,1,175,direct,419.16
SCV20000180,residential,metro_station,8.41,94.00,high,evening,weekday,clear,metro,yes,1,969,multimodal,19.19
SCV20000181,commercial,office_area,10.11,39.40,medium,morning,weekday,clear,ola,yes,0,56,direct,426.01
SCV20000182,residential,office_area,12.85,105.90,high,morning,weekday,rainy,auto,yes,2,1415,multimodal,527.02
SCV20000183,residential,office_area,11.85,59.60,low,night,weekend,clear,auto,no,1,1272,multimodal,271.06
SCV20000184,residential,office_area,6.86,51.60,medium,afternoon,weekday,rainy,auto,yes,1,1390,multimodal,280.84
SCV20000185,commercial,residential,9.45,25.50,low,night,weekday,cloudy,uber,no,0,44,direct,365.07
SCV20000186,metro_station,shopping_area,5.04,66.60,medium,evening,weekday,clear,bus,yes,2,1689,multimodal,21.56
SCV20000187,residential,commercial,7.11,45.40,high,morning,weekday,rainy,uber,yes,0,32,direct,655.18
SCV20000188,commercial,shopping_area,5.61,36.30,low,afternoon,weekday,clear,bus,no,1,538,multimodal,30.94
SCV20000189,residential,commercial,8.77,98.60,high,evening,weekday,cloudy,bus,yes,1,1019,multimodal,33.57
SCV20000190,commercial,metro_station,5.14,17.40,low,afternoon,weekday,clear,auto,no,0,100,direct,108.24
SCV20000191,residential,office_area,5.62,15.80,low,night,weekend,clear,uber,no,0,151,direct,312.34
SCV20000192,metro_station,commercial,1.93,36.00,medium,evening,weekend,clear,bus,no,1,790,multimodal,11.10
SCV20000193,commercial,shopping_area,2.36,17.80,medium,evening,weekday,clear,auto,yes,0,0,direct,111.05
SCV20000194,commercial,office_area,4.00,24.80,medium,morning,weekday,clear,rapido,yes,0,118,direct,86.46
SCV20000195,residential,office_area,8.71,59.00,low,afternoon,weekend,rainy,bus,no,1,952,multimodal,31.15
SCV20000196,residential,commercial,11.73,48.70,medium,morning,weekday,cloudy,auto,yes,0,69,direct,273.52
SCV20000197,commercial,shopping_area,8.31,68.50,high,evening,weekday,cloudy,ola,yes,0,71,direct,606.20
SCV20000198,college_area,metro_station,3.69,16.00,low,afternoon,weekend,clear,rapido,no,0,0,direct,62.31
SCV20000199,commercial,office_area,2.77,35.10,high,evening,weekday,cloudy,auto,yes,1,68,direct,186.40
SCV20000200,residential,office_area,9.87,57.80,medium,evening,weekday,clear,auto,yes,0,120,direct,257.75
SCV20000201,airport,commercial,19.42,55.60,low,night,weekend,clear,ola,no,0,0,direct,608.76
SCV20000202,metro_station,shopping_area,7.93,48.60,low,afternoon,weekend,clear,auto,yes,1,1031,multimodal,215.67
SCV20000203,airport,commercial,17.14,150.00,high,evening,weekday,cloudy,bus,yes,1,1016,multimodal,36.85
SCV20000204,metro_station,shopping_area,8.50,59.30,medium,morning,weekday,clear,rapido,no,1,585,multimodal,173.92
SCV20000205,commercial,residential,9.96,39.40,low,afternoon,weekend,rainy,ola,no,0,55,direct,403.38
SCV20000206,commercial,office_area,6.14,46.60,medium,afternoon,weekday,clear,ola,yes,1,893,multimodal,341.92
SCV20000207,commercial,shopping_area,12.14,60.00,low,afternoon,weekend,cloudy,rapido,yes,2,1277,multimodal,225.25
SCV20000208,residential,office_area,14.96,65.40,medium,morning,weekday,cloudy,uber,yes,0,73,direct,770.18
SCV20000209,commercial,office_area,4.46,22.00,medium,afternoon,weekday,rainy,auto,no,0,147,direct,138.03
SCV20000210,college_area,commercial,6.20,44.00,medium,evening,weekday,clear,ola,yes,0,167,direct,337.61
SCV20000211,commercial,office_area,9.35,80.20,high,evening,weekday,clear,uber,yes,0,4,direct,808.23
SCV20000212,metro_station,commercial,2.35,31.20,high,evening,weekday,clear,ola,yes,0,59,direct,295.80
SCV20000213,metro_station,commercial,4.19,18.00,medium,morning,weekday,clear,uber,yes,0,57,direct,267.64
SCV20000214,commercial,office_area,8.93,57.20,medium,evening,weekday,cloudy,ola,no,0,122,direct,395.68
SCV20000215,college_area,office_area,13.35,41.60,low,night,weekday,clear,auto,no,0,0,direct,243.05
SCV20000216,college_area,commercial,5.55,30.50,medium,evening,weekday,clear,uber,yes,0,109,direct,356.68
SCV20000217,commercial,shopping_area,3.06,10.70,low,night,weekday,clear,ola,no,0,121,direct,147.24
SCV20000218,airport,commercial,29.75,106.30,low,night,weekend,clear,bus,no,1,1246,multimodal,46.93
SCV20000219,residential,metro_station,4.76,21.70,medium,afternoon,weekday,cloudy,uber,no,0,89,direct,280.87
SCV20000220,metro_station,office_area,5.97,28.40,low,afternoon,weekday,clear,metro,no,0,173,direct,17.88
SCV20000221,residential,office_area,11.89,96.90,high,morning,weekday,rainy,bus,yes,1,1312,multimodal,44.84
SCV20000222,metro_station,commercial,4.35,73.70,high,evening,weekday,clear,bus,yes,1,1463,multimodal,36.19
SCV20000223,commercial,residential,5.73,46.90,medium,morning,weekday,cloudy,auto,yes,1,554,multimodal,263.53
SCV20000224,metro_station,shopping_area,3.61,20.10,low,night,weekday,cloudy,metro,no,0,196,direct,10.00
SCV20000225,residential,metro_station,7.64,26.00,low,afternoon,weekday,clear,auto,no,0,178,direct,149.06
SCV20000226,commercial,office_area,9.78,44.20,medium,afternoon,weekday,clear,rapido,no,0,170,direct,144.46
SCV20000227,metro_station,commercial,2.78,28.10,high,morning,weekday,clear,uber,yes,0,120,direct,310.16
SCV20000228,college_area,office_area,14.90,41.10,low,night,weekend,cloudy,ola,yes,1,184,direct,480.61
SCV20000229,commercial,residential,8.52,30.90,low,afternoon,weekday,clear,ola,no,0,104,direct,277.65
SCV20000230,residential,commercial,14.08,50.40,medium,afternoon,weekday,clear,rapido,yes,1,46,direct,184.76
SCV20000231,residential,commercial,8.63,67.20,high,evening,weekday,clear,ola,yes,0,0,direct,610.09
SCV20000232,residential,office_area,7.56,31.50,low,afternoon,weekday,clear,rapido,no,0,130,direct,107.86
SCV20000233,airport,residential,33.80,150.00,high,evening,weekday,clear,ola,yes,0,163,direct,1500.00
SCV20000234,residential,shopping_area,11.82,30.50,low,night,weekday,cloudy,ola,no,0,116,direct,344.14
SCV20000235,residential,metro_station,4.66,28.20,medium,morning,weekday,cloudy,uber,no,0,129,direct,300.60
SCV20000236,residential,metro_station,5.35,29.80,medium,evening,weekday,clear,ola,yes,0,121,direct,263.67
SCV20000237,residential,metro_station,5.45,59.60,high,evening,weekday,rainy,rapido,yes,0,106,direct,187.85
SCV20000238,college_area,metro_station,6.05,60.60,medium,morning,weekday,clear,bus,yes,2,1273,multimodal,34.55
SCV20000239,metro_station,commercial,6.90,33.20,medium,morning,weekday,clear,rapido,yes,0,51,direct,113.72
SCV20000240,metro_station,shopping_area,1.55,12.80,medium,evening,weekday,clear,ola,yes,0,148,direct,154.78
SCV20000241,commercial,residential,9.92,30.10,low,afternoon,weekday,clear,uber,no,1,56,direct,416.78
SCV20000242,airport,residential,20.02,128.20,medium,evening,weekend,rainy,ola,no,1,884,multimodal,1019.20
SCV20000243,residential,metro_station,3.54,27.40,medium,morning,weekday,clear,uber,yes,0,46,direct,302.54
SCV20000244,metro_station,residential,4.00,13.40,low,night,weekday,cloudy,rapido,no,0,72,direct,61.68
SCV20000245,airport,office_area,27.36,95.80,medium,morning,weekend,clear,auto,no,0,170,direct,568.83
SCV20000246,residential,office_area,5.76,23.70,medium,morning,weekday,clear,auto,yes,0,5,direct,150.17
SCV20000247,college_area,metro_station,6.52,62.30,medium,evening,weekday,cloudy,bus,yes,1,875,multimodal,36.42
SCV20000248,residential,metro_station,6.95,58.00,medium,evening,weekend,clear,rapido,yes,1,290,multimodal,180.02
SCV20000249,commercial,residential,10.79,52.20,medium,afternoon,weekday,rainy,uber,no,0,77,direct,603.12
SCV20000250,metro_station,residential,7.28,22.10,low,afternoon,weekday,clear,uber,no,0,127,direct,310.63
SCV20000251,residential,office_area,16.27,68.20,medium,morning,weekday,clear,auto,yes,0,83,direct,400.43
SCV20000252,residential,office_area,11.73,74.30,low,afternoon,weekend,clear,bus,no,3,1779,multimodal,22.79
SCV20000253,metro_station,commercial,3.77,30.90,medium,evening,weekday,clear,auto,yes,0,0,direct,158.92
SCV20000254,residential,metro_station,4.58,70.50,medium,morning,weekday,clear,bus,yes,2,1746,multimodal,19.74
SCV20000255,commercial,residential,2.43,17.00,medium,morning,weekday,cloudy,auto,yes,0,121,direct,92.79
SCV20000256,residential,metro_station,5.54,34.60,medium,morning,weekday,rainy,uber,yes,0,176,direct,426.88
SCV20000257,airport,residential,37.43,150.00,medium,evening,weekday,clear,ola,yes,0,116,direct,1416.06
SCV20000258,college_area,metro_station,5.23,20.00,low,night,weekday,clear,ola,no,1,143,direct,208.09
SCV20000259,metro_station,office_area,4.84,18.90,low,night,weekday,clear,uber,no,0,103,direct,243.75
SCV20000260,college_area,office_area,10.42,46.90,low,afternoon,weekday,clear,ola,no,1,522,multimodal,400.39
SCV20000261,commercial,office_area,5.22,27.60,low,morning,weekend,clear,rapido,no,0,32,direct,104.15
SCV20000262,metro_station,residential,5.22,56.60,medium,afternoon,weekday,cloudy,bus,yes,1,1364,multimodal,12.46
SCV20000263,airport,office_area,20.73,104.20,high,morning,weekday,cloudy,auto,yes,0,70,direct,696.44
SCV20000264,college_area,metro_station,6.73,27.60,medium,morning,weekday,clear,rapido,yes,0,230,direct,135.23
SCV20000265,residential,commercial,12.23,31.20,low,night,weekend,cloudy,auto,no,0,88,direct,217.36
SCV20000266,airport,office_area,27.31,83.00,low,afternoon,weekday,cloudy,uber,no,0,0,direct,1060.20
SCV20000267,commercial,office_area,6.41,34.80,medium,morning,weekday,clear,ola,yes,0,133,direct,297.42
SCV20000268,residential,shopping_area,10.38,31.30,medium,afternoon,weekday,cloudy,ola,yes,0,192,direct,388.48
SCV20000269,airport,office_area,17.96,150.00,high,evening,weekday,cloudy,rapido,yes,2,1128,multimodal,542.75
SCV20000270,metro_station,residential,1.97,18.90,medium,evening,weekday,clear,auto,yes,0,115,direct,111.12
SCV20000271,airport,metro_station,28.07,63.50,low,night,weekend,clear,auto,no,0,31,direct,473.57
SCV20000272,commercial,residential,6.91,19.90,low,night,weekend,clear,rapido,no,0,99,direct,103.19
SCV20000273,airport,residential,29.02,150.00,high,evening,weekday,clear,uber,yes,0,21,direct,1500.00
SCV20000274,commercial,office_area,4.90,46.90,medium,evening,weekday,cloudy,auto,yes,1,1413,multimodal,215.38
SCV20000275,residential,commercial,14.04,42.90,low,afternoon,weekday,rainy,rapido,no,0,137,direct,177.61
SCV20000276,commercial,office_area,6.05,51.80,high,evening,weekday,cloudy,rapido,yes,0,47,direct,175.83
SCV20000277,airport,commercial,24.45,72.30,low,afternoon,weekend,cloudy,metro,no,0,277,direct,36.32
SCV20000278,college_area,residential,6.87,27.20,low,afternoon,weekday,cloudy,uber,no,0,102,direct,329.14
SCV20000279,residential,office_area,12.37,44.80,medium,afternoon,weekday,cloudy,rapido,yes,0,64,direct,191.25
SCV20000280,commercial,office_area,4.19,31.00,medium,evening,weekday,clear,auto,yes,0,63,direct,128.19
SCV20000281,metro_station,office_area,10.20,54.30,medium,evening,weekday,cloudy,auto,yes,0,82,direct,267.85
SCV20000282,college_area,commercial,5.51,30.40,medium,morning,weekday,clear,uber,yes,0,48,direct,358.88
SCV20000283,commercial,residential,9.82,30.30,low,afternoon,weekday,rainy,rapido,no,0,0,direct,139.44
SCV20000284,residential,metro_station,6.31,31.70,medium,afternoon,weekday,clear,bus,yes,0,294,direct,25.13
SCV20000285,airport,commercial,20.83,107.60,medium,evening,weekend,rainy,auto,no,0,143,direct,542.13
SCV20000286,metro_station,commercial,4.99,43.60,medium,morning,weekday,clear,rapido,yes,1,857,multimodal,124.55
SCV20000287,metro_station,shopping_area,4.42,16.50,low,night,weekday,clear,auto,no,0,157,direct,83.04
SCV20000288,residential,office_area,14.65,119.00,high,evening,weekday,cloudy,ola,yes,0,70,direct,997.51
SCV20000289,commercial,office_area,2.06,26.50,high,evening,weekday,clear,ola,yes,0,95,direct,242.67
SCV20000290,metro_station,commercial,5.95,37.10,medium,morning,weekday,clear,rapido,yes,0,74,direct,102.76
SCV20000291,commercial,office_area,7.13,38.70,medium,afternoon,weekday,rainy,ola,no,0,211,direct,346.66
SCV20000292,metro_station,residential,3.01,19.60,medium,morning,weekend,rainy,uber,no,0,96,direct,268.21
SCV20000293,residential,shopping_area,9.64,28.70,low,night,weekday,clear,rapido,no,0,27,direct,113.10
SCV20000294,metro_station,commercial,9.14,41.50,medium,morning,weekday,clear,ola,yes,0,208,direct,389.05
SCV20000295,commercial,metro_station,4.74,20.70,medium,evening,weekday,clear,metro,no,0,159,direct,24.74
SCV20000296,college_area,office_area,7.13,29.90,low,afternoon,weekday,cloudy,ola,no,0,55,direct,247.45
SCV20000297,airport,commercial,26.07,150.00,high,evening,weekday,cloudy,metro,yes,1,556,multimodal,53.72
SCV20000298,commercial,shopping_area,9.08,47.40,medium,evening,weekday,cloudy,uber,yes,0,22,direct,548.06
SCV20000299,residential,commercial,6.95,32.60,medium,morning,weekday,clear,uber,yes,1,17,direct,392.24
SCV20000300,college_area,residential,3.30,21.50,medium,afternoon,weekday,cloudy,ola,yes,0,86,direct,200.38
SCV20000301,metro_station,office_area,7.49,43.50,medium,afternoon,weekday,rainy,bus,no,0,163,direct,25.75
SCV20000302,residential,shopping_area,4.62,22.00,medium,morning,weekday,clear,uber,yes,0,40,direct,315.20
SCV20000303,commercial,residential,8.24,35.50,medium,morning,weekday,clear,ola,yes,0,76,direct,366.37
SCV20000304,commercial,metro_station,3.17,23.10,medium,morning,weekday,clear,auto,yes,0,124,direct,112.27
SCV20000305,residential,commercial,9.50,68.20,medium,morning,weekday,cloudy,bus,yes,1,1142,multimodal,48.52
SCV20000306,airport,commercial,25.66,70.80,low,night,weekend,rainy,metro,no,0,110,direct,32.18
SCV20000307,residential,commercial,10.83,116.90,high,evening,weekday,clear,bus,yes,1,961,multimodal,24.84
SCV20000308,metro_station,commercial,6.11,50.40,medium,morning,weekday,clear,rapido,yes,1,1062,multimodal,153.02
SCV20000309,residential,office_area,12.82,63.20,medium,evening,weekday,clear,uber,yes,0,61,direct,703.01
SCV20000310,commercial,office_area,7.99,50.00,medium,evening,weekend,clear,uber,yes,0,145,direct,538.51
SCV20000311,airport,commercial,30.53,77.80,low,night,weekday,cloudy,ola,no,0,135,direct,896.49
SCV20000312,airport,office_area,29.92,150.00,high,evening,weekday,clear,rapido,yes,0,9,direct,625.98
SCV20000313,commercial,shopping_area,6.00,41.40,low,night,weekday,clear,bus,no,1,711,multimodal,16.74
SCV20000314,college_area,metro_station,7.71,36.90,medium,morning,weekday,cloudy,auto,yes,0,230,direct,220.11
SCV20000315,metro_station,office_area,7.10,63.60,medium,evening,weekend,clear,metro,no,1,775,multimodal,43.34
SCV20000316,commercial,office_area,5.98,45.00,medium,afternoon,weekday,clear,auto,no,1,1036,multimodal,161.58
SCV20000317,college_area,residential,3.48,22.90,medium,morning,weekday,clear,auto,yes,1,171,direct,128.77
SCV20000318,airport,office_area,18.11,69.60,medium,afternoon,weekday,rainy,uber,no,0,200,direct,959.41
SCV20000319,airport,metro_station,28.40,98.70,medium,afternoon,weekday,clear,uber,yes,0,66,direct,1381.82
SCV20000320,commercial,shopping_area,5.61,23.80,medium,morning,weekend,clear,uber,yes,0,46,direct,351.72
SCV20000321,airport,metro_station,21.21,125.20,medium,evening,weekend,clear,auto,no,1,810,multimodal,528.93
SCV20000322,airport,office_area,28.96,105.50,low,afternoon,weekday,clear,bus,no,1,823,multimodal,32.60
SCV20000323,metro_station,office_area,5.39,21.90,low,morning,weekend,clear,uber,no,0,154,direct,286.97
SCV20000324,commercial,office_area,5.95,37.60,medium,evening,weekend,clear,auto,no,0,118,direct,153.08
SCV20000325,metro_station,residential,2.24,34.70,high,evening,weekday,rainy,rapido,yes,0,32,direct,111.13
SCV20000326,residential,shopping_area,9.73,47.00,medium,morning,weekday,clear,auto,yes,0,52,direct,255.63
SCV20000327,residential,metro_station,5.47,36.90,medium,evening,weekday,clear,uber,yes,0,110,direct,408.97
SCV20000328,residential,commercial,6.06,22.70,low,afternoon,weekend,clear,uber,no,0,135,direct,296.54
SCV20000329,residential,commercial,11.61,35.70,low,night,weekday,cloudy,auto,no,0,12,direct,205.89
SCV20000330,commercial,residential,7.23,81.20,medium,evening,weekday,clear,auto,yes,3,1777,multimodal,285.01
SCV20000331,airport,residential,28.44,116.20,low,morning,weekend,clear,uber,no,2,1603,multimodal,1218.62
SCV20000332,residential,metro_station,9.04,77.70,medium,morning,weekday,cloudy,metro,yes,2,1667,multimodal,22.86
SCV20000333,airport,metro_station,29.86,108.00,low,afternoon,weekend,cloudy,bus,no,1,914,multimodal,41.56
SCV20000334,metro_station,commercial,4.75,29.60,low,morning,weekday,clear,ola,no,0,0,direct,207.37
SCV20000335,metro_station,residential,8.54,35.20,medium,afternoon,weekday,cloudy,uber,yes,0,0,direct,497.50
SCV20000336,commercial,shopping_area,9.79,69.10,medium,morning,weekday,cloudy,bus,yes,1,1196,multimodal,16.56
SCV20000337,college_area,residential,4.66,29.30,medium,evening,weekday,clear,uber,yes,0,62,direct,354.00
SCV20000338,residential,metro_station,5.96,49.80,high,evening,weekday,cloudy,uber,yes,0,48,direct,581.25
SCV20000339,commercial,office_area,11.43,31.00,low,night,weekend,clear,ola,yes,0,70,direct,397.71
SCV20000340,metro_station,residential,6.46,68.30,high,evening,weekday,cloudy,rapido,yes,0,86,direct,193.80
SCV20000341,commercial,shopping_area,9.55,35.80,medium,afternoon,weekday,clear,uber,yes,0,40,direct,534.25
SCV20000342,metro_station,commercial,2.44,32.10,high,evening,weekday,clear,bus,yes,0,180,direct,23.68
SCV20000343,commercial,office_area,8.41,31.60,medium,afternoon,weekday,clear,metro,yes,0,43,direct,27.04
SCV20000344,residential,metro_station,3.95,43.40,medium,morning,weekend,rainy,metro,yes,1,872,multimodal,10.00
SCV20000345,residential,shopping_area,4.07,41.80,high,evening,weekday,clear,rapido,yes,0,68,direct,130.16
SCV20000346,commercial,shopping_area,5.30,27.00,medium,evening,weekday,clear,auto,yes,0,74,direct,152.40
SCV20000347,residential,metro_station,2.21,35.40,high,evening,weekday,clear,rapido,yes,0,145,direct,104.32
SCV20000348,commercial,residential,5.56,20.10,low,night,weekend,clear,auto,no,0,0,direct,149.08
SCV20000349,metro_station,shopping_area,9.37,42.80,medium,morning,weekday,clear,rapido,yes,1,63,direct,167.59
SCV20000350,residential,commercial,13.30,66.30,medium,afternoon,weekday,clear,ola,yes,1,1374,multimodal,581.88
SCV20000351,residential,commercial,3.76,30.60,medium,evening,weekday,cloudy,rapido,yes,0,116,direct,89.85
SCV20000352,commercial,residential,4.02,23.40,medium,morning,weekday,clear,bus,yes,0,192,direct,18.39
SCV20000353,residential,metro_station,4.44,43.70,high,morning,weekday,cloudy,rapido,yes,0,31,direct,130.10
SCV20000354,metro_station,office_area,10.86,62.80,medium,evening,weekday,cloudy,rapido,yes,0,199,direct,210.80
SCV20000355,commercial,metro_station,6.38,58.20,medium,evening,weekday,clear,auto,yes,1,1270,multimodal,235.78
SCV20000356,residential,shopping_area,5.84,17.40,low,morning,weekend,clear,uber,no,0,97,direct,291.95
SCV20000357,college_area,residential,2.64,74.90,medium,morning,weekday,clear,metro,yes,3,1646,multimodal,28.14
SCV20000358,airport,office_area,23.07,150.00,high,evening,weekday,rainy,ola,yes,0,66,direct,1500.00
SCV20000359,metro_station,commercial,6.85,43.50,medium,morning,weekday,clear,auto,yes,0,13,direct,203.49
SCV20000360,residential,metro_station,3.90,26.50,medium,morning,weekday,cloudy,ola,yes,0,123,direct,222.02
SCV20000361,metro_station,residential,7.15,20.40,low,afternoon,weekday,clear,rapido,no,0,106,direct,105.36
SCV20000362,college_area,metro_station,7.39,37.30,medium,morning,weekday,cloudy,rapido,yes,1,144,direct,128.52
SCV20000363,airport,residential,18.47,112.70,medium,evening,weekday,clear,bus,no,1,1209,multimodal,40.40
SCV20000364,residential,office_area,9.08,70.80,medium,evening,weekday,clear,rapido,yes,2,1427,multimodal,224.83
SCV20000365,airport,residential,23.04,73.00,low,night,weekend,cloudy,ola,no,1,661,multimodal,802.89
SCV20000366,residential,metro_station,5.94,73.70,high,evening,weekday,clear,metro,yes,1,1369,multimodal,21.83
SCV20000367,commercial,metro_station,4.38,68.60,medium,evening,weekday,clear,bus,yes,2,1588,multimodal,35.64
SCV20000368,college_area,residential,5.49,44.80,high,morning,weekday,rainy,ola,yes,0,73,direct,445.14
SCV20000369,airport,residential,24.46,72.10,low,afternoon,weekend,clear,metro,no,0,227,direct,31.28
SCV20000370,residential,commercial,11.70,98.80,high,evening,weekday,clear,rapido,yes,1,464,multimodal,317.55
SCV20000371,airport,metro_station,23.86,124.20,high,morning,weekday,cloudy,rapido,yes,0,140,direct,545.78
SCV20000372,college_area,commercial,6.77,44.50,medium,afternoon,weekday,clear,uber,yes,0,117,direct,475.91
SCV20000373,metro_station,residential,4.56,29.40,medium,evening,weekday,clear,bus,yes,0,156,direct,21.70
SCV20000374,commercial,shopping_area,6.19,22.40,medium,morning,weekday,cloudy,rapido,yes,0,210,direct,98.33
SCV20000375,residential,commercial,11.60,45.20,medium,morning,weekday,clear,auto,yes,0,2,direct,289.34
SCV20000376,residential,shopping_area,7.93,52.00,medium,evening,weekday,clear,bus,yes,0,149,direct,31.03
SCV20000377,residential,office_area,10.12,51.00,medium,morning,weekday,clear,rapido,yes,0,50,direct,172.60
SCV20000378,residential,metro_station,9.40,43.40,medium,morning,weekday,clear,metro,yes,0,219,direct,30.43
SCV20000379,airport,residential,31.64,99.40,medium,afternoon,weekday,cloudy,metro,yes,0,393,direct,62.10
SCV20000380,residential,metro_station,6.97,53.10,medium,morning,weekday,clear,rapido,no,1,524,multimodal,125.18
SCV20000381,metro_station,commercial,3.46,18.60,low,night,weekend,cloudy,auto,no,0,79,direct,95.05
SCV20000382,metro_station,shopping_area,5.35,19.70,low,afternoon,weekend,clear,auto,no,0,177,direct,139.73
SCV20000383,residential,metro_station,3.07,34.20,high,morning,weekday,clear,uber,yes,0,172,direct,406.49
SCV20000384,residential,office_area,15.58,96.50,medium,morning,weekday,cloudy,bus,yes,2,2001,multimodal,24.43
SCV20000385,metro_station,commercial,6.06,58.30,high,evening,weekday,clear,uber,yes,0,80,direct,643.86
SCV20000386,airport,residential,33.76,150.00,high,evening,weekday,cloudy,bus,yes,0,248,direct,88.31
SCV20000387,residential,office_area,16.07,85.70,medium,evening,weekend,cloudy,rapido,yes,0,148,direct,290.16
SCV20000388,commercial,shopping_area,9.96,71.30,high,evening,weekday,clear,ola,yes,0,14,direct,643.93
SCV20000389,college_area,office_area,8.22,41.40,medium,evening,weekday,cloudy,rapido,yes,0,77,direct,136.46
SCV20000390,commercial,office_area,10.22,54.60,medium,afternoon,weekday,rainy,bus,no,1,1088,multimodal,17.28
SCV20000391,metro_station,residential,2.48,20.60,medium,morning,weekday,cloudy,auto,no,0,87,direct,117.21
SCV20000392,metro_station,office_area,6.84,31.20,medium,afternoon,weekday,cloudy,rapido,yes,0,4,direct,116.07
SCV20000393,metro_station,shopping_area,7.18,41.70,medium,morning,weekday,cloudy,ola,yes,0,19,direct,361.56
SCV20000394,college_area,commercial,10.72,37.40,low,afternoon,weekday,cloudy,rapido,no,0,96,direct,131.04
SCV20000395,commercial,office_area,7.33,68.30,high,evening,weekday,clear,rapido,yes,1,19,direct,238.43
SCV20000396,commercial,shopping_area,10.07,27.90,low,afternoon,weekend,clear,uber,yes,0,115,direct,438.92
SCV20000397,residential,metro_station,3.18,8.70,low,night,weekend,clear,uber,no,0,134,direct,188.58
SCV20000398,residential,commercial,9.71,82.50,high,evening,weekday,clear,rapido,yes,0,5,direct,287.38
SCV20000399,residential,office_area,11.38,101.40,high,evening,weekday,rainy,ola,yes,0,175,direct,843.21
SCV20000400,metro_station,commercial,7.88,111.20,high,evening,weekday,clear,auto,yes,3,949,multimodal,444.80
SCV20000401,metro_station,office_area,4.30,31.60,medium,evening,weekday,clear,rapido,yes,0,114,direct,114.34
SCV20000402,metro_station,shopping_area,5.87,37.20,medium,evening,weekend,clear,auto,yes,0,209,direct,200.42
SCV20000403,airport,residential,29.12,150.00,high,evening,weekday,cloudy,metro,yes,0,83,direct,68.56
SCV20000404,metro_station,residential,4.96,38.40,medium,evening,weekday,clear,rapido,yes,0,121,direct,116.18
SCV20000405,commercial,office_area,3.95,77.70,medium,evening,weekday,clear,auto,yes,3,1275,multimodal,254.17
SCV20000406,college_area,residential,2.88,47.40,medium,evening,weekday,clear,bus,yes,1,1532,multimodal,27.57
SCV20000407,airport,office_area,28.33,130.60,medium,morning,weekday,clear,auto,yes,1,786,multimodal,703.25
SCV20000408,airport,residential,26.45,115.90,medium,morning,weekday,clear,bus,no,1,956,multimodal,27.61
SCV20000409,metro_station,commercial,6.37,38.20,medium,morning,weekday,clear,uber,yes,1,2,direct,430.70
SCV20000410,commercial,shopping_area,4.16,17.10,low,night,weekday,cloudy,metro,no,0,314,direct,31.82
SCV20000411,college_area,metro_station,3.77,43.30,medium,afternoon,weekday,clear,bus,yes,1,608,multimodal,24.89
SCV20000412,metro_station,office_area,5.80,30.50,low,afternoon,weekend,cloudy,auto,no,0,156,direct,149.10
SCV20000413,college_area,office_area,5.84,28.90,medium,morning,weekday,clear,ola,yes,0,188,direct,280.61
SCV20000414,college_area,office_area,16.50,149.10,high,evening,weekday,clear,auto,yes,2,1467,multimodal,629.66
SCV20000415,college_area,commercial,8.64,67.80,medium,morning,weekday,clear,bus,yes,2,1159,multimodal,29.73
SCV20000416,commercial,residential,6.69,28.40,low,afternoon,weekday,clear,ola,no,0,173,direct,253.08
SCV20000417,metro_station,shopping_area,2.39,14.30,low,night,weekday,clear,ola,no,0,185,direct,130.92
SCV20000418,residential,office_area,6.82,34.60,medium,morning,weekday,clear,auto,yes,0,128,direct,203.40
SCV20000419,residential,metro_station,7.31,74.90,high,evening,weekday,clear,ola,yes,0,69,direct,565.06
SCV20000420,college_area,commercial,6.81,47.20,medium,evening,weekday,clear,rapido,yes,0,158,direct,136.32
SCV20000421,metro_station,residential,1.75,18.90,medium,evening,weekday,clear,ola,yes,0,6,direct,182.15
SCV20000422,metro_station,shopping_area,6.29,24.10,low,night,weekday,rainy,uber,no,0,155,direct,316.33
SCV20000423,residential,commercial,7.63,98.90,high,evening,weekday,rainy,bus,yes,2,1396,multimodal,44.16
SCV20000424,airport,metro_station,21.21,81.30,medium,morning,weekday,clear,ola,no,1,111,direct,754.76
SCV20000425,metro_station,office_area,5.13,20.90,low,afternoon,weekday,clear,bus,no,0,274,direct,10.00
SCV20000426,residential,office_area,8.45,32.40,low,afternoon,weekday,clear,metro,no,0,181,direct,16.00
SCV20000427,college_area,commercial,4.30,79.10,medium,evening,weekday,clear,metro,yes,3,2228,multimodal,33.48
SCV20000428,residential,commercial,12.01,50.60,medium,morning,weekday,clear,uber,yes,0,32,direct,632.29
SCV20000429,residential,office_area,12.22,78.50,medium,morning,weekday,cloudy,bus,yes,2,1967,multimodal,23.97
SCV20000430,residential,metro_station,2.56,50.20,medium,evening,weekday,cloudy,ola,yes,1,1270,multimodal,309.51
SCV20000431,residential,metro_station,4.27,30.90,high,morning,weekday,clear,rapido,yes,0,125,direct,149.27
SCV20000432,commercial,shopping_area,7.63,27.60,low,night,weekend,clear,uber,no,0,48,direct,344.10
SCV20000433,commercial,shopping_area,4.75,17.00,low,afternoon,weekend,rainy,ola,no,0,77,direct,206.63
SCV20000434,college_area,residential,5.99,27.80,medium,morning,weekday,clear,rapido,yes,0,0,direct,126.21
SCV20000435,metro_station,residential,1.73,10.90,medium,afternoon,weekday,rainy,auto,no,0,186,direct,90.55
SCV20000436,commercial,residential,8.42,38.80,medium,afternoon,weekday,clear,uber,yes,0,88,direct,491.32
SCV20000437,metro_station,residential,3.83,26.60,medium,morning,weekday,clear,rapido,yes,0,123,direct,90.73
SCV20000438,airport,commercial,30.67,109.70,medium,afternoon,weekday,rainy,uber,yes,1,75,direct,1500.00
SCV20000439,residential,office_area,6.96,22.70,low,morning,weekend,cloudy,uber,no,1,0,direct,305.24
SCV20000440,metro_station,commercial,5.99,52.70,low,afternoon,weekday,clear,rapido,no,3,1309,multimodal,133.55
SCV20000441,metro_station,office_area,5.35,29.80,medium,morning,weekday,cloudy,ola,yes,0,149,direct,283.94
SCV20000442,residential,office_area,12.04,94.40,medium,evening,weekday,clear,bus,yes,1,634,multimodal,36.44
SCV20000443,commercial,office_area,8.37,33.50,medium,afternoon,weekday,clear,auto,yes,0,107,direct,227.24
SCV20000444,residential,metro_station,8.26,45.50,medium,evening,weekday,clear,auto,no,0,142,direct,211.09
SCV20000445,airport,office_area,23.40,104.40,medium,morning,weekend,cloudy,bus,no,1,844,multimodal,59.05
SCV20000446,residential,metro_station,4.56,27.30,medium,afternoon,weekday,clear,rapido,yes,0,110,direct,81.89
SCV20000447,metro_station,residential,7.04,69.90,high,morning,weekday,rainy,metro,yes,1,905,multimodal,27.67
SCV20000448,college_area,residential,8.28,28.70,low,afternoon,weekday,clear,uber,no,0,56,direct,341.86
SCV20000449,airport,residential,27.35,110.80,low,afternoon,weekend,clear,bus,no,1,978,multimodal,44.72
SCV20000450,residential,commercial,10.55,86.20,high,morning,weekday,rainy,bus,yes,1,613,multimodal,46.32
SCV20000451,residential,metro_station,3.58,19.70,medium,morning,weekday,rainy,rapido,yes,0,0,direct,79.41
SCV20000452,airport,metro_station,24.12,112.00,medium,evening,weekday,clear,uber,yes,0,146,direct,1331.52
SCV20000453,airport,office_area,16.44,51.60,low,night,weekday,clear,auto,no,0,0,direct,262.98
SCV20000454,college_area,office_area,6.57,29.20,medium,morning,weekday,clear,uber,yes,0,47,direct,400.38
SCV20000455,residential,metro_station,1.77,15.80,medium,evening,weekday,clear,bus,yes,0,133,direct,10.00
SCV20000456,residential,commercial,9.94,24.40,low,night,weekend,clear,auto,yes,0,141,direct,210.34
SCV20000457,airport,residential,24.75,129.80,medium,evening,weekday,clear,uber,yes,0,146,direct,1379.01
SCV20000458,college_area,metro_station,8.10,32.10,low,morning,weekend,clear,ola,no,0,174,direct,292.55
SCV20000459,metro_station,residential,4.51,34.50,low,afternoon,weekday,clear,ola,no,1,237,multimodal,209.85
SCV20000460,commercial,residential,12.10,69.60,high,morning,weekday,rainy,rapido,yes,0,0,direct,314.52
SCV20000461,residential,commercial,9.88,95.60,high,evening,weekday,cloudy,ola,yes,1,613,multimodal,725.95
SCV20000462,airport,metro_station,31.62,113.00,low,night,weekday,rainy,bus,no,2,1336,multimodal,55.18
SCV20000463,metro_station,residential,7.37,98.00,high,evening,weekday,cloudy,rapido,yes,3,1436,multimodal,277.39
SCV20000464,metro_station,commercial,6.44,17.70,low,afternoon,weekend,clear,ola,no,1,13,direct,206.92
SCV20000465,college_area,office_area,8.28,58.70,medium,evening,weekday,clear,ola,yes,1,159,direct,416.28
SCV20000466,college_area,residential,10.18,74.60,medium,evening,weekend,clear,metro,yes,1,1397,multimodal,31.64
SCV20000467,metro_station,residential,8.36,42.50,medium,evening,weekend,clear,ola,yes,0,1,direct,396.14
SCV20000468,residential,metro_station,7.43,35.70,medium,morning,weekday,clear,uber,no,0,53,direct,381.08
SCV20000469,college_area,residential,6.69,60.10,medium,evening,weekday,clear,uber,yes,2,1435,multimodal,510.10
SCV20000470,metro_station,residential,4.44,24.00,low,afternoon,weekend,clear,uber,no,0,105,direct,265.39
SCV20000471,residential,office_area,11.15,62.90,medium,morning,weekday,clear,auto,yes,1,647,multimodal,309.11
SCV20000472,airport,office_area,20.43,93.10,low,afternoon,weekday,clear,rapido,no,2,1288,multimodal,288.33
SCV20000473,metro_station,residential,5.99,26.20,medium,afternoon,weekday,clear,bus,yes,0,179,direct,17.64
SCV20000474,metro_station,office_area,5.95,30.40,low,night,weekend,clear,ola,no,1,424,multimodal,253.79
SCV20000475,metro_station,commercial,8.14,74.40,medium,evening,weekend,clear,bus,yes,1,877,multimodal,26.48
SCV20000476,airport,metro_station,24.68,67.10,low,night,weekday,clear,rapido,no,1,797,multimodal,310.60
SCV20000477,residential,office_area,7.64,55.70,high,morning,weekday,cloudy,uber,yes,0,27,direct,723.87
SCV20000478,airport,commercial,20.65,118.00,medium,evening,weekday,clear,auto,no,0,122,direct,516.92
SCV20000479,commercial,residential,8.10,47.20,high,afternoon,weekday,rainy,uber,yes,0,7,direct,697.03
SCV20000480,residential,metro_station,7.78,40.70,medium,evening,weekday,cloudy,auto,yes,0,54,direct,232.03
SCV20000481,commercial,office_area,7.62,33.40,medium,morning,weekday,rainy,uber,yes,0,136,direct,473.26
SCV20000482,metro_station,shopping_area,6.52,53.10,medium,evening,weekday,clear,ola,yes,1,867,multimodal,392.83
SCV20000483,residential,metro_station,7.84,61.20,high,morning,weekday,rainy,auto,yes,0,15,direct,315.85
SCV20000484,metro_station,residential,4.37,10.90,low,afternoon,weekday,cloudy,ola,no,0,98,direct,176.68
SCV20000485,metro_station,commercial,5.35,17.60,low,afternoon,weekday,clear,rapido,no,0,94,direct,82.95
SCV20000486,college_area,metro_station,5.37,66.50,high,evening,weekday,rainy,metro,yes,1,739,multimodal,19.97
SCV20000487,airport,metro_station,13.01,46.20,low,afternoon,weekend,rainy,rapido,no,0,99,direct,196.65
SCV20000488,residential,metro_station,5.79,62.10,medium,afternoon,weekday,rainy,auto,yes,2,1180,multimodal,278.78
SCV20000489,metro_station,office_area,5.75,53.10,high,evening,weekday,cloudy,bus,yes,0,277,direct,26.08
SCV20000490,residential,shopping_area,12.61,117.60,medium,evening,weekday,clear,bus,yes,3,2054,multimodal,57.33
SCV20000491,residential,metro_station,6.20,69.70,high,morning,weekday,cloudy,bus,yes,1,610,multimodal,32.67
SCV20000492,airport,commercial,17.61,89.90,medium,evening,weekday,clear,rapido,no,0,125,direct,262.15
SCV20000493,residential,metro_station,2.91,54.20,high,morning,weekday,rainy,metro,yes,1,1569,multimodal,13.91
SCV20000494,college_area,commercial,6.99,55.30,low,afternoon,weekday,cloudy,metro,yes,1,1003,multimodal,24.80
SCV20000495,commercial,residential,8.10,66.20,medium,afternoon,weekday,cloudy,bus,yes,1,1355,multimodal,39.84
SCV20000496,commercial,shopping_area,2.56,24.60,medium,evening,weekday,clear,auto,yes,0,16,direct,102.37
SCV20000497,residential,metro_station,4.60,63.80,medium,morning,weekday,cloudy,bus,yes,3,1879,multimodal,39.41
SCV20000498,commercial,shopping_area,6.09,31.50,medium,morning,weekday,clear,uber,yes,0,103,direct,398.81
SCV20000499,metro_station,shopping_area,5.06,24.30,medium,afternoon,weekday,rainy,ola,no,0,148,direct,266.77
SCV20000500,airport,commercial,22.19,112.40,medium,evening,weekday,clear,rapido,no,1,14,direct,340.17
SCV20000501,metro_station,shopping_area,4.51,16.30,low,night,weekend,clear,rapido,no,0,153,direct,70.51
SCV20000502,residential,metro_station,5.05,38.80,high,morning,weekday,clear,uber,yes,0,87,direct,488.05
SCV20000503,metro_station,shopping_area,5.87,32.60,medium,morning,weekday,clear,uber,yes,0,85,direct,366.51
SCV20000504,commercial,residential,7.21,33.30,medium,afternoon,weekday,cloudy,rapido,yes,0,96,direct,152.82
SCV20000505,commercial,residential,11.12,58.50,medium,evening,weekend,cloudy,bus,no,0,314,direct,30.69
SCV20000506,residential,shopping_area,5.11,53.20,high,evening,weekday,rainy,ola,yes,1,92,direct,428.63
SCV20000507,metro_station,commercial,4.34,50.90,high,evening,weekday,clear,metro,yes,0,249,direct,10.00
SCV20000508,metro_station,commercial,5.40,29.60,medium,morning,weekday,clear,ola,yes,0,134,direct,268.69
SCV20000509,airport,metro_station,22.93,98.00,low,night,weekend,cloudy,auto,no,2,1258,multimodal,493.39
SCV20000510,metro_station,residential,5.63,32.30,medium,morning,weekday,cloudy,rapido,yes,0,98,direct,115.22
SCV20000511,metro_station,commercial,5.02,76.40,medium,morning,weekday,clear,metro,yes,3,1326,multimodal,21.80
SCV20000512,commercial,metro_station,4.22,47.60,high,evening,weekday,clear,rapido,yes,0,130,direct,149.26
SCV20000513,residential,metro_station,3.89,21.30,medium,morning,weekday,cloudy,rapido,yes,0,6,direct,70.04
SCV20000514,airport,residential,23.47,83.10,low,afternoon,weekend,clear,auto,no,1,1158,multimodal,463.96
SCV20000515,college_area,residential,10.45,42.60,low,afternoon,weekday,clear,auto,no,0,0,direct,223.76
SCV20000516,airport,metro_station,26.69,74.90,low,night,weekday,clear,uber,no,0,32,direct,1013.65
SCV20000517,commercial,shopping_area,6.55,19.40,low,afternoon,weekday,cloudy,metro,no,0,293,direct,12.38
SCV20000518,airport,residential,16.11,124.90,high,evening,weekday,clear,bus,yes,0,164,direct,44.97
SCV20000519,college_area,residential,5.58,39.00,medium,afternoon,weekday,rainy,metro,yes,0,302,direct,10.00
SCV20000520,commercial,shopping_area,5.64,30.20,medium,morning,weekday,clear,uber,yes,0,73,direct,359.58
SCV20000521,metro_station,shopping_area,8.86,42.20,low,night,weekend,clear,auto,no,1,580,multimodal,203.28
SCV20000522,airport,residential,24.81,130.80,high,morning,weekday,clear,ola,yes,0,93,direct,1362.67
SCV20000523,college_area,commercial,8.30,41.90,low,night,weekday,clear,metro,no,1,693,multimodal,21.10
SCV20000524,college_area,residential,4.03,18.50,medium,morning,weekday,clear,auto,yes,0,77,direct,118.94
SCV20000525,metro_station,office_area,6.68,33.00,medium,morning,weekday,clear,uber,yes,1,50,direct,426.92
SCV20000526,residential,metro_station,4.84,24.20,low,night,weekday,clear,auto,no,0,96,direct,111.45
SCV20000527,college_area,office_area,5.35,23.60,low,afternoon,weekend,clear,bus,no,0,276,direct,13.07
SCV20000528,residential,metro_station,4.92,39.30,high,evening,weekday,clear,metro,yes,0,217,direct,42.60
SCV20000529,commercial,shopping_area,5.86,11.50,low,afternoon,weekday,rainy,uber,no,0,0,direct,263.16
SCV20000530,airport,residential,39.19,139.00,low,night,weekday,clear,bus,no,3,1878,multimodal,66.06
SCV20000531,residential,metro_station,4.46,24.90,medium,afternoon,weekday,clear,uber,no,0,170,direct,273.61
SCV20000532,commercial,residential,5.63,44.10,medium,evening,weekday,rainy,uber,no,1,0,direct,434.32
SCV20000533,college_area,commercial,6.26,26.10,medium,afternoon,weekday,rainy,uber,yes,0,116,direct,496.64
SCV20000534,commercial,shopping_area,7.99,26.50,low,afternoon,weekend,clear,rapido,no,0,54,direct,131.63
SCV20000535,metro_station,shopping_area,3.97,69.30,medium,afternoon,weekday,rainy,ola,no,3,2156,multimodal,393.55
SCV20000536,airport,office_area,16.05,90.50,high,morning,weekday,rainy,uber,yes,0,55,direct,1304.95
SCV20000537,residential,commercial,12.71,91.00,medium,evening,weekday,clear,auto,yes,2,1439,multimodal,380.22
SCV20000538,commercial,office_area,7.17,34.80,medium,morning,weekday,clear,uber,yes,1,554,multimodal,463.08
SCV20000539,commercial,metro_station,5.83,35.30,medium,morning,weekday,clear,rapido,yes,0,57,direct,136.48
SCV20000540,college_area,residential,6.92,53.90,medium,evening,weekend,clear,auto,yes,1,908,multimodal,248.49
SCV20000541,residential,commercial,5.74,47.20,high,morning,weekday,rainy,metro,yes,0,229,direct,33.03
SCV20000542,residential,shopping_area,9.34,35.50,low,evening,weekend,clear,rapido,no,0,38,direct,122.40
SCV20000543,metro_station,shopping_area,4.44,39.90,high,evening,weekday,cloudy,ola,yes,1,20,direct,391.34
SCV20000544,residential,office_area,14.03,102.60,high,evening,weekday,clear,uber,yes,0,210,direct,1162.00
SCV20000545,metro_station,residential,4.88,26.00,medium,evening,weekend,clear,rapido,no,0,203,direct,101.05
SCV20000546,metro_station,residential,3.71,57.70,high,evening,weekday,rainy,uber,yes,0,162,direct,572.70
SCV20000547,residential,office_area,16.76,86.80,medium,evening,weekend,cloudy,ola,yes,0,0,direct,731.35
SCV20000548,airport,metro_station,14.92,81.10,low,night,weekend,clear,auto,no,3,1499,multimodal,370.67
SCV20000549,metro_station,residential,3.17,33.80,high,evening,weekday,clear,auto,yes,1,78,direct,154.73
SCV20000550,commercial,shopping_area,6.67,34.40,medium,morning,weekday,cloudy,rapido,yes,1,50,direct,114.20
SCV20000551,residential,commercial,10.51,67.90,medium,evening,weekday,clear,metro,yes,1,1138,multimodal,28.87
SCV20000552,metro_station,office_area,8.52,71.20,high,evening,weekday,cloudy,uber,yes,0,93,direct,786.62
SCV20000553,residential,metro_station,7.01,64.70,high,evening,weekday,clear,uber,yes,0,129,direct,669.95
SCV20000554,metro_station,commercial,3.58,23.50,medium,morning,weekday,cloudy,ola,yes,0,100,direct,232.43
SCV20000555,commercial,residential,10.18,63.60,medium,morning,weekday,clear,bus,yes,1,945,multimodal,26.17
SCV20000556,college_area,commercial,8.07,60.60,low,afternoon,weekday,clear,rapido,no,2,1114,multimodal,137.76
SCV20000557,residential,metro_station,4.81,34.10,medium,morning,weekday,cloudy,bus,yes,0,121,direct,10.00
SCV20000558,college_area,residential,6.86,43.00,low,night,weekend,clear,metro,no,1,1583,multimodal,13.93
SCV20000559,residential,office_area,6.22,44.60,medium,morning,weekday,clear,metro,yes,1,1290,multimodal,14.83
SCV20000560,residential,commercial,10.20,68.60,low,evening,weekend,cloudy,metro,no,1,1019,multimodal,10.67
SCV20000561,college_area,commercial,4.98,15.50,low,night,weekday,clear,uber,no,0,182,direct,248.05
SCV20000562,commercial,residential,5.29,24.30,medium,evening,weekend,cloudy,rapido,no,1,96,direct,90.20
SCV20000563,metro_station,residential,4.83,16.60,low,morning,weekend,cloudy,uber,no,0,47,direct,236.87
SCV20000564,metro_station,residential,5.75,58.40,medium,evening,weekday,cloudy,ola,yes,1,915,multimodal,383.03
SCV20000565,residential,commercial,7.72,64.50,high,evening,weekday,clear,uber,yes,0,177,direct,687.04
SCV20000566,commercial,metro_station,1.37,32.90,medium,evening,weekday,clear,auto,no,1,1021,multimodal,94.05
SCV20000567,airport,residential,33.86,150.00,high,evening,weekday,clear,ola,yes,0,5,direct,1500.00
SCV20000568,metro_station,office_area,7.61,40.00,medium,morning,weekday,clear,rapido,yes,0,96,direct,156.86
SCV20000569,commercial,shopping_area,7.67,23.20,low,night,weekday,clear,rapido,no,0,51,direct,86.18
SCV20000570,college_area,metro_station,4.73,51.80,medium,morning,weekday,clear,ola,yes,2,1272,multimodal,356.24
SCV20000571,metro_station,residential,6.34,90.10,high,evening,weekday,rainy,bus,yes,1,1353,multimodal,28.65
SCV20000572,commercial,office_area,6.91,49.20,high,morning,weekday,rainy,rapido,yes,0,229,direct,171.69
SCV20000573,metro_station,office_area,7.66,31.80,low,afternoon,weekend,clear,uber,no,0,0,direct,375.60
SCV20000574,residential,shopping_area,8.70,30.80,low,night,weekday,cloudy,rapido,no,0,75,direct,100.01
SCV20000575,airport,office_area,16.58,128.20,high,evening,weekday,clear,uber,yes,1,12,direct,1459.79
SCV20000576,commercial,office_area,5.46,41.20,high,evening,weekday,rainy,metro,yes,0,277,direct,25.17
SCV20000577,residential,metro_station,3.31,41.80,high,evening,weekday,clear,ola,yes,0,16,direct,336.34
SCV20000578,airport,commercial,21.51,67.20,low,afternoon,weekend,cloudy,rapido,no,1,0,direct,279.34
SCV20000579,metro_station,residential,4.29,45.70,low,night,weekday,rainy,metro,no,1,547,multimodal,20.59
SCV20000580,commercial,metro_station,6.43,52.40,medium,morning,weekday,cloudy,ola,no,1,1079,multimodal,339.44
SCV20000581,airport,residential,31.53,83.60,low,night,weekday,clear,auto,no,0,23,direct,530.69
SCV20000582,college_area,metro_station,5.24,27.40,medium,morning,weekday,clear,ola,yes,0,123,direct,284.00
SCV20000583,college_area,commercial,5.87,21.80,low,night,weekday,rainy,ola,no,0,208,direct,222.20
SCV20000584,residential,office_area,6.65,40.70,medium,morning,weekday,clear,uber,yes,0,82,direct,435.94
SCV20000585,college_area,residential,8.02,49.70,medium,morning,weekday,cloudy,auto,yes,1,1054,multimodal,236.98
SCV20000586,commercial,residential,7.52,38.10,medium,afternoon,weekend,cloudy,ola,yes,0,0,direct,360.50
SCV20000587,commercial,shopping_area,4.59,28.30,medium,morning,weekday,cloudy,bus,yes,0,47,direct,29.91
SCV20000588,commercial,residential,12.36,41.70,low,morning,weekend,clear,uber,no,0,149,direct,497.42
SCV20000589,commercial,shopping_area,5.48,23.00,medium,morning,weekday,clear,rapido,yes,0,22,direct,90.98
SCV20000590,metro_station,shopping_area,2.44,43.60,medium,evening,weekday,cloudy,metro,yes,1,1172,multimodal,21.68
SCV20000591,commercial,residential,7.62,25.00,low,afternoon,weekday,clear,uber,no,0,129,direct,347.60
SCV20000592,commercial,office_area,4.98,71.10,medium,evening,weekday,cloudy,bus,no,1,1221,multimodal,11.77
SCV20000593,residential,commercial,5.87,71.90,low,night,weekday,cloudy,bus,no,3,1350,multimodal,24.74
SCV20000594,college_area,residential,9.08,42.10,low,afternoon,weekend,clear,rapido,no,0,94,direct,132.79
SCV20000595,metro_station,residential,6.99,36.20,low,afternoon,weekend,clear,metro,no,1,740,multimodal,28.53
SCV20000596,metro_station,residential,6.09,31.10,medium,evening,weekend,rainy,uber,yes,1,102,direct,449.14
SCV20000597,college_area,metro_station,5.24,47.80,high,evening,weekday,clear,ola,yes,0,62,direct,385.71
SCV20000598,commercial,shopping_area,6.26,48.20,medium,morning,weekday,clear,rapido,yes,1,1048,multimodal,139.38
SCV20000599,metro_station,commercial,5.93,64.20,high,evening,weekday,rainy,uber,yes,0,161,direct,748.41
SCV20000600,residential,metro_station,3.10,21.90,medium,evening,weekday,clear,auto,yes,0,58,direct,120.94
SCV20000601,residential,metro_station,4.81,31.60,medium,evening,weekday,clear,ola,yes,0,80,direct,278.51
SCV20000602,residential,shopping_area,8.67,76.90,low,afternoon,weekday,clear,metro,no,2,1712,multimodal,18.68
SCV20000603,metro_station,residential,3.60,19.80,medium,night,weekday,cloudy,ola,yes,0,81,direct,202.58
SCV20000604,college_area,residential,10.23,60.50,medium,afternoon,weekday,clear,auto,yes,2,1083,multimodal,270.12
SCV20000605,residential,shopping_area,10.12,27.30,low,night,weekday,rainy,metro,no,0,355,direct,22.04
SCV20000606,residential,commercial,5.73,43.80,medium,evening,weekday,clear,auto,yes,0,68,direct,158.40
SCV20000607,airport,residential,25.56,104.20,medium,morning,weekday,clear,metro,yes,0,269,direct,62.86
SCV20000608,commercial,shopping_area,6.07,11.20,low,night,weekday,clear,auto,no,0,59,direct,106.83
SCV20000609,residential,office_area,9.62,70.50,medium,afternoon,weekday,cloudy,metro,yes,2,1605,multimodal,39.42
SCV20000610,commercial,metro_station,6.15,29.90,medium,afternoon,weekday,clear,uber,no,0,0,direct,338.35
SCV20000611,commercial,metro_station,8.14,67.10,low,afternoon,weekday,clear,bus,no,2,1787,multimodal,49.18
SCV20000612,residential,commercial,7.98,76.50,high,evening,weekday,rainy,ola,yes,0,26,direct,654.06
SCV20000613,commercial,office_area,6.36,87.40,high,morning,weekday,rainy,bus,yes,2,1573,multimodal,30.44
SCV20000614,commercial,metro_station,4.76,42.00,medium,morning,weekday,cloudy,ola,yes,2,734,multimodal,307.51
SCV20000615,residential,commercial,10.31,80.80,high,evening,weekday,rainy,auto,yes,0,44,direct,462.59
SCV20000616,college_area,office_area,5.56,25.70,medium,afternoon,weekday,clear,metro,yes,0,251,direct,20.59
SCV20000617,residential,metro_station,5.14,53.80,high,evening,weekday,cloudy,metro,yes,0,251,direct,19.11
SCV20000618,commercial,office_area,9.43,28.00,low,night,weekend,cloudy,uber,no,0,37,direct,410.51
SCV20000619,commercial,residential,8.48,35.80,low,evening,weekend,clear,ola,no,0,0,direct,303.50
SCV20000620,residential,metro_station,6.16,30.20,medium,afternoon,weekday,rainy,ola,no,0,0,direct,299.79
SCV20000621,residential,office_area,12.84,43.10,medium,morning,weekday,clear,ola,yes,0,188,direct,513.82
SCV20000622,college_area,residential,4.27,23.20,low,night,weekday,cloudy,uber,no,0,146,direct,234.61
SCV20000623,metro_station,commercial,4.64,29.50,medium,morning,weekday,clear,rapido,yes,0,50,direct,84.22
SCV20000624,residential,shopping_area,10.38,40.50,medium,morning,weekday,clear,metro,yes,0,297,direct,26.06
SCV20000625,residential,commercial,10.86,51.20,medium,evening,weekday,cloudy,auto,yes,0,119,direct,275.68
SCV20000626,commercial,metro_station,5.12,18.30,low,afternoon,weekend,cloudy,auto,no,0,78,direct,104.02
SCV20000627,residential,office_area,10.95,63.90,high,morning,weekday,cloudy,metro,yes,0,341,direct,40.52
SCV20000628,airport,residential,34.29,101.40,low,afternoon,weekend,clear,rapido,no,0,99,direct,407.71
SCV20000629,residential,metro_station,7.01,44.70,medium,morning,weekday,clear,ola,yes,0,117,direct,373.46
SCV20000630,commercial,metro_station,4.17,30.10,medium,afternoon,weekday,cloudy,auto,no,0,8,direct,139.79
SCV20000631,college_area,residential,7.30,42.70,medium,evening,weekday,clear,ola,yes,0,0,direct,383.70
SCV20000632,commercial,shopping_area,9.35,33.10,low,afternoon,weekend,cloudy,ola,no,0,23,direct,295.78
SCV20000633,metro_station,residential,7.20,44.70,medium,evening,weekend,clear,rapido,no,0,29,direct,133.39
SCV20000634,commercial,office_area,9.42,46.60,medium,evening,weekday,clear,uber,yes,0,192,direct,520.33
SCV20000635,college_area,residential,4.05,25.40,medium,morning,weekday,rainy,bus,no,0,81,direct,10.00
SCV20000636,airport,office_area,33.25,124.80,medium,morning,weekday,cloudy,rapido,yes,0,140,direct,548.22
SCV20000637,commercial,residential,8.73,14.10,low,night,weekday,rainy,metro,no,0,148,direct,25.00
SCV20000638,commercial,metro_station,6.50,29.50,medium,morning,weekday,rainy,uber,yes,0,86,direct,415.15
SCV20000639,residential,metro_station,7.55,32.70,medium,afternoon,weekday,clear,bus,no,0,184,direct,25.41
SCV20000640,metro_station,shopping_area,6.38,19.30,low,night,weekday,cloudy,auto,no,0,0,direct,128.93
SCV20000641,metro_station,office_area,4.33,24.10,low,morning,weekend,cloudy,ola,no,0,161,direct,188.45
SCV20000642,commercial,metro_station,5.40,23.70,medium,morning,weekday,clear,ola,yes,0,208,direct,259.57
SCV20000643,college_area,commercial,11.04,38.00,low,night,weekday,cloudy,ola,no,0,56,direct,343.70
SCV20000644,metro_station,office_area,8.01,71.50,high,evening,weekday,clear,uber,yes,0,49,direct,743.62
SCV20000645,residential,shopping_area,5.70,74.00,medium,morning,weekday,rainy,metro,yes,2,1483,multimodal,17.11
SCV20000646,metro_station,commercial,3.98,56.20,high,evening,weekday,clear,uber,yes,1,764,multimodal,494.63
SCV20000647,metro_station,office_area,7.05,29.10,low,afternoon,weekday,cloudy,uber,no,0,155,direct,334.24
SCV20000648,metro_station,residential,4.93,39.10,medium,morning,weekday,clear,auto,yes,2,1620,multimodal,202.29
SCV20000649,commercial,metro_station,7.62,65.70,medium,evening,weekday,clear,metro,yes,1,1592,multimodal,17.46
SCV20000650,residential,shopping_area,4.41,42.50,high,evening,weekday,rainy,ola,yes,0,32,direct,398.28
SCV20000651,residential,office_area,10.40,49.40,medium,afternoon,weekday,clear,uber,yes,0,200,direct,567.74
SCV20000652,college_area,metro_station,5.68,26.80,medium,afternoon,weekday,rainy,uber,no,0,85,direct,346.97
SCV20000653,college_area,office_area,6.63,32.70,medium,afternoon,weekday,clear,uber,yes,0,92,direct,396.43
SCV20000654,college_area,office_area,13.81,60.30,medium,morning,weekday,cloudy,ola,no,0,66,direct,544.38
SCV20000655,residential,metro_station,2.40,26.70,high,morning,weekday,cloudy,uber,yes,0,158,direct,295.85
SCV20000656,metro_station,residential,6.90,60.10,medium,evening,weekday,clear,rapido,yes,1,1051,multimodal,172.50
SCV20000657,residential,office_area,10.04,58.50,medium,evening,weekday,clear,bus,yes,0,154,direct,30.05
SCV20000658,commercial,shopping_area,9.93,50.30,medium,evening,weekend,cloudy,ola,no,0,62,direct,404.68
SCV20000659,commercial,residential,10.31,41.30,medium,morning,weekday,cloudy,uber,yes,0,92,direct,578.06
SCV20000660,residential,commercial,3.69,18.60,low,morning,weekend,clear,auto,no,0,50,direct,99.19
SCV20000661,college_area,office_area,6.89,33.00,medium,morning,weekday,clear,ola,yes,0,51,direct,321.66
SCV20000662,residential,office_area,8.58,29.00,low,morning,weekend,clear,uber,no,0,151,direct,371.81
SCV20000663,commercial,residential,11.32,56.10,medium,morning,weekday,clear,uber,yes,0,190,direct,639.76
SCV20000664,college_area,office_area,7.64,34.00,medium,morning,weekday,clear,auto,yes,0,0,direct,194.04
SCV20000665,metro_station,commercial,10.46,61.60,medium,morning,weekday,rainy,auto,yes,1,843,multimodal,318.83
SCV20000666,college_area,office_area,9.19,32.50,medium,morning,weekday,cloudy,bus,yes,0,159,direct,29.63
SCV20000667,college_area,commercial,6.25,56.40,medium,evening,weekday,clear,uber,yes,2,1030,multimodal,508.25
SCV20000668,airport,metro_station,22.96,137.70,medium,evening,weekend,clear,bus,yes,2,1862,multimodal,50.46
SCV20000669,residential,metro_station,8.86,40.60,medium,evening,weekday,clear,rapido,yes,0,227,direct,180.29
SCV20000670,metro_station,office_area,3.93,17.10,medium,afternoon,weekday,cloudy,ola,yes,0,0,direct,206.37
SCV20000671,residential,office_area,6.97,62.70,high,evening,weekday,rainy,rapido,yes,0,199,direct,215.33
SCV20000672,residential,metro_station,5.72,59.00,medium,evening,weekday,clear,auto,yes,2,811,multimodal,225.58
SCV20000673,metro_station,commercial,5.47,25.60,medium,morning,weekday,cloudy,rapido,yes,0,155,direct,119.25
SCV20000674,college_area,commercial,6.87,41.00,medium,evening,weekday,cloudy,ola,yes,0,78,direct,390.31
SCV20000675,commercial,shopping_area,4.09,17.00,low,night,weekday,rainy,ola,no,0,179,direct,190.87
SCV20000676,college_area,office_area,8.30,68.90,medium,evening,weekday,clear,bus,yes,1,1141,multimodal,27.78
SCV20000677,college_area,office_area,7.27,31.30,low,night,weekday,clear,auto,no,0,47,direct,150.69
SCV20000678,commercial,residential,10.77,50.70,low,night,weekend,cloudy,ola,no,1,1316,multimodal,405.52
SCV20000679,college_area,residential,5.60,38.20,low,afternoon,weekday,cloudy,ola,no,1,1107,multimodal,277.52
SCV20000680,college_area,residential,2.94,21.30,low,afternoon,weekday,clear,uber,no,0,195,direct,214.78
SCV20000681,metro_station,shopping_area,6.59,27.90,medium,afternoon,weekday,cloudy,uber,yes,0,132,direct,406.27
SCV20000682,commercial,office_area,6.33,103.80,high,evening,weekday,cloudy,bus,yes,2,2176,multimodal,31.20
SCV20000683,commercial,metro_station,3.48,48.60,medium,evening,weekday,cloudy,auto,yes,1,849,multimodal,166.02
SCV20000684,airport,commercial,25.56,82.90,low,night,weekend,cloudy,uber,no,1,1010,multimodal,1081.69
SCV20000685,commercial,office_area,8.47,42.30,medium,afternoon,weekday,rainy,rapido,no,0,147,direct,121.97
SCV20000686,metro_station,commercial,5.78,36.50,medium,morning,weekday,cloudy,uber,yes,0,20,direct,414.31
SCV20000687,residential,commercial,5.87,50.10,medium,morning,weekday,clear,uber,yes,1,757,multimodal,459.36
SCV20000688,metro_station,shopping_area,4.59,50.10,high,evening,weekday,rainy,auto,yes,1,127,direct,265.03
SCV20000689,college_area,residential,6.88,42.60,medium,evening,weekday,cloudy,ola,yes,0,87,direct,345.42
SCV20000690,commercial,shopping_area,5.59,43.60,medium,evening,weekday,clear,uber,yes,0,193,direct,423.41
SCV20000691,residential,commercial,6.11,48.60,medium,morning,weekday,cloudy,rapido,yes,1,1143,multimodal,145.91
SCV20000692,residential,shopping_area,6.29,11.90,low,night,weekday,clear,ola,no,0,116,direct,217.22
SCV20000693,residential,shopping_area,9.24,40.60,low,night,weekday,clear,auto,no,1,645,multimodal,196.49
SCV20000694,airport,metro_station,24.50,87.30,medium,afternoon,weekday,clear,bus,no,0,288,direct,42.22
SCV20000695,commercial,shopping_area,8.38,41.50,medium,evening,weekday,cloudy,rapido,yes,0,111,direct,171.64
SCV20000696,residential,office_area,6.88,32.40,medium,morning,weekday,clear,auto,yes,0,48,direct,190.11
SCV20000697,commercial,shopping_area,9.64,45.20,medium,evening,weekday,clear,auto,yes,0,115,direct,244.37
SCV20000698,airport,office_area,27.66,98.20,medium,afternoon,weekday,rainy,metro,no,0,210,direct,41.02
SCV20000699,commercial,office_area,4.10,19.80,medium,morning,weekday,clear,ola,yes,0,73,direct,198.98
SCV20000700,commercial,office_area,5.71,30.00,medium,evening,weekday,clear,ola,yes,0,96,direct,307.10
SCV20000701,airport,office_area,23.59,125.00,medium,morning,weekend,rainy,rapido,no,2,1177,multimodal,427.97
SCV20000702,college_area,office_area,4.47,24.30,medium,afternoon,weekday,cloudy,ola,yes,0,112,direct,261.72
SCV20000703,residential,commercial,9.94,82.90,high,morning,weekday,cloudy,uber,yes,1,687,multimodal,952.61
SCV20000704,airport,residential,26.42,150.00,high,evening,weekday,rainy,ola,yes,0,119,direct,1500.00
SCV20000705,residential,metro_station,7.92,72.80,high,evening,weekday,rainy,uber,yes,0,100,direct,809.11
SCV20000706,college_area,office_area,8.71,38.60,medium,afternoon,weekday,rainy,uber,no,0,130,direct,478.58
SCV20000707,commercial,shopping_area,8.52,36.50,low,night,weekday,rainy,ola,no,1,886,multimodal,348.83
SCV20000708,residential,commercial,7.03,26.20,medium,morning,weekday,rainy,auto,yes,0,130,direct,184.08
SCV20000709,residential,metro_station,4.90,30.40,medium,morning,weekend,clear,uber,yes,1,59,direct,356.84
SCV20000710,commercial,office_area,7.74,76.30,high,evening,weekday,rainy,uber,yes,0,86,direct,876.37
SCV20000711,commercial,shopping_area,6.70,52.70,low,afternoon,weekday,clear,bus,no,1,1028,multimodal,10.00
SCV20000712,commercial,metro_station,5.46,31.00,medium,morning,weekday,clear,ola,yes,0,74,direct,253.90
SCV20000713,commercial,shopping_area,5.49,19.90,low,night,weekday,clear,rapido,no,0,68,direct,79.07
SCV20000714,metro_station,commercial,5.31,30.80,low,afternoon,weekend,rainy,ola,no,0,221,direct,250.12
SCV20000715,airport,residential,32.57,110.10,medium,afternoon,weekday,clear,uber,yes,0,51,direct,1500.00
SCV20000716,residential,metro_station,2.56,30.50,medium,morning,weekday,clear,auto,yes,0,167,direct,131.04
SCV20000717,commercial,residential,12.21,94.50,medium,morning,weekday,cloudy,metro,yes,3,2265,multimodal,36.16
SCV20000718,residential,office_area,14.33,124.60,high,evening,weekday,rainy,uber,yes,0,1,direct,1282.08
SCV20000719,metro_station,office_area,6.07,31.10,medium,morning,weekday,cloudy,uber,yes,0,49,direct,388.37
SCV20000720,commercial,residential,10.68,40.90,low,afternoon,weekend,clear,ola,yes,1,1327,multimodal,416.31
SCV20000721,metro_station,shopping_area,7.86,29.20,low,afternoon,weekend,rainy,rapido,no,0,71,direct,90.41
SCV20000722,residential,shopping_area,6.53,19.20,low,night,weekday,clear,auto,no,0,47,direct,131.22
SCV20000723,commercial,shopping_area,8.01,62.70,medium,morning,weekday,clear,bus,yes,1,696,multimodal,29.45
SCV20000724,residential,office_area,16.37,47.60,low,afternoon,weekday,clear,uber,no,0,141,direct,580.77
SCV20000725,metro_station,residential,4.18,15.30,low,morning,weekend,clear,auto,no,0,75,direct,95.57
SCV20000726,residential,shopping_area,7.75,25.50,low,night,weekend,clear,ola,no,1,196,direct,287.89
SCV20000727,commercial,residential,10.32,44.70,medium,afternoon,weekday,clear,metro,yes,0,56,direct,34.55
SCV20000728,college_area,commercial,9.05,22.90,low,night,weekday,clear,rapido,no,0,158,direct,120.40
SCV20000729,commercial,office_area,7.22,65.10,medium,morning,weekday,cloudy,bus,yes,1,1361,multimodal,24.95
SCV20000730,commercial,office_area,8.97,83.90,high,evening,weekday,clear,auto,yes,1,567,multimodal,387.28
SCV20000731,residential,metro_station,3.61,30.20,medium,morning,weekday,cloudy,uber,yes,0,19,direct,328.33
SCV20000732,residential,metro_station,3.19,22.30,medium,afternoon,weekday,rainy,uber,yes,0,59,direct,305.36
SCV20000733,commercial,office_area,7.21,25.10,medium,afternoon,weekday,cloudy,uber,yes,0,125,direct,411.25
SCV20000734,college_area,commercial,5.45,35.60,medium,evening,weekday,cloudy,rapido,yes,0,171,direct,120.67
SCV20000735,residential,metro_station,1.92,20.70,medium,morning,weekday,clear,rapido,yes,1,11,direct,50.00
SCV20000736,residential,shopping_area,12.35,67.20,low,afternoon,weekend,rainy,metro,no,1,763,multimodal,22.12
SCV20000737,metro_station,residential,6.40,36.30,medium,morning,weekday,clear,metro,yes,0,212,direct,24.85
SCV20000738,residential,commercial,3.12,26.50,medium,morning,weekday,clear,ola,yes,0,71,direct,219.68
SCV20000739,commercial,office_area,1.85,23.60,medium,morning,weekday,cloudy,auto,yes,0,88,direct,102.41
SCV20000740,residential,commercial,10.01,27.20,low,night,weekday,rainy,rapido,no,0,117,direct,156.06
SCV20000741,commercial,office_area,9.13,58.70,high,morning,weekday,cloudy,uber,yes,0,187,direct,749.41
SCV20000742,residential,commercial,6.50,47.20,low,night,weekday,clear,rapido,no,1,770,multimodal,108.09
SCV20000743,airport,commercial,19.13,75.30,low,night,weekday,clear,uber,no,2,1257,multimodal,809.69
SCV20000744,college_area,commercial,8.59,38.70,medium,morning,weekday,cloudy,ola,yes,0,226,direct,412.42
SCV20000745,commercial,metro_station,5.58,39.70,medium,morning,weekday,cloudy,auto,yes,0,260,direct,183.71
SCV20000746,airport,residential,35.49,150.00,medium,morning,weekday,clear,metro,yes,3,2115,multimodal,90.28
SCV20000747,residential,commercial,10.24,77.20,high,evening,weekday,clear,uber,yes,1,108,direct,884.56
SCV20000748,metro_station,commercial,4.35,51.30,medium,morning,weekday,clear,bus,yes,1,1062,multimodal,24.06
SCV20000749,college_area,commercial,4.11,54.50,medium,afternoon,weekday,clear,bus,yes,2,2151,multimodal,23.16
SCV20000750,college_area,residential,6.15,27.30,low,night,weekday,clear,ola,no,0,73,direct,229.57
SCV20000751,college_area,metro_station,4.85,32.80,medium,evening,weekday,clear,ola,yes,0,88,direct,293.01
SCV20000752,residential,shopping_area,9.68,27.90,low,afternoon,weekday,clear,auto,no,0,144,direct,193.03
SCV20000753,residential,office_area,6.22,23.30,medium,morning,weekday,cloudy,uber,no,1,150,direct,355.82
SCV20000754,metro_station,commercial,4.09,25.10,medium,morning,weekday,cloudy,metro,yes,0,195,direct,14.81
SCV20000755,airport,metro_station,17.24,52.10,low,night,weekend,clear,uber,no,0,215,direct,706.10
SCV20000756,airport,office_area,17.76,131.30,high,evening,weekday,clear,ola,yes,0,63,direct,1177.09
SCV20000757,residential,office_area,9.25,50.20,medium,morning,weekday,clear,auto,yes,0,173,direct,229.99
SCV20000758,residential,office_area,7.45,34.80,medium,afternoon,weekday,rainy,uber,no,0,100,direct,429.93
SCV20000759,residential,commercial,6.11,21.50,low,evening,weekday,clear,auto,no,0,126,direct,126.98
SCV20000760,residential,office_area,13.46,77.00,medium,morning,weekday,cloudy,ola,yes,2,1349,multimodal,713.55
SCV20000761,commercial,office_area,8.90,23.90,low,afternoon,weekday,clear,uber,no,0,82,direct,390.14
SCV20000762,commercial,shopping_area,4.12,53.40,high,evening,weekday,clear,ola,yes,1,618,multimodal,430.65
SCV20000763,commercial,metro_station,8.43,78.10,medium,morning,weekday,clear,uber,yes,3,1300,multimodal,682.21
SCV20000764,metro_station,residential,4.09,28.60,medium,evening,weekday,cloudy,rapido,yes,0,35,direct,108.82
SCV20000765,metro_station,office_area,7.09,62.00,medium,evening,weekday,clear,rapido,yes,1,1102,multimodal,169.16
SCV20000766,residential,office_area,15.10,56.90,medium,morning,weekday,clear,uber,yes,0,117,direct,748.38
SCV20000767,commercial,metro_station,8.44,76.70,high,evening,weekday,rainy,auto,yes,0,0,direct,393.59
SCV20000768,airport,residential,14.44,68.70,low,night,weekend,clear,bus,no,1,932,multimodal,34.59
SCV20000769,airport,metro_station,17.93,145.80,high,evening,weekday,cloudy,uber,yes,0,145,direct,1500.00
SCV20000770,airport,office_area,24.89,88.00,low,afternoon,weekend,clear,bus,no,1,1531,multimodal,43.18
SCV20000771,college_area,office_area,11.95,115.10,high,evening,weekday,cloudy,metro,yes,1,758,multimodal,20.01
SCV20000772,residential,shopping_area,10.27,53.10,medium,evening,weekday,clear,ola,yes,1,72,direct,478.64
SCV20000773,commercial,metro_station,9.50,38.50,medium,afternoon,weekday,clear,uber,no,0,168,direct,453.38
SCV20000774,commercial,residential,8.30,34.70,low,afternoon,weekday,clear,uber,no,0,116,direct,400.42
SCV20000775,commercial,office_area,8.34,24.20,low,afternoon,weekend,clear,ola,no,1,96,direct,254.26
SCV20000776,airport,metro_station,20.60,131.00,medium,evening,weekday,cloudy,bus,yes,1,1045,multimodal,43.95
SCV20000777,commercial,metro_station,5.58,30.20,medium,morning,weekday,clear,ola,yes,0,127,direct,277.92
SCV20000778,residential,metro_station,4.93,33.00,medium,morning,weekday,clear,rapido,yes,0,90,direct,95.90
SCV20000779,commercial,residential,11.42,108.30,high,evening,weekday,rainy,auto,yes,1,647,multimodal,545.30
SCV20000780,residential,commercial,10.32,26.20,low,afternoon,weekend,cloudy,uber,no,0,43,direct,424.83
SCV20000781,metro_station,commercial,6.53,87.90,high,morning,weekday,clear,bus,yes,2,1433,multimodal,43.58
SCV20000782,residential,commercial,7.21,56.40,medium,morning,weekday,cloudy,ola,no,1,1076,multimodal,390.12
SCV20000783,college_area,office_area,7.78,60.00,medium,evening,weekday,clear,uber,yes,1,1298,multimodal,577.74
SCV20000784,commercial,metro_station,6.98,62.10,medium,morning,weekday,clear,metro,yes,1,1258,multimodal,20.90
SCV20000785,commercial,office_area,5.51,60.00,medium,evening,weekday,clear,auto,yes,1,1087,multimodal,204.41
SCV20000786,college_area,office_area,11.15,48.80,low,morning,weekend,cloudy,uber,no,1,40,direct,507.77
SCV20000787,residential,metro_station,7.13,97.30,high,evening,weekday,clear,metro,yes,1,684,multimodal,13.72
SCV20000788,college_area,commercial,7.94,42.50,medium,morning,weekday,clear,uber,no,0,0,direct,421.67
SCV20000789,metro_station,residential,6.70,74.90,high,evening,weekday,rainy,bus,yes,1,560,multimodal,11.57
SCV20000790,commercial,shopping_area,4.02,27.90,medium,morning,weekday,cloudy,ola,yes,0,117,direct,254.06
SCV20000791,residential,commercial,6.04,23.50,low,morning,weekend,clear,uber,no,0,35,direct,285.21
SCV20000792,metro_station,commercial,4.96,33.50,medium,evening,weekday,cloudy,rapido,yes,0,71,direct,118.74
SCV20000793,college_area,metro_station,6.27,58.90,low,night,weekday,cloudy,bus,no,2,1332,multimodal,32.70
SCV20000794,college_area,office_area,8.27,76.40,low,afternoon,weekday,clear,bus,no,2,1583,multimodal,38.84
SCV20000795,commercial,residential,2.93,28.20,medium,evening,weekday,clear,bus,no,0,337,direct,30.58
SCV20000796,residential,shopping_area,7.46,31.50,medium,morning,weekday,clear,uber,yes,0,39,direct,473.04
SCV20000797,airport,metro_station,27.77,128.80,medium,evening,weekend,clear,auto,no,0,64,direct,623.73
SCV20000798,metro_station,office_area,8.80,38.00,medium,morning,weekday,clear,rapido,yes,0,50,direct,140.85
SCV20000799,metro_station,commercial,4.47,49.40,medium,morning,weekday,cloudy,bus,yes,1,1215,multimodal,42.42
SCV20000800,college_area,metro_station,7.07,37.90,medium,morning,weekday,clear,ola,yes,0,124,direct,328.25
SCV20000801,commercial,office_area,8.53,83.70,medium,morning,weekday,clear,auto,yes,3,1486,multimodal,317.21
SCV20000802,college_area,residential,6.35,20.60,low,afternoon,weekday,clear,ola,no,0,106,direct,241.88
SCV20000803,residential,office_area,17.57,84.00,low,evening,weekend,clear,ola,no,1,874,multimodal,621.90
SCV20000804,metro_station,commercial,5.40,57.70,medium,afternoon,weekday,cloudy,bus,no,3,899,multimodal,33.26
SCV20000805,commercial,metro_station,5.84,46.00,low,night,weekend,rainy,metro,no,1,992,multimodal,20.95
SCV20000806,college_area,commercial,13.44,78.80,low,afternoon,weekday,clear,rapido,no,3,1889,multimodal,197.86
SCV20000807,airport,office_area,20.66,78.20,low,morning,weekend,clear,rapido,no,1,545,multimodal,260.25
SCV20000808,college_area,metro_station,8.95,78.80,medium,evening,weekend,rainy,metro,no,1,1219,multimodal,27.30
SCV20000809,commercial,residential,8.22,29.10,low,evening,weekend,clear,auto,no,0,164,direct,159.54
SCV20000810,college_area,metro_station,2.16,54.80,medium,morning,weekday,rainy,metro,no,2,1123,multimodal,25.50
SCV20000811,residential,metro_station,7.66,101.40,high,evening,weekday,rainy,auto,yes,2,1580,multimodal,454.23
SCV20000812,residential,commercial,5.91,26.90,medium,afternoon,weekday,clear,ola,yes,0,117,direct,324.18
SCV20000813,airport,commercial,28.20,101.10,medium,night,weekday,rainy,uber,no,0,95,direct,1320.56
SCV20000814,residential,office_area,11.73,79.20,medium,morning,weekday,clear,uber,yes,3,873,multimodal,782.18
SCV20000815,metro_station,residential,6.66,44.60,low,night,weekday,clear,bus,no,1,1024,multimodal,10.00
SCV20000816,commercial,metro_station,5.90,50.50,low,evening,weekend,rainy,metro,no,1,750,multimodal,10.49
SCV20000817,commercial,shopping_area,4.91,23.70,medium,morning,weekday,clear,auto,yes,0,66,direct,127.59
SCV20000818,college_area,commercial,8.56,74.00,medium,evening,weekend,clear,metro,no,3,1977,multimodal,14.78
SCV20000819,residential,shopping_area,7.47,44.00,medium,evening,weekend,cloudy,ola,yes,0,119,direct,434.74
SCV20000820,airport,commercial,26.43,80.30,low,afternoon,weekday,clear,auto,no,0,35,direct,483.91
SCV20000821,metro_station,commercial,7.92,57.50,medium,evening,weekday,clear,uber,yes,1,88,direct,528.27
SCV20000822,residential,metro_station,7.99,65.50,high,evening,weekday,cloudy,auto,yes,0,76,direct,349.74
SCV20000823,commercial,metro_station,2.85,36.10,high,evening,weekday,clear,uber,yes,0,7,direct,402.66
SCV20000824,residential,commercial,12.54,37.90,low,night,weekday,cloudy,uber,no,0,74,direct,498.70
SCV20000825,college_area,commercial,7.72,33.60,low,afternoon,weekday,cloudy,metro,no,0,91,direct,26.45
SCV20000826,residential,metro_station,7.17,29.80,medium,morning,weekday,clear,rapido,yes,0,61,direct,123.65
SCV20000827,commercial,residential,4.76,19.30,low,night,weekend,clear,bus,no,1,200,direct,10.69
SCV20000828,airport,metro_station,25.16,77.70,low,night,weekend,rainy,uber,no,0,44,direct,1130.43
SCV20000829,commercial,shopping_area,5.42,24.10,medium,morning,weekday,clear,ola,yes,0,114,direct,266.60
SCV20000830,residential,metro_station,6.49,44.30,medium,evening,weekday,clear,uber,yes,0,78,direct,462.17
SCV20000831,residential,office_area,7.74,74.50,high,evening,weekday,rainy,auto,yes,0,28,direct,368.08
SCV20000832,metro_station,shopping_area,7.02,88.70,high,evening,weekday,clear,metro,yes,2,1348,multimodal,28.57
SCV20000833,airport,residential,25.97,71.70,low,afternoon,weekend,clear,rapido,no,0,153,direct,296.29
SCV20000834,residential,metro_station,6.91,33.80,medium,morning,weekday,clear,metro,yes,0,204,direct,26.39
SCV20000835,commercial,shopping_area,8.54,31.80,low,afternoon,weekend,clear,uber,no,0,64,direct,377.54
SCV20000836,residential,commercial,10.90,100.80,medium,evening,weekend,cloudy,bus,no,3,1909,multimodal,50.34
SCV20000837,commercial,office_area,4.68,14.40,low,night,weekday,cloudy,uber,no,0,17,direct,230.21
SCV20000838,commercial,residential,5.02,50.20,medium,evening,weekend,rainy,metro,no,1,1282,multimodal,13.78
SCV20000839,residential,office_area,13.33,92.10,medium,afternoon,weekday,rainy,ola,no,2,1253,multimodal,676.28
SCV20000840,residential,metro_station,5.98,26.60,medium,morning,weekday,cloudy,uber,yes,0,117,direct,377.94
SCV20000841,airport,office_area,29.66,150.00,high,evening,weekday,clear,metro,yes,2,1030,multimodal,42.28
SCV20000842,commercial,office_area,4.08,20.60,medium,morning,weekday,clear,ola,yes,0,68,direct,234.58
SCV20000843,metro_station,residential,5.37,26.80,medium,morning,weekday,cloudy,ola,yes,0,73,direct,265.10
SCV20000844,metro_station,shopping_area,3.29,13.00,low,night,weekday,rainy,metro,no,0,0,direct,19.66
SCV20000845,metro_station,office_area,3.79,28.00,medium,morning,weekday,clear,auto,yes,0,62,direct,134.56
SCV20000846,metro_station,residential,5.86,61.00,medium,evening,weekday,cloudy,ola,no,1,765,multimodal,361.91
SCV20000847,college_area,commercial,7.23,46.00,low,afternoon,weekday,clear,ola,no,1,673,multimodal,322.25
SCV20000848,airport,commercial,30.06,150.00,high,evening,weekday,cloudy,rapido,yes,0,0,direct,727.80
SCV20000849,commercial,shopping_area,6.16,59.70,medium,evening,weekday,cloudy,rapido,yes,2,853,multimodal,161.89
SCV20000850,commercial,shopping_area,7.86,53.60,low,afternoon,weekday,clear,metro,no,2,1671,multimodal,15.87
SCV20000851,commercial,office_area,4.89,26.00,medium,morning,weekday,cloudy,auto,yes,0,82,direct,135.47
SCV20000852,commercial,metro_station,7.69,44.00,low,afternoon,weekday,cloudy,metro,no,2,926,multimodal,17.60
SCV20000853,college_area,residential,2.65,33.40,high,morning,weekday,rainy,uber,yes,0,3,direct,398.57
SCV20000854,airport,residential,29.36,89.30,low,morning,weekend,clear,auto,no,0,116,direct,552.23
SCV20000855,residential,office_area,9.89,74.60,high,evening,weekday,clear,ola,yes,0,104,direct,652.99
SCV20000856,metro_station,commercial,3.27,23.00,medium,morning,weekday,cloudy,uber,yes,0,58,direct,284.09
SCV20000857,college_area,office_area,3.79,23.00,low,night,weekday,clear,ola,yes,0,57,direct,217.18
SCV20000858,college_area,office_area,5.56,26.20,medium,morning,weekday,cloudy,metro,yes,0,179,direct,27.95
SCV20000859,metro_station,office_area,2.70,15.70,medium,morning,weekday,clear,ola,yes,0,66,direct,166.02
SCV20000860,commercial,residential,6.92,34.70,low,afternoon,weekday,cloudy,uber,no,0,148,direct,409.75
SCV20000861,residential,metro_station,5.09,22.60,medium,morning,weekday,cloudy,bus,yes,0,251,direct,28.97
SCV20000862,residential,metro_station,5.34,31.10,medium,morning,weekday,clear,bus,yes,0,188,direct,12.31
SCV20000863,college_area,metro_station,5.60,28.50,low,afternoon,weekday,rainy,auto,no,0,91,direct,141.31
SCV20000864,airport,residential,24.73,74.30,low,night,weekday,rainy,uber,no,0,170,direct,1045.03
SCV20000865,airport,metro_station,28.76,81.50,low,afternoon,weekday,cloudy,ola,no,0,195,direct,870.76
SCV20000866,metro_station,office_area,6.03,57.60,medium,afternoon,weekday,cloudy,metro,no,1,1318,multimodal,10.00
SCV20000867,commercial,shopping_area,8.17,44.50,medium,afternoon,weekday,cloudy,bus,no,0,339,direct,15.39
SCV20000868,commercial,office_area,3.50,39.80,medium,afternoon,weekday,cloudy,bus,no,1,1030,multimodal,10.00
SCV20000869,commercial,office_area,6.28,61.80,medium,morning,weekday,cloudy,auto,yes,1,1031,multimodal,225.26
SCV20000870,metro_station,commercial,4.98,36.90,medium,afternoon,weekday,cloudy,auto,no,0,23,direct,146.39
SCV20000871,residential,office_area,11.07,74.60,medium,morning,weekday,clear,bus,yes,2,1388,multimodal,31.93
SCV20000872,residential,office_area,9.23,36.50,medium,afternoon,weekday,rainy,auto,yes,0,29,direct,299.59
SCV20000873,metro_station,commercial,5.06,53.00,medium,evening,weekday,clear,auto,yes,1,879,multimodal,211.59
SCV20000874,residential,office_area,14.28,77.50,medium,afternoon,weekday,clear,rapido,no,3,1723,multimodal,247.72
SCV20000875,commercial,office_area,3.63,41.20,high,evening,weekday,clear,rapido,yes,0,168,direct,139.48
SCV20000876,residential,shopping_area,8.87,32.10,low,afternoon,weekday,clear,rapido,no,0,98,direct,110.24
SCV20000877,college_area,residential,9.62,47.90,medium,evening,weekday,clear,auto,yes,0,192,direct,250.06
SCV20000878,airport,metro_station,18.91,81.50,low,afternoon,weekend,clear,metro,no,1,1204,multimodal,34.86
SCV20000879,residential,shopping_area,10.96,53.10,medium,morning,weekday,clear,uber,yes,0,15,direct,614.03
SCV20000880,airport,office_area,19.73,77.00,low,night,weekend,clear,ola,no,1,678,multimodal,696.12
SCV20000881,residential,metro_station,6.08,45.10,high,morning,weekday,cloudy,metro,yes,0,140,direct,10.00
SCV20000882,commercial,metro_station,4.33,13.30,low,afternoon,weekday,clear,auto,no,0,126,direct,100.36
SCV20000883,college_area,metro_station,7.73,49.50,medium,morning,weekday,clear,uber,yes,1,654,multimodal,512.48
SCV20000884,commercial,shopping_area,1.50,14.10,medium,night,weekday,cloudy,uber,yes,0,65,direct,196.27
SCV20000885,metro_station,office_area,10.25,82.00,medium,morning,weekday,clear,metro,yes,2,1844,multimodal,20.99
SCV20000886,residential,metro_station,3.71,19.80,low,afternoon,weekday,clear,rapido,no,0,3,direct,69.22
SCV20000887,residential,metro_station,8.41,40.70,low,afternoon,weekend,clear,rapido,no,0,127,direct,139.35
SCV20000888,commercial,office_area,9.23,34.10,low,afternoon,weekday,clear,rapido,no,0,101,direct,139.37
SCV20000889,residential,metro_station,6.25,30.10,low,night,weekday,clear,ola,no,0,59,direct,248.55
SCV20000890,commercial,office_area,5.57,30.40,medium,morning,weekday,rainy,bus,yes,0,206,direct,25.81
SCV20000891,residential,office_area,10.67,43.00,low,afternoon,weekday,cloudy,uber,no,0,118,direct,455.91
SCV20000892,residential,commercial,4.20,34.00,medium,evening,weekday,clear,auto,no,0,107,direct,130.23
SCV20000893,residential,metro_station,6.17,31.20,low,night,weekday,clear,metro,no,0,205,direct,10.00
SCV20000894,metro_station,residential,5.32,31.40,medium,morning,weekday,cloudy,uber,yes,0,129,direct,391.58
SCV20000895,residential,commercial,8.09,69.80,medium,evening,weekday,clear,metro,yes,1,693,multimodal,27.89
SCV20000896,metro_station,commercial,2.44,32.00,high,evening,weekday,clear,auto,yes,0,0,direct,156.71
SCV20000897,residential,office_area,5.25,61.10,high,evening,weekday,clear,metro,yes,0,195,direct,33.99
SCV20000898,residential,commercial,9.40,59.30,medium,evening,weekend,clear,uber,no,0,52,direct,522.10
SCV20000899,metro_station,office_area,4.13,27.70,medium,morning,weekday,clear,rapido,yes,0,94,direct,75.69
SCV20000900,residential,metro_station,4.92,29.60,medium,morning,weekday,cloudy,bus,yes,0,125,direct,27.68
SCV20000901,airport,commercial,12.72,62.60,low,afternoon,weekday,clear,rapido,no,1,935,multimodal,202.82
SCV20000902,commercial,office_area,6.85,41.80,medium,evening,weekday,cloudy,rapido,yes,0,66,direct,118.56
SCV20000903,commercial,office_area,3.54,54.40,medium,afternoon,weekday,clear,uber,yes,2,1314,multimodal,433.99
SCV20000904,commercial,office_area,8.05,31.20,medium,morning,weekday,clear,metro,yes,1,129,direct,26.29
SCV20000905,metro_station,commercial,4.83,14.40,low,afternoon,weekend,clear,rapido,no,0,200,direct,54.79
SCV20000906,college_area,office_area,13.14,36.50,low,night,weekday,clear,bus,no,1,217,direct,15.71
SCV20000907,airport,metro_station,18.04,91.40,medium,evening,weekday,cloudy,ola,yes,0,119,direct,837.13
SCV20000908,metro_station,residential,8.51,39.50,medium,morning,weekday,cloudy,ola,yes,0,75,direct,493.40
SCV20000909,airport,metro_station,24.45,150.00,high,evening,weekday,cloudy,rapido,yes,0,72,direct,576.88
SCV20000910,commercial,office_area,7.52,74.40,high,evening,weekday,rainy,auto,yes,0,25,direct,398.77
SCV20000911,college_area,commercial,12.03,79.70,medium,morning,weekday,cloudy,uber,yes,2,1712,multimodal,797.06
SCV20000912,metro_station,commercial,4.39,33.90,medium,evening,weekday,cloudy,rapido,yes,1,7,direct,114.26
SCV20000913,metro_station,shopping_area,4.03,31.00,high,morning,weekday,rainy,rapido,yes,1,12,direct,159.20
SCV20000914,college_area,residential,7.25,29.20,low,afternoon,weekend,rainy,auto,no,0,202,direct,144.09
SCV20000915,metro_station,office_area,6.04,63.20,low,night,weekend,cloudy,bus,no,2,1868,multimodal,20.84
SCV20000916,metro_station,office_area,6.76,69.20,medium,morning,weekday,clear,metro,yes,3,1508,multimodal,22.83
SCV20000917,metro_station,office_area,7.54,56.20,medium,morning,weekday,clear,uber,yes,1,545,multimodal,532.71
SCV20000918,commercial,shopping_area,3.71,26.70,high,morning,weekday,rainy,metro,yes,0,211,direct,12.71
SCV20000919,residential,shopping_area,11.61,94.10,medium,evening,weekday,clear,bus,yes,1,1483,multimodal,36.39
SCV20000920,commercial,office_area,3.38,22.80,low,afternoon,weekday,cloudy,auto,no,1,78,direct,92.18
SCV20000921,metro_station,shopping_area,5.81,37.80,medium,morning,weekday,rainy,uber,yes,0,22,direct,468.43
SCV20000922,residential,commercial,7.97,24.70,low,afternoon,weekend,clear,metro,no,0,126,direct,36.28
SCV20000923,residential,metro_station,6.74,59.60,low,night,weekday,rainy,metro,no,2,1225,multimodal,25.54
SCV20000924,commercial,shopping_area,7.56,46.50,medium,evening,weekend,clear,ola,no,0,42,direct,360.75
SCV20000925,college_area,residential,9.96,71.00,medium,morning,weekday,clear,bus,yes,2,1134,multimodal,14.74
SCV20000926,commercial,residential,8.61,46.90,medium,evening,weekday,cloudy,uber,yes,0,90,direct,503.36
SCV20000927,residential,office_area,10.30,58.80,low,morning,weekday,clear,auto,no,1,1498,multimodal,247.36
SCV20000928,metro_station,residential,6.40,75.30,low,afternoon,weekday,clear,metro,no,3,1657,multimodal,10.00
SCV20000929,college_area,office_area,13.51,109.40,high,evening,weekday,rainy,uber,yes,0,134,direct,1259.75
SCV20000930,residential,commercial,11.85,36.50,low,afternoon,weekday,clear,uber,no,0,0,direct,450.65
SCV20000931,residential,office_area,5.70,59.40,high,evening,weekday,cloudy,auto,yes,0,23,direct,279.89
SCV20000932,commercial,shopping_area,4.64,31.80,medium,evening,weekday,cloudy,uber,no,0,0,direct,320.55
SCV20000933,residential,metro_station,8.49,41.60,medium,morning,weekday,cloudy,uber,yes,0,90,direct,478.37
SCV20000934,metro_station,shopping_area,5.98,42.00,medium,evening,weekday,clear,rapido,yes,0,40,direct,149.75
SCV20000935,residential,commercial,13.67,59.60,low,night,weekday,clear,ola,no,2,905,multimodal,476.26
SCV20000936,college_area,metro_station,2.40,26.70,medium,morning,weekday,clear,auto,yes,0,56,direct,121.31
SCV20000937,commercial,office_area,7.32,49.50,medium,evening,weekday,rainy,uber,no,0,84,direct,473.73
SCV20000938,commercial,office_area,5.47,27.30,medium,afternoon,weekday,clear,auto,yes,0,99,direct,169.29
SCV20000939,residential,metro_station,5.25,23.80,low,afternoon,weekday,clear,uber,no,0,128,direct,290.52
SCV20000940,residential,commercial,6.90,39.90,low,afternoon,weekday,clear,metro,no,1,722,multimodal,22.13
SCV20000941,college_area,residential,5.35,18.90,low,afternoon,weekend,clear,uber,no,0,186,direct,248.48
SCV20000942,residential,office_area,10.57,42.40,low,evening,weekend,clear,ola,no,0,190,direct,338.87
SCV20000943,commercial,metro_station,5.92,31.10,medium,morning,weekday,cloudy,ola,yes,0,104,direct,280.70
SCV20000944,college_area,office_area,11.86,40.90,medium,morning,weekday,clear,ola,yes,0,0,direct,459.97
SCV20000945,metro_station,residential,5.46,44.80,medium,afternoon,weekday,clear,rapido,yes,1,852,multimodal,125.36
SCV20000946,metro_station,office_area,3.92,29.40,medium,evening,weekend,clear,uber,no,0,206,direct,307.33
SCV20000947,residential,metro_station,3.77,27.00,medium,evening,weekend,clear,ola,yes,0,22,direct,233.49
SCV20000948,college_area,residential,9.49,59.60,medium,morning,weekday,cloudy,rapido,yes,1,1009,multimodal,214.93
SCV20000949,commercial,residential,11.10,53.60,medium,morning,weekend,rainy,ola,no,0,43,direct,515.84
SCV20000950,airport,metro_station,25.14,112.20,medium,afternoon,weekday,clear,metro,yes,1,1289,multimodal,63.70
SCV20000951,college_area,commercial,9.31,47.20,medium,morning,weekday,clear,uber,yes,0,0,direct,542.38
SCV20000952,residential,metro_station,2.90,39.50,medium,afternoon,weekday,clear,uber,yes,1,1217,multimodal,334.66
SCV20000953,residential,commercial,6.77,46.00,low,night,weekday,rainy,bus,no,1,388,multimodal,18.56
SCV20000954,residential,office_area,11.67,51.50,medium,morning,weekday,clear,metro,no,0,232,direct,28.32
SCV20000955,residential,office_area,19.95,150.00,high,evening,weekday,rainy,metro,yes,1,922,multimodal,66.64
SCV20000956,metro_station,shopping_area,4.66,32.30,medium,morning,weekday,cloudy,uber,yes,0,0,direct,348.64
SCV20000957,college_area,metro_station,5.26,28.60,medium,evening,weekday,cloudy,bus,yes,0,268,direct,11.29
SCV20000958,residential,office_area,9.81,36.10,medium,night,weekday,cloudy,rapido,yes,0,234,direct,143.27
SCV20000959,college_area,metro_station,3.93,53.40,medium,evening,weekday,clear,rapido,yes,2,811,multimodal,121.29
SCV20000960,college_area,residential,6.40,25.00,low,night,weekday,rainy,ola,yes,0,0,direct,275.38
SCV20000961,metro_station,commercial,6.90,13.40,low,afternoon,weekend,clear,auto,no,0,56,direct,128.31
SCV20000962,airport,commercial,24.07,117.20,medium,evening,weekday,clear,uber,yes,0,145,direct,1330.47
SCV20000963,residential,metro_station,3.32,17.40,medium,morning,weekday,clear,ola,yes,0,60,direct,196.00
SCV20000964,metro_station,residential,6.39,22.80,low,night,weekday,cloudy,ola,no,0,68,direct,206.55
SCV20000965,airport,metro_station,23.41,135.30,medium,evening,weekday,clear,bus,yes,1,1335,multimodal,68.43
SCV20000966,metro_station,shopping_area,8.67,25.60,low,night,weekend,rainy,uber,no,0,128,direct,398.04
SCV20000967,metro_station,residential,4.40,42.80,high,evening,weekday,clear,ola,yes,0,65,direct,382.44
SCV20000968,commercial,metro_station,4.51,58.80,high,evening,weekday,cloudy,auto,yes,0,43,direct,257.10
SCV20000969,airport,residential,30.94,150.00,medium,evening,weekend,rainy,auto,yes,2,1043,multimodal,961.24
SCV20000970,commercial,residential,5.65,20.50,low,afternoon,weekday,clear,bus,no,0,113,direct,26.18
SCV20000971,college_area,commercial,4.12,17.20,medium,morning,weekday,cloudy,uber,yes,0,177,direct,279.41
SCV20000972,airport,metro_station,21.39,131.10,medium,evening,weekend,clear,bus,no,1,1517,multimodal,41.35
SCV20000973,residential,metro_station,8.25,40.10,medium,morning,weekday,cloudy,ola,yes,0,95,direct,373.34
SCV20000974,commercial,metro_station,7.04,53.40,low,afternoon,weekday,clear,bus,no,1,1000,multimodal,51.33
SCV20000975,airport,metro_station,24.85,70.60,low,night,weekday,clear,uber,no,0,70,direct,916.69
SCV20000976,residential,metro_station,8.95,73.90,low,night,weekend,clear,metro,no,3,1895,multimodal,27.56
SCV20000977,commercial,office_area,9.81,98.20,medium,morning,weekday,clear,bus,yes,3,2119,multimodal,38.81
SCV20000978,residential,metro_station,4.75,23.80,medium,morning,weekday,clear,rapido,yes,0,42,direct,109.37
SCV20000979,metro_station,residential,4.57,13.30,low,night,weekday,clear,uber,no,0,49,direct,244.18
SCV20000980,residential,office_area,13.23,84.50,medium,morning,weekday,cloudy,bus,yes,1,1248,multimodal,28.93
SCV20000981,college_area,residential,4.26,51.40,medium,evening,weekday,clear,ola,yes,3,1058,multimodal,345.88
SCV20000982,commercial,office_area,4.07,43.50,high,evening,weekday,clear,uber,yes,0,12,direct,458.07
SCV20000983,airport,office_area,29.86,150.00,high,evening,weekday,clear,uber,yes,0,46,direct,1500.00
SCV20000984,commercial,office_area,7.95,43.50,medium,evening,weekday,cloudy,auto,yes,0,98,direct,238.72
SCV20000985,airport,office_area,28.40,89.40,low,morning,weekend,clear,rapido,no,0,68,direct,372.49
SCV20000986,college_area,commercial,8.74,21.70,low,night,weekday,clear,ola,no,0,110,direct,281.23
SCV20000987,airport,commercial,16.26,100.90,medium,afternoon,weekday,rainy,ola,yes,3,2340,multimodal,927.42
SCV20000988,airport,office_area,24.02,64.60,low,night,weekend,clear,rapido,no,0,19,direct,291.21
SCV20000989,metro_station,shopping_area,7.23,31.20,low,afternoon,weekday,clear,ola,no,0,0,direct,286.37
SCV20000990,residential,commercial,8.85,40.40,medium,afternoon,weekday,clear,rapido,yes,0,97,direct,147.13
SCV20000991,residential,metro_station,6.86,72.20,medium,evening,weekday,cloudy,metro,yes,1,1102,multimodal,26.98
SCV20000992,metro_station,shopping_area,8.16,51.70,medium,evening,weekday,cloudy,ola,yes,0,72,direct,408.77
SCV20000993,residential,shopping_area,7.80,35.70,low,night,weekday,clear,uber,yes,0,89,direct,426.80
SCV20000994,commercial,shopping_area,7.32,45.20,medium,evening,weekday,clear,ola,yes,0,80,direct,365.46
SCV20000995,commercial,metro_station,2.40,15.90,low,night,weekday,clear,uber,no,1,143,direct,173.86
SCV20000996,commercial,residential,7.90,62.30,high,evening,weekday,clear,rapido,yes,0,102,direct,226.86
SCV20000997,airport,residential,35.21,94.20,low,night,weekend,cloudy,metro,no,0,217,direct,51.47
SCV20000998,airport,office_area,23.15,63.90,medium,night,weekday,clear,ola,yes,0,170,direct,865.00
SCV20000999,metro_station,commercial,5.98,30.40,medium,morning,weekday,clear,rapido,yes,0,93,direct,108.88
SCV20001000,metro_station,commercial,3.32,52.90,medium,evening,weekday,rainy,bus,no,2,1373,multimodal,13.54
SCV20001001,commercial,metro_station,9.52,100.10,high,evening,weekday,clear,metro,yes,1,1087,multimodal,25.84
SCV20001002,metro_station,residential,4.64,29.20,low,night,weekend,clear,uber,no,1,734,multimodal,317.33
SCV20001003,residential,office_area,10.94,49.70,medium,morning,weekday,cloudy,rapido,yes,0,145,direct,190.93
SCV20001004,commercial,office_area,5.95,33.20,medium,morning,weekday,clear,uber,yes,0,83,direct,410.62
SCV20001005,commercial,metro_station,2.44,28.50,medium,morning,weekday,clear,ola,yes,0,26,direct,195.72
SCV20001006,residential,shopping_area,8.18,61.90,medium,evening,weekday,clear,rapido,yes,1,1119,multimodal,149.18
SCV20001007,metro_station,commercial,3.93,41.60,high,evening,weekday,rainy,uber,yes,0,141,direct,491.96
SCV20001008,residential,shopping_area,6.76,36.30,medium,evening,weekday,clear,metro,yes,0,232,direct,28.26
SCV20001009,metro_station,residential,6.78,31.60,medium,afternoon,weekday,clear,ola,no,0,57,direct,298.75
SCV20001010,residential,metro_station,8.42,46.70,medium,evening,weekday,clear,uber,yes,0,39,direct,511.04
SCV20001011,metro_station,residential,6.90,33.20,medium,morning,weekday,clear,ola,yes,0,86,direct,326.82
SCV20001012,metro_station,commercial,5.60,31.90,medium,morning,weekday,cloudy,uber,yes,0,222,direct,440.18
SCV20001013,airport,office_area,18.23,52.10,medium,night,weekday,rainy,ola,no,0,133,direct,709.22
SCV20001014,residential,commercial,11.27,39.70,medium,morning,weekday,clear,rapido,yes,0,55,direct,177.42
SCV20001015,commercial,residential,10.97,34.80,low,night,weekday,clear,bus,yes,0,391,direct,23.46
SCV20001016,college_area,metro_station,6.69,37.20,medium,evening,weekend,clear,bus,yes,0,213,direct,20.86
SCV20001017,commercial,metro_station,5.95,52.10,medium,morning,weekday,cloudy,uber,yes,1,1344,multimodal,454.73
SCV20001018,commercial,residential,9.95,48.50,medium,evening,weekday,clear,rapido,yes,0,117,direct,178.53
SCV20001019,commercial,metro_station,1.00,68.00,medium,morning,weekday,clear,bus,yes,3,2397,multimodal,20.58
SCV20001020,college_area,metro_station,8.01,41.20,medium,evening,weekday,cloudy,rapido,no,0,151,direct,114.03
SCV20001021,metro_station,shopping_area,10.30,38.20,medium,afternoon,weekday,cloudy,auto,yes,0,69,direct,268.21
SCV20001022,residential,commercial,8.07,40.40,medium,morning,weekday,cloudy,ola,yes,0,109,direct,392.51
SCV20001023,airport,metro_station,25.04,75.90,low,afternoon,weekend,rainy,ola,no,0,118,direct,826.77
SCV20001024,metro_station,residential,3.40,40.90,medium,morning,weekday,cloudy,bus,yes,1,1230,multimodal,26.05
SCV20001025,residential,commercial,6.95,65.30,medium,morning,weekday,cloudy,uber,yes,2,1452,multimodal,575.50
SCV20001026,college_area,commercial,5.92,61.20,medium,afternoon,weekday,cloudy,metro,no,1,1319,multimodal,14.15
SCV20001027,commercial,residential,8.09,41.40,medium,morning,weekday,cloudy,uber,yes,0,200,direct,503.18
SCV20001028,commercial,residential,7.48,74.00,high,evening,weekday,clear,uber,yes,1,1290,multimodal,811.47
SCV20001029,airport,residential,25.45,121.00,medium,evening,weekday,cloudy,ola,no,0,188,direct,966.12
SCV20001030,commercial,metro_station,7.34,37.30,medium,morning,weekday,clear,rapido,yes,0,88,direct,129.83
SCV20001031,airport,metro_station,26.80,133.80,medium,evening,weekday,clear,auto,no,0,89,direct,606.68
SCV20001032,residential,shopping_area,8.38,93.00,medium,evening,weekday,clear,bus,yes,3,1074,multimodal,31.82
SCV20001033,residential,commercial,8.27,62.70,medium,morning,weekday,cloudy,rapido,yes,1,1480,multimodal,170.88
SCV20001034,airport,metro_station,25.42,150.00,medium,evening,weekday,clear,uber,no,3,1382,multimodal,1394.37
SCV20001035,residential,office_area,18.63,150.00,high,evening,weekday,rainy,bus,yes,1,570,multimodal,68.03
SCV20001036,college_area,office_area,9.33,43.70,medium,morning,weekday,clear,uber,yes,0,141,direct,565.36
SCV20001037,college_area,residential,3.00,49.70,medium,morning,weekday,cloudy,bus,yes,1,777,multimodal,27.13
SCV20001038,airport,commercial,30.79,150.00,medium,evening,weekday,clear,uber,no,0,84,direct,1469.97
SCV20001039,airport,commercial,20.57,52.10,low,afternoon,weekend,clear,ola,no,1,62,direct,638.91
SCV20001040,college_area,metro_station,6.13,32.80,low,afternoon,weekday,cloudy,uber,no,1,1225,multimodal,348.10
SCV20001041,commercial,shopping_area,3.78,22.90,medium,evening,weekend,rainy,metro,no,0,230,direct,10.00
SCV20001042,commercial,metro_station,3.31,25.40,medium,evening,weekday,clear,uber,yes,0,142,direct,309.57
SCV20001043,college_area,residential,6.68,62.20,medium,morning,weekday,clear,bus,yes,2,1116,multimodal,32.26
SCV20001044,metro_station,residential,4.61,15.50,low,night,weekday,clear,uber,no,0,77,direct,218.97
SCV20001045,college_area,commercial,7.25,81.80,medium,evening,weekday,clear,metro,yes,2,2079,multimodal,11.48
SCV20001046,airport,metro_station,21.15,75.60,low,night,weekend,cloudy,metro,no,1,664,multimodal,26.10
SCV20001047,commercial,residential,6.90,20.70,low,night,weekend,clear,rapido,no,0,57,direct,98.60
SCV20001048,commercial,office_area,4.21,42.90,high,evening,weekday,rainy,uber,yes,0,65,direct,549.82
SCV20001049,metro_station,office_area,3.45,40.40,low,afternoon,weekend,cloudy,ola,yes,1,589,multimodal,269.18
SCV20001050,commercial,residential,9.90,40.10,medium,afternoon,weekday,clear,ola,yes,0,119,direct,396.56
SCV20001051,college_area,office_area,9.42,46.30,medium,morning,weekday,cloudy,ola,yes,0,27,direct,439.43
SCV20001052,residential,commercial,5.82,46.00,medium,morning,weekday,clear,ola,yes,1,594,multimodal,338.46
SCV20001053,residential,office_area,8.58,82.50,medium,evening,weekday,clear,bus,no,2,2001,multimodal,10.75
SCV20001054,commercial,metro_station,1.86,33.50,high,evening,weekday,clear,ola,yes,1,21,direct,260.26
SCV20001055,metro_station,office_area,10.74,72.00,high,morning,weekday,clear,rapido,yes,0,158,direct,287.78
SCV20001056,residential,metro_station,4.72,45.00,high,evening,weekday,cloudy,auto,yes,0,125,direct,206.01
SCV20001057,metro_station,commercial,2.08,26.60,medium,morning,weekday,clear,uber,no,0,47,direct,223.94
SCV20001058,metro_station,office_area,6.95,37.00,low,morning,weekend,clear,metro,no,0,104,direct,30.34
SCV20001059,commercial,residential,3.98,60.10,low,night,weekday,clear,bus,no,2,2500,multimodal,25.32
SCV20001060,residential,shopping_area,10.18,34.70,low,night,weekday,clear,auto,no,0,74,direct,195.93
SCV20001061,metro_station,residential,8.67,60.60,high,morning,weekday,rainy,bus,yes,0,116,direct,38.30
SCV20001062,commercial,residential,6.99,41.30,medium,evening,weekday,rainy,metro,no,0,197,direct,23.17
SCV20001063,residential,shopping_area,9.88,32.50,low,afternoon,weekday,cloudy,bus,no,0,255,direct,13.06
SCV20001064,metro_station,office_area,8.84,84.00,medium,afternoon,weekend,clear,auto,yes,3,1799,multimodal,313.63
SCV20001065,college_area,commercial,12.84,67.10,medium,afternoon,weekday,cloudy,ola,yes,1,1049,multimodal,566.62
SCV20001066,commercial,office_area,5.18,29.20,low,morning,weekend,clear,uber,no,0,106,direct,315.51
SCV20001067,residential,office_area,10.74,68.00,high,morning,weekday,cloudy,auto,yes,0,70,direct,381.16
SCV20001068,residential,metro_station,4.74,38.50,medium,evening,weekday,clear,bus,yes,0,288,direct,29.98
SCV20001069,commercial,shopping_area,4.62,60.20,medium,evening,weekday,clear,bus,yes,1,1346,multimodal,18.09
SCV20001070,residential,office_area,8.83,42.80,medium,morning,weekday,clear,ola,yes,0,32,direct,394.43
SCV20001071,residential,office_area,15.66,67.00,low,night,weekend,clear,metro,no,1,949,multimodal,14.41
SCV20001072,commercial,office_area,2.74,26.90,medium,evening,weekday,clear,uber,yes,0,53,direct,258.68
SCV20001073,residential,office_area,7.51,31.60,medium,morning,weekday,clear,ola,yes,0,128,direct,322.13
SCV20001074,residential,office_area,10.39,50.80,medium,morning,weekday,clear,rapido,yes,0,31,direct,169.29
SCV20001075,metro_station,office_area,6.84,47.80,medium,morning,weekday,cloudy,uber,yes,1,839,multimodal,481.77
SCV20001076,commercial,office_area,5.90,39.10,medium,evening,weekday,clear,ola,yes,0,99,direct,312.20
SCV20001077,residential,shopping_area,13.28,80.60,medium,afternoon,weekday,clear,metro,no,1,1437,multimodal,23.27
SCV20001078,residential,shopping_area,2.67,8.00,low,morning,weekend,rainy,rapido,no,0,6,direct,52.76
SCV20001079,airport,metro_station,27.90,79.50,low,afternoon,weekday,clear,bus,no,0,94,direct,39.20
SCV20001080,metro_station,residential,5.56,30.50,medium,afternoon,weekday,clear,auto,yes,0,19,direct,158.01
SCV20001081,residential,metro_station,4.17,50.80,high,evening,weekday,rainy,uber,yes,0,164,direct,604.66
SCV20001082,commercial,office_area,4.38,50.50,medium,evening,weekday,clear,ola,yes,1,1011,multimodal,334.29
SCV20001083,airport,residential,24.11,119.70,medium,evening,weekend,clear,rapido,no,0,196,direct,387.46
SCV20001084,metro_station,office_area,3.29,28.60,medium,evening,weekday,clear,bus,yes,0,124,direct,10.00
SCV20001085,commercial,metro_station,7.55,51.80,low,morning,weekend,clear,metro,no,1,558,multimodal,38.15
SCV20001086,residential,commercial,8.64,39.30,medium,morning,weekday,clear,auto,yes,0,122,direct,243.62
SCV20001087,metro_station,commercial,5.72,32.30,medium,morning,weekday,cloudy,auto,yes,0,0,direct,189.69
SCV20001088,metro_station,commercial,3.72,32.10,medium,evening,weekday,clear,uber,yes,0,71,direct,318.43
SCV20001089,residential,commercial,5.97,31.80,medium,afternoon,weekday,rainy,auto,yes,0,128,direct,209.13
SCV20001090,metro_station,commercial,4.31,42.60,medium,morning,weekday,rainy,metro,yes,1,991,multimodal,19.02
SCV20001091,airport,commercial,18.03,89.20,medium,evening,weekend,clear,rapido,no,0,97,direct,285.42
SCV20001092,metro_station,residential,3.00,23.60,medium,morning,weekday,clear,ola,yes,0,121,direct,229.86
SCV20001093,residential,office_area,9.66,27.80,low,afternoon,weekday,clear,rapido,no,0,172,direct,133.24
SCV20001094,airport,metro_station,15.79,42.60,low,night,weekend,clear,rapido,yes,0,182,direct,244.08
SCV20001095,residential,metro_station,2.78,27.60,medium,evening,weekday,clear,bus,yes,0,271,direct,35.66
SCV20001096,metro_station,office_area,6.06,33.60,medium,evening,weekday,clear,uber,yes,0,33,direct,381.69
SCV20001097,residential,metro_station,4.29,34.00,medium,afternoon,weekday,clear,auto,yes,0,130,direct,161.41
SCV20001098,college_area,residential,7.11,52.70,low,night,weekday,rainy,bus,no,1,1226,multimodal,10.00
SCV20001099,commercial,office_area,6.17,31.10,medium,morning,weekday,cloudy,bus,yes,0,244,direct,10.00
SCV20001100,residential,commercial,8.28,25.10,low,morning,weekend,clear,rapido,no,0,32,direct,96.42
SCV20001101,residential,metro_station,6.61,78.80,medium,evening,weekday,clear,uber,yes,2,1512,multimodal,611.32
SCV20001102,metro_station,shopping_area,8.23,71.10,high,evening,weekday,cloudy,metro,yes,0,284,direct,51.51
SCV20001103,metro_station,office_area,9.38,64.30,medium,afternoon,weekday,cloudy,ola,yes,2,1180,multimodal,492.44
SCV20001104,metro_station,shopping_area,8.49,45.20,medium,evening,weekday,clear,auto,yes,0,125,direct,222.46
SCV20001105,commercial,metro_station,7.23,72.90,high,morning,weekday,clear,metro,yes,1,996,multimodal,21.48
SCV20001106,airport,office_area,20.33,49.30,low,night,weekend,cloudy,rapido,no,0,156,direct,236.72
SCV20001107,college_area,residential,7.43,43.20,medium,afternoon,weekday,rainy,auto,no,0,107,direct,219.69
SCV20001108,residential,commercial,7.63,32.10,medium,morning,weekday,clear,rapido,yes,0,86,direct,142.35
SCV20001109,metro_station,residential,1.88,39.60,high,evening,weekday,rainy,ola,yes,0,2,direct,352.27
SCV20001110,commercial,shopping_area,4.64,48.80,high,morning,weekday,rainy,auto,yes,0,95,direct,240.18
SCV20001111,commercial,residential,5.92,54.40,low,night,weekend,rainy,metro,no,2,2072,multimodal,13.61
SCV20001112,metro_station,commercial,7.98,58.00,medium,evening,weekday,clear,uber,no,0,13,direct,466.18
SCV20001113,college_area,commercial,6.48,22.40,low,night,weekend,cloudy,auto,no,0,80,direct,154.73
SCV20001114,residential,shopping_area,11.29,37.90,low,night,weekday,clear,auto,no,0,143,direct,203.83
SCV20001115,residential,shopping_area,8.96,101.00,high,evening,weekday,rainy,metro,yes,1,1227,multimodal,42.06
SCV20001116,metro_station,office_area,5.87,36.40,medium,morning,weekday,clear,ola,yes,0,101,direct,323.32
SCV20001117,college_area,residential,8.42,45.90,medium,evening,weekday,clear,rapido,yes,0,165,direct,138.15
SCV20001118,commercial,office_area,9.34,113.50,high,evening,weekday,rainy,metro,yes,1,1568,multimodal,35.52
SCV20001119,residential,metro_station,3.99,21.10,medium,morning,weekday,clear,uber,yes,0,140,direct,274.37
SCV20001120,metro_station,residential,4.09,52.10,medium,evening,weekend,clear,auto,yes,1,419,multimodal,196.63
SCV20001121,commercial,metro_station,6.85,34.20,medium,evening,weekend,clear,uber,yes,0,0,direct,440.25
SCV20001122,residential,commercial,5.61,53.60,low,afternoon,weekend,clear,bus,no,1,996,multimodal,18.19
SCV20001123,residential,metro_station,1.50,19.10,medium,afternoon,weekday,rainy,ola,yes,0,58,direct,224.38
SCV20001124,residential,metro_station,8.32,54.50,high,morning,weekday,cloudy,rapido,yes,0,58,direct,259.56
SCV20001125,residential,metro_station,5.36,32.90,low,afternoon,weekday,clear,bus,no,1,732,multimodal,17.45
SCV20001126,residential,commercial,11.45,65.80,medium,evening,weekday,rainy,metro,no,0,27,direct,18.27
SCV20001127,commercial,metro_station,4.91,47.70,high,evening,weekday,clear,ola,yes,0,214,direct,417.71
SCV20001128,metro_station,residential,7.67,24.50,low,night,weekend,clear,ola,yes,0,193,direct,306.57
SCV20001129,commercial,office_area,8.63,36.90,medium,morning,weekday,cloudy,bus,yes,0,191,direct,29.01
SCV20001130,airport,office_area,27.82,57.40,low,night,weekend,cloudy,uber,no,0,24,direct,1003.99
SCV20001131,residential,office_area,7.05,47.60,medium,evening,weekday,clear,ola,yes,0,35,direct,366.72
SCV20001132,commercial,office_area,5.83,52.20,medium,morning,weekday,clear,auto,yes,1,1342,multimodal,217.03
SCV20001133,residential,metro_station,8.17,28.40,low,afternoon,weekday,clear,uber,no,0,83,direct,345.80
SCV20001134,metro_station,commercial,7.06,22.40,medium,morning,weekday,clear,auto,yes,0,50,direct,178.35
SCV20001135,residential,shopping_area,7.99,41.50,low,afternoon,weekend,clear,metro,no,1,1152,multimodal,26.43
SCV20001136,metro_station,commercial,3.65,38.20,high,morning,weekday,clear,metro,yes,0,177,direct,28.79
SCV20001137,residential,metro_station,7.47,51.80,medium,morning,weekday,clear,bus,yes,1,1425,multimodal,10.93
SCV20001138,commercial,shopping_area,8.18,32.40,medium,afternoon,weekday,clear,uber,yes,0,138,direct,468.23
SCV20001139,college_area,residential,7.59,29.70,low,night,weekday,clear,uber,no,0,20,direct,362.27
SCV20001140,residential,office_area,11.60,60.30,high,morning,weekday,clear,uber,yes,0,28,direct,810.95
SCV20001141,residential,metro_station,8.29,74.20,high,evening,weekday,rainy,auto,yes,0,47,direct,412.13
SCV20001142,airport,office_area,29.12,146.10,medium,afternoon,weekend,cloudy,bus,no,2,1845,multimodal,50.01
SCV20001143,commercial,shopping_area,6.59,58.40,low,afternoon,weekend,rainy,metro,no,1,783,multimodal,10.00
SCV20001144,commercial,office_area,4.07,27.50,medium,morning,weekday,clear,ola,yes,0,87,direct,226.05
SCV20001145,metro_station,residential,8.43,65.10,high,morning,weekday,rainy,ola,yes,0,147,direct,586.07
SCV20001146,college_area,metro_station,4.89,23.50,low,night,weekday,clear,metro,no,0,229,direct,10.00
SCV20001147,residential,commercial,14.45,37.70,low,afternoon,weekend,clear,auto,no,0,132,direct,228.35
SCV20001148,commercial,office_area,3.23,56.10,medium,afternoon,weekday,rainy,metro,no,1,1300,multimodal,10.00
SCV20001149,metro_station,shopping_area,7.11,19.30,low,night,weekend,cloudy,bus,no,0,288,direct,20.72
SCV20001150,commercial,metro_station,5.10,65.80,medium,afternoon,weekday,clear,bus,yes,2,1057,multimodal,16.18
SCV20001151,commercial,metro_station,5.17,22.90,medium,morning,weekday,clear,rapido,yes,0,0,direct,114.12
SCV20001152,college_area,office_area,7.07,32.80,medium,morning,weekday,clear,uber,yes,0,82,direct,401.35
SCV20001153,commercial,residential,9.12,43.90,medium,morning,weekend,rainy,ola,yes,0,103,direct,436.91
SCV20001154,college_area,metro_station,1.29,13.50,medium,evening,weekend,rainy,bus,no,0,310,direct,10.39
SCV20001155,commercial,residential,10.01,40.10,medium,morning,weekend,cloudy,uber,yes,0,62,direct,561.12
SCV20001156,commercial,metro_station,7.32,33.90,medium,afternoon,weekday,clear,auto,yes,0,0,direct,214.71
SCV20001157,metro_station,office_area,5.54,35.40,medium,evening,weekday,clear,ola,yes,0,139,direct,280.05
SCV20001158,college_area,office_area,4.55,36.60,medium,evening,weekday,rainy,metro,yes,0,297,direct,27.27
SCV20001159,residential,office_area,12.74,54.30,medium,morning,weekday,clear,ola,yes,0,34,direct,530.91
SCV20001160,college_area,office_area,5.19,71.00,medium,evening,weekday,clear,metro,yes,2,1493,multimodal,24.89
SCV20001161,commercial,metro_station,6.57,61.70,high,evening,weekday,clear,bus,yes,0,217,direct,26.01
SCV20001162,commercial,residential,8.62,72.80,high,evening,weekday,cloudy,rapido,yes,0,133,direct,252.45
SCV20001163,metro_station,residential,4.29,40.00,medium,evening,weekend,clear,rapido,no,1,12,direct,123.98
SCV20001164,college_area,office_area,10.63,78.90,medium,morning,weekday,clear,metro,yes,1,1755,multimodal,28.53
SCV20001165,college_area,residential,5.32,38.00,medium,morning,weekday,clear,uber,yes,0,79,direct,425.57
SCV20001166,college_area,commercial,3.96,35.20,high,evening,weekday,rainy,ola,yes,0,84,direct,340.95
SCV20001167,residential,commercial,12.49,119.30,high,evening,weekday,clear,uber,yes,2,1516,multimodal,1122.72
SCV20001168,airport,commercial,25.79,112.00,low,evening,weekend,clear,ola,no,1,621,multimodal,913.79
SCV20001169,commercial,metro_station,6.49,60.60,medium,morning,weekday,clear,bus,yes,2,1150,multimodal,18.67
SCV20001170,metro_station,commercial,3.89,34.80,medium,morning,weekday,clear,uber,yes,0,103,direct,339.38
SCV20001171,commercial,shopping_area,7.92,36.00,medium,morning,weekday,clear,uber,no,0,165,direct,379.58
SCV20001172,residential,office_area,10.14,80.50,medium,morning,weekday,clear,bus,yes,2,1522,multimodal,37.46
SCV20001173,residential,office_area,18.30,145.70,high,evening,weekday,clear,rapido,yes,0,119,direct,439.42
SCV20001174,metro_station,commercial,3.91,26.40,medium,morning,weekday,clear,rapido,yes,0,119,direct,104.70
SCV20001175,college_area,commercial,5.87,55.60,high,evening,weekday,rainy,auto,yes,0,87,direct,285.87
SCV20001176,airport,residential,34.06,150.00,medium,afternoon,weekday,clear,bus,yes,2,1702,multimodal,74.70
SCV20001177,college_area,commercial,11.92,43.00,medium,morning,weekday,cloudy,auto,yes,0,235,direct,297.10
SCV20001178,airport,metro_station,28.90,150.00,medium,evening,weekend,clear,bus,yes,3,2010,multimodal,76.72
SCV20001179,airport,residential,31.81,150.00,medium,evening,weekday,clear,rapido,no,1,513,multimodal,496.80
SCV20001180,commercial,office_area,4.57,50.00,high,evening,weekend,rainy,metro,yes,0,269,direct,10.00
SCV20001181,commercial,residential,4.10,24.60,medium,evening,weekday,clear,ola,yes,0,87,direct,229.63
SCV20001182,metro_station,shopping_area,3.64,45.60,medium,evening,weekday,clear,uber,yes,2,1271,multimodal,367.05
SCV20001183,metro_station,commercial,4.49,33.60,medium,evening,weekend,clear,rapido,no,0,30,direct,91.24
SCV20001184,residential,commercial,7.92,48.90,medium,morning,weekday,clear,auto,yes,0,50,direct,218.86
SCV20001185,college_area,commercial,6.83,32.50,low,morning,weekend,rainy,rapido,no,0,55,direct,107.81
SCV20001186,commercial,office_area,7.02,23.20,low,night,weekend,clear,ola,no,0,122,direct,264.38
SCV20001187,commercial,residential,8.57,44.90,medium,afternoon,weekend,cloudy,ola,yes,0,7,direct,395.79
SCV20001188,college_area,residential,6.23,33.00,low,afternoon,weekday,rainy,uber,no,0,144,direct,358.69
SCV20001189,airport,commercial,33.32,109.30,low,afternoon,weekend,clear,metro,no,1,1022,multimodal,50.26
SCV20001190,residential,office_area,8.67,50.30,medium,evening,weekday,clear,metro,no,0,286,direct,38.85
SCV20001191,airport,office_area,27.43,68.40,low,night,weekday,cloudy,rapido,no,0,52,direct,332.39
SCV20001192,college_area,residential,7.62,45.60,medium,afternoon,weekday,clear,uber,yes,1,1052,multimodal,485.93
SCV20001193,metro_station,office_area,4.12,22.50,medium,morning,weekday,clear,ola,no,0,0,direct,203.01
SCV20001194,airport,office_area,16.37,55.50,low,afternoon,weekday,rainy,rapido,no,0,65,direct,257.29
SCV20001195,residential,commercial,11.89,33.70,low,afternoon,weekday,cloudy,auto,no,0,68,direct,229.67
SCV20001196,commercial,shopping_area,6.26,18.80,low,afternoon,weekday,rainy,rapido,no,0,80,direct,88.45
SCV20001197,commercial,office_area,10.53,52.90,medium,evening,weekend,clear,metro,no,0,108,direct,25.63
SCV20001198,college_area,commercial,7.12,53.70,low,afternoon,weekday,clear,bus,no,2,1399,multimodal,25.89
SCV20001199,college_area,commercial,6.54,25.00,low,afternoon,weekend,clear,bus,no,0,284,direct,20.47
SCV20001200,metro_station,office_area,8.32,42.60,medium,morning,weekday,clear,rapido,yes,0,18,direct,152.68
SCV20001201,residential,metro_station,3.71,18.80,medium,afternoon,weekday,rainy,uber,no,0,141,direct,288.21
SCV20001202,commercial,residential,8.30,56.20,high,morning,weekday,rainy,rapido,yes,0,84,direct,207.69
SCV20001203,residential,office_area,13.79,88.70,medium,evening,weekday,clear,metro,yes,1,850,multimodal,35.02
SCV20001204,airport,residential,36.37,135.80,medium,morning,weekday,cloudy,rapido,no,0,65,direct,517.24
SCV20001205,metro_station,commercial,4.12,61.20,medium,evening,weekend,clear,metro,no,3,1031,multimodal,22.78
SCV20001206,commercial,office_area,3.24,45.70,high,evening,weekday,clear,uber,yes,1,63,direct,467.65
SCV20001207,commercial,shopping_area,7.34,48.10,low,night,weekend,clear,metro,no,1,1517,multimodal,32.38
SCV20001208,college_area,metro_station,3.54,40.70,high,evening,weekday,cloudy,ola,yes,1,15,direct,375.04
SCV20001209,commercial,office_area,7.63,31.00,medium,morning,weekday,cloudy,bus,no,0,228,direct,22.84
SCV20001210,metro_station,office_area,9.18,40.40,medium,morning,weekday,clear,rapido,yes,0,90,direct,149.41
SCV20001211,metro_station,residential,5.77,27.90,medium,morning,weekday,clear,auto,yes,0,61,direct,154.65
SCV20001212,residential,office_area,5.87,37.10,medium,evening,weekday,clear,uber,yes,0,0,direct,413.91
SCV20001213,commercial,office_area,11.18,58.70,low,afternoon,weekday,clear,bus,no,1,1616,multimodal,20.59
SCV20001214,residential,metro_station,2.71,18.00,low,night,weekday,clear,auto,no,0,54,direct,86.28
SCV20001215,residential,office_area,9.79,32.70,low,night,weekday,cloudy,rapido,no,0,46,direct,128.44
SCV20001216,residential,metro_station,6.55,45.20,low,afternoon,weekend,rainy,ola,no,1,1535,multimodal,315.24
SCV20001217,residential,metro_station,2.74,19.10,low,afternoon,weekend,clear,metro,no,0,280,direct,13.57
SCV20001218,residential,metro_station,5.03,49.30,medium,morning,weekend,cloudy,uber,yes,2,989,multimodal,481.12
SCV20001219,airport,commercial,27.02,114.60,medium,afternoon,weekday,clear,auto,yes,1,881,multimodal,657.81
SCV20001220,metro_station,shopping_area,4.33,21.10,medium,morning,weekday,clear,auto,yes,0,101,direct,141.27
SCV20001221,college_area,metro_station,3.70,23.50,medium,morning,weekday,clear,rapido,yes,0,0,direct,97.38
SCV20001222,residential,office_area,8.26,38.20,medium,afternoon,weekday,cloudy,uber,no,0,159,direct,442.49
SCV20001223,residential,office_area,10.78,71.90,medium,afternoon,weekday,clear,ola,yes,2,1626,multimodal,527.85
SCV20001224,commercial,residential,12.85,89.70,medium,evening,weekday,cloudy,uber,yes,2,1162,multimodal,851.74
SCV20001225,residential,office_area,5.82,18.90,low,afternoon,weekday,clear,rapido,no,0,49,direct,84.15
SCV20001226,airport,metro_station,20.97,59.10,low,night,weekend,clear,bus,no,0,153,direct,29.05
SCV20001227,college_area,commercial,11.80,45.60,medium,afternoon,weekday,cloudy,auto,yes,0,82,direct,298.01
SCV20001228,residential,metro_station,3.36,53.80,medium,evening,weekend,clear,bus,no,1,1405,multimodal,10.00
SCV20001229,college_area,commercial,13.75,90.20,medium,evening,weekday,clear,bus,yes,1,831,multimodal,39.11
SCV20001230,metro_station,commercial,3.41,25.00,medium,morning,weekday,cloudy,uber,yes,0,108,direct,291.09
SCV20001231,commercial,office_area,3.61,58.70,low,afternoon,weekday,clear,uber,no,3,1274,multimodal,367.62
SCV20001232,metro_station,commercial,6.75,27.00,medium,night,weekday,rainy,auto,no,0,182,direct,170.57
SCV20001233,residential,commercial,3.78,16.30,low,afternoon,weekend,clear,ola,no,0,63,direct,167.45
SCV20001234,college_area,commercial,8.92,32.80,low,afternoon,weekday,clear,uber,no,1,122,direct,371.76
SCV20001235,residential,commercial,12.33,34.30,low,night,weekend,clear,auto,no,0,126,direct,233.82
SCV20001236,residential,shopping_area,5.96,31.70,medium,evening,weekday,clear,rapido,yes,0,42,direct,94.28
SCV20001237,college_area,residential,5.52,37.70,medium,evening,weekday,cloudy,ola,yes,0,97,direct,306.49
SCV20001238,metro_station,residential,4.51,36.50,high,morning,weekday,rainy,auto,yes,1,118,direct,247.91
SCV20001239,metro_station,office_area,7.81,27.60,medium,morning,weekday,clear,ola,yes,0,69,direct,348.90
SCV20001240,commercial,residential,5.51,22.50,low,night,weekday,clear,uber,no,0,136,direct,289.41
SCV20001241,metro_station,commercial,3.97,50.60,high,evening,weekday,clear,auto,yes,0,106,direct,247.77
SCV20001242,airport,office_area,23.83,117.30,medium,evening,weekday,clear,uber,no,0,121,direct,1184.50
SCV20001243,metro_station,residential,6.75,58.10,medium,evening,weekday,clear,auto,yes,1,442,multimodal,213.91
SCV20001244,residential,office_area,15.59,76.40,medium,evening,weekday,clear,rapido,yes,0,118,direct,234.02
SCV20001245,college_area,commercial,9.39,36.50,medium,morning,weekday,cloudy,ola,no,0,4,direct,353.08
SCV20001246,commercial,shopping_area,3.94,48.60,medium,morning,weekday,cloudy,metro,yes,2,737,multimodal,32.47
SCV20001247,residential,metro_station,6.98,40.90,medium,morning,weekday,clear,ola,yes,0,0,direct,341.57
SCV20001248,residential,commercial,12.43,52.30,low,night,weekend,clear,metro,no,1,1318,multimodal,27.84
SCV20001249,residential,metro_station,5.57,24.90,low,morning,weekend,cloudy,auto,no,0,112,direct,141.62
SCV20001250,airport,residential,31.07,93.80,low,afternoon,weekend,clear,ola,no,0,41,direct,977.41
SCV20001251,residential,office_area,10.23,46.30,medium,afternoon,weekend,cloudy,uber,yes,0,97,direct,569.87
SCV20001252,airport,residential,25.36,69.90,low,night,weekend,clear,rapido,no,1,85,direct,296.59
SCV20001253,airport,office_area,10.51,89.70,high,evening,weekday,clear,metro,yes,0,112,direct,44.08
SCV20001254,college_area,metro_station,8.41,17.80,low,night,weekday,clear,ola,no,0,133,direct,238.40
SCV20001255,college_area,residential,6.76,59.60,medium,evening,weekday,clear,ola,yes,1,1051,multimodal,398.05
SCV20001256,airport,office_area,11.92,99.60,high,evening,weekday,clear,rapido,yes,0,129,direct,324.18
SCV20001257,metro_station,residential,7.09,68.30,medium,evening,weekend,rainy,bus,no,1,858,multimodal,44.29
SCV20001258,airport,commercial,27.14,139.60,medium,evening,weekend,rainy,ola,no,0,0,direct,1163.33
SCV20001259,college_area,commercial,6.17,26.90,medium,morning,weekday,cloudy,bus,yes,0,187,direct,28.41
SCV20001260,residential,commercial,10.52,83.90,medium,evening,weekday,cloudy,bus,no,1,1080,multimodal,36.99
SCV20001261,metro_station,office_area,10.43,42.90,medium,morning,weekday,clear,bus,yes,0,155,direct,17.13
SCV20001262,commercial,shopping_area,2.33,19.10,medium,evening,weekday,clear,ola,yes,0,96,direct,182.62
SCV20001263,residential,metro_station,8.17,62.90,medium,morning,weekday,cloudy,metro,yes,1,1126,multimodal,36.45
SCV20001264,metro_station,residential,4.01,11.80,low,afternoon,weekday,clear,rapido,no,0,60,direct,53.69
SCV20001265,commercial,shopping_area,6.05,24.00,medium,morning,weekend,clear,metro,yes,0,312,direct,15.32
SCV20001266,commercial,shopping_area,6.54,39.90,medium,afternoon,weekday,clear,ola,yes,0,29,direct,325.35
SCV20001267,residential,metro_station,2.44,17.20,medium,morning,weekday,cloudy,rapido,yes,0,139,direct,81.76
SCV20001268,metro_station,residential,7.52,48.70,low,afternoon,weekend,clear,auto,no,3,1218,multimodal,202.38
SCV20001269,residential,shopping_area,7.03,58.00,low,afternoon,weekend,clear,metro,no,2,2100,multimodal,18.96
SCV20001270,college_area,office_area,8.37,36.20,medium,morning,weekday,cloudy,uber,yes,0,164,direct,528.76
SCV20001271,commercial,office_area,10.09,42.50,medium,morning,weekday,clear,ola,yes,0,115,direct,425.80
SCV20001272,residential,commercial,5.51,57.50,medium,evening,weekend,clear,uber,no,2,1804,multimodal,455.95
SCV20001273,airport,commercial,16.05,150.00,high,evening,weekday,rainy,bus,yes,1,1094,multimodal,38.38
SCV20001274,college_area,residential,8.44,32.70,low,night,weekday,clear,rapido,no,0,104,direct,114.17
SCV20001275,commercial,office_area,3.92,22.90,medium,morning,weekday,cloudy,uber,yes,0,115,direct,314.52
SCV20001276,airport,metro_station,18.77,101.90,medium,morning,weekday,clear,metro,no,3,1081,multimodal,34.37
SCV20001277,metro_station,office_area,3.57,36.70,high,morning,weekday,rainy,uber,yes,0,74,direct,479.07
SCV20001278,residential,office_area,13.60,70.20,medium,morning,weekend,cloudy,rapido,yes,1,786,multimodal,251.31
SCV20001279,residential,metro_station,5.51,28.10,low,evening,weekend,clear,uber,no,0,91,direct,307.45
SCV20001280,residential,metro_station,5.53,26.70,medium,morning,weekday,clear,auto,no,0,98,direct,121.02
SCV20001281,residential,office_area,12.73,73.10,medium,evening,weekend,cloudy,rapido,no,0,124,direct,211.17
SCV20001282,commercial,residential,7.85,72.90,medium,evening,weekend,rainy,uber,no,2,1585,multimodal,584.56
SCV20001283,college_area,office_area,7.46,39.80,medium,morning,weekday,clear,ola,yes,0,101,direct,342.12
SCV20001284,residential,shopping_area,5.51,71.00,medium,evening,weekday,cloudy,bus,yes,3,981,multimodal,32.82
SCV20001285,commercial,metro_station,7.24,32.70,low,afternoon,weekday,clear,ola,no,0,0,direct,247.21
SCV20001286,metro_station,residential,5.21,18.80,low,afternoon,weekend,cloudy,bus,no,0,118,direct,13.77
SCV20001287,metro_station,commercial,6.16,44.20,medium,afternoon,weekday,clear,ola,yes,1,577,multimodal,322.90
SCV20001288,metro_station,residential,5.89,43.60,high,morning,weekday,rainy,uber,yes,0,25,direct,581.67
SCV20001289,commercial,residential,12.37,59.10,low,afternoon,weekday,clear,metro,no,1,572,multimodal,21.25
SCV20001290,college_area,commercial,11.92,77.70,medium,evening,weekend,cloudy,metro,no,1,1371,multimodal,38.72
SCV20001291,commercial,metro_station,1.32,20.20,medium,morning,weekend,cloudy,ola,yes,0,83,direct,175.28
SCV20001292,metro_station,office_area,3.98,23.20,medium,morning,weekend,cloudy,rapido,no,0,143,direct,85.92
SCV20001293,metro_station,office_area,7.08,46.30,medium,evening,weekday,clear,ola,yes,0,216,direct,368.21
SCV20001294,college_area,commercial,7.39,27.30,low,afternoon,weekday,cloudy,metro,no,0,167,direct,15.63
SCV20001295,college_area,residential,6.13,31.30,medium,evening,weekday,clear,metro,yes,0,226,direct,21.07
SCV20001296,metro_station,shopping_area,7.82,44.20,medium,evening,weekday,cloudy,uber,yes,0,63,direct,504.85
SCV20001297,metro_station,commercial,6.63,32.70,medium,morning,weekday,clear,ola,yes,0,98,direct,326.37
SCV20001298,commercial,residential,7.87,69.00,low,afternoon,weekday,clear,metro,no,3,2000,multimodal,34.72
SCV20001299,residential,office_area,14.67,56.00,low,night,weekend,cloudy,uber,yes,1,686,multimodal,718.57
SCV20001300,airport,commercial,25.45,124.20,medium,evening,weekend,clear,rapido,no,0,56,direct,371.90
SCV20001301,college_area,office_area,3.29,44.00,low,afternoon,weekday,clear,metro,no,1,1123,multimodal,21.20
SCV20001302,commercial,office_area,5.82,25.70,low,afternoon,weekday,clear,uber,no,0,14,direct,282.72
SCV20001303,residential,metro_station,5.04,46.20,medium,afternoon,weekday,cloudy,auto,no,2,1099,multimodal,154.58
SCV20001304,college_area,commercial,5.90,28.80,low,afternoon,weekday,clear,rapido,no,0,49,direct,88.86
SCV20001305,residential,commercial,9.71,25.90,low,night,weekday,clear,bus,no,0,40,direct,14.29
SCV20001306,residential,metro_station,5.77,38.60,medium,evening,weekend,clear,auto,yes,1,176,direct,187.61
SCV20001307,residential,shopping_area,6.72,30.00,medium,morning,weekday,clear,ola,no,1,210,direct,281.94
SCV20001308,airport,metro_station,29.43,104.70,medium,morning,weekday,clear,ola,yes,0,157,direct,1111.54
SCV20001309,commercial,office_area,8.00,36.50,medium,morning,weekday,rainy,uber,yes,0,139,direct,510.12
SCV20001310,metro_station,office_area,7.04,29.60,medium,morning,weekday,clear,uber,yes,0,45,direct,400.46
SCV20001311,metro_station,commercial,5.01,57.40,high,evening,weekday,clear,ola,yes,0,71,direct,415.37
SCV20001312,commercial,residential,10.55,109.80,high,evening,weekday,rainy,rapido,yes,2,1047,multimodal,370.65
SCV20001313,commercial,metro_station,8.02,43.80,low,afternoon,weekday,clear,auto,no,1,1068,multimodal,185.09
SCV20001314,metro_station,office_area,5.53,48.40,high,evening,weekday,cloudy,rapido,yes,0,122,direct,176.65
SCV20001315,commercial,office_area,8.20,74.80,medium,morning,weekend,clear,metro,no,2,1473,multimodal,35.66
SCV20001316,commercial,metro_station,2.48,18.20,medium,morning,weekday,clear,metro,yes,0,210,direct,18.90
SCV20001317,commercial,office_area,6.07,32.90,medium,morning,weekday,clear,uber,yes,0,165,direct,387.02
SCV20001318,residential,commercial,7.53,78.00,medium,evening,weekday,clear,metro,yes,2,1661,multimodal,29.52
SCV20001319,metro_station,residential,1.91,21.40,medium,morning,weekday,cloudy,ola,yes,0,56,direct,198.99
SCV20001320,college_area,office_area,6.70,80.90,medium,evening,weekday,clear,metro,yes,3,1598,multimodal,11.92
SCV20001321,commercial,metro_station,4.66,27.90,medium,morning,weekday,rainy,ola,yes,0,119,direct,302.32
SCV20001322,residential,office_area,13.44,47.30,low,afternoon,weekday,clear,ola,no,0,81,direct,403.19
SCV20001323,residential,shopping_area,6.56,12.20,low,night,weekend,clear,uber,no,0,25,direct,271.99
SCV20001324,metro_station,office_area,4.58,36.00,medium,evening,weekday,cloudy,auto,yes,0,96,direct,155.62
SCV20001325,metro_station,residential,3.58,26.40,medium,morning,weekday,clear,metro,yes,0,240,direct,10.00
SCV20001326,college_area,commercial,7.24,69.20,medium,afternoon,weekday,clear,bus,yes,2,1019,multimodal,31.71
SCV20001327,residential,metro_station,4.04,52.50,medium,evening,weekend,clear,metro,no,1,1153,multimodal,10.00
SCV20001328,residential,commercial,11.67,75.50,medium,evening,weekday,clear,metro,yes,1,1062,multimodal,33.66
SCV20001329,residential,commercial,5.97,53.60,low,afternoon,weekday,clear,metro,no,2,1321,multimodal,13.53
SCV20001330,metro_station,residential,4.48,24.20,high,morning,weekday,clear,auto,yes,0,133,direct,167.92
SCV20001331,airport,metro_station,19.93,54.00,low,night,weekend,clear,bus,no,0,206,direct,28.31
SCV20001332,residential,office_area,5.03,66.30,medium,evening,weekday,clear,auto,yes,3,985,multimodal,221.68
SCV20001333,residential,commercial,6.69,38.80,low,afternoon,weekend,clear,bus,no,1,1161,multimodal,31.41
SCV20001334,commercial,shopping_area,6.96,34.30,low,afternoon,weekend,clear,metro,no,1,1142,multimodal,14.89
SCV20001335,residential,shopping_area,11.19,48.10,medium,morning,weekday,cloudy,bus,no,0,283,direct,35.15
SCV20001336,college_area,residential,10.48,60.80,medium,evening,weekday,clear,metro,yes,0,92,direct,37.72
SCV20001337,college_area,commercial,8.47,65.80,medium,morning,weekday,clear,bus,yes,1,1427,multimodal,10.00
SCV20001338,metro_station,residential,3.54,23.10,medium,morning,weekday,clear,rapido,yes,0,7,direct,97.34
SCV20001339,commercial,residential,5.57,28.40,low,afternoon,weekend,rainy,ola,no,0,52,direct,260.61
SCV20001340,metro_station,commercial,3.43,39.00,medium,afternoon,weekday,clear,bus,yes,1,915,multimodal,20.59
SCV20001341,metro_station,residential,2.21,31.40,high,morning,weekday,cloudy,ola,yes,0,9,direct,258.47
SCV20001342,metro_station,shopping_area,5.96,18.90,low,night,weekday,clear,uber,no,0,123,direct,298.37
SCV20001343,airport,metro_station,23.90,92.20,medium,morning,weekday,clear,bus,yes,0,11,direct,55.56
SCV20001344,residential,office_area,8.15,53.90,medium,morning,weekday,clear,uber,yes,1,1014,multimodal,546.35
SCV20001345,airport,residential,35.08,121.10,medium,afternoon,weekday,cloudy,metro,no,0,249,direct,51.87
SCV20001346,residential,metro_station,2.50,35.40,medium,evening,weekday,clear,ola,no,1,396,multimodal,202.02
SCV20001347,residential,commercial,5.34,23.50,low,afternoon,weekday,clear,rapido,no,0,108,direct,59.20
SCV20001348,residential,office_area,10.64,50.80,medium,afternoon,weekday,cloudy,rapido,yes,1,525,multimodal,194.62
SCV20001349,residential,shopping_area,7.23,27.20,medium,morning,weekend,clear,metro,yes,0,151,direct,17.29
SCV20001350,college_area,residential,3.45,19.20,low,afternoon,weekend,clear,uber,no,0,18,direct,198.14
SCV20001351,commercial,residential,10.45,56.30,low,afternoon,weekend,clear,metro,no,1,979,multimodal,19.95
SCV20001352,metro_station,residential,7.51,66.40,low,afternoon,weekend,cloudy,bus,no,2,1422,multimodal,37.82
SCV20001353,college_area,commercial,10.46,69.90,medium,evening,weekday,clear,bus,yes,1,882,multimodal,32.55
SCV20001354,residential,commercial,12.54,68.40,medium,afternoon,weekday,clear,uber,yes,2,753,multimodal,731.77
SCV20001355,residential,shopping_area,8.16,47.00,medium,evening,weekday,clear,ola,yes,0,60,direct,407.38
SCV20001356,commercial,metro_station,4.85,73.60,medium,evening,weekend,clear,bus,yes,2,1677,multimodal,39.82
SCV20001357,metro_station,commercial,1.26,31.00,medium,morning,weekday,clear,rapido,yes,1,985,multimodal,81.76
SCV20001358,commercial,office_area,6.34,39.00,medium,morning,weekend,rainy,rapido,no,0,90,direct,126.78
SCV20001359,college_area,office_area,14.35,106.50,high,evening,weekday,clear,rapido,yes,0,137,direct,343.74
SCV20001360,commercial,office_area,4.23,18.10,low,night,weekday,clear,uber,no,0,161,direct,234.35
SCV20001361,residential,metro_station,4.26,40.70,low,evening,weekend,clear,auto,no,1,1112,multimodal,145.11
SCV20001362,commercial,office_area,5.53,29.40,medium,morning,weekday,cloudy,auto,yes,0,51,direct,162.86
SCV20001363,commercial,shopping_area,2.75,35.80,high,evening,weekday,rainy,metro,yes,0,104,direct,25.91
SCV20001364,airport,metro_station,23.76,67.30,low,night,weekday,cloudy,uber,no,0,49,direct,901.03
SCV20001365,airport,commercial,25.33,122.40,medium,evening,weekend,clear,rapido,no,0,130,direct,377.43
SCV20001366,commercial,metro_station,4.17,41.70,medium,morning,weekday,clear,ola,yes,1,986,multimodal,309.66
SCV20001367,commercial,shopping_area,7.45,31.80,low,night,weekday,clear,ola,yes,1,1078,multimodal,309.12
SCV20001368,commercial,office_area,5.90,57.50,medium,night,weekday,clear,auto,yes,2,1262,multimodal,205.93
SCV20001369,airport,residential,23.35,75.50,medium,afternoon,weekday,clear,rapido,yes,0,141,direct,335.08
SCV20001370,college_area,residential,5.95,13.30,low,morning,weekend,clear,rapido,no,0,84,direct,77.08
SCV20001371,commercial,shopping_area,10.08,29.90,low,morning,weekend,clear,auto,no,0,25,direct,191.16
SCV20001372,airport,office_area,17.31,55.10,low,night,weekend,cloudy,ola,no,0,50,direct,593.63
SCV20001373,residential,metro_station,7.84,36.60,medium,afternoon,weekday,clear,uber,no,0,36,direct,419.43
SCV20001374,residential,shopping_area,8.40,104.00,high,evening,weekday,rainy,metro,yes,1,978,multimodal,21.52
SCV20001375,college_area,commercial,7.07,76.40,medium,evening,weekday,clear,metro,yes,2,1294,multimodal,12.19
SCV20001376,residential,metro_station,5.53,41.80,medium,morning,weekday,clear,uber,yes,1,572,multimodal,429.97
SCV20001377,metro_station,commercial,5.69,44.40,medium,evening,weekday,clear,ola,no,0,3,direct,303.55
SCV20001378,residential,shopping_area,9.74,39.80,low,evening,weekend,clear,ola,no,0,35,direct,336.46
SCV20001379,commercial,residential,7.07,59.20,medium,evening,weekday,clear,auto,yes,1,1160,multimodal,217.28
SCV20001380,metro_station,office_area,6.64,60.70,medium,morning,weekday,clear,metro,no,1,1405,multimodal,21.42
SCV20001381,commercial,shopping_area,6.95,20.80,low,night,weekend,clear,uber,no,0,169,direct,314.14
SCV20001382,residential,shopping_area,12.56,119.10,high,evening,weekday,clear,bus,yes,2,1330,multimodal,64.37
SCV20001383,commercial,metro_station,5.25,35.70,medium,evening,weekday,cloudy,auto,yes,0,65,direct,168.19
SCV20001384,college_area,residential,9.70,55.40,medium,evening,weekday,cloudy,uber,yes,0,68,direct,590.47
SCV20001385,commercial,metro_station,3.11,61.90,high,morning,weekday,cloudy,bus,yes,1,1363,multimodal,28.58
SCV20001386,airport,commercial,14.43,70.70,medium,afternoon,weekday,clear,rapido,yes,1,572,multimodal,274.54
SCV20001387,airport,office_area,27.68,150.00,high,evening,weekday,clear,rapido,yes,1,292,multimodal,630.63
SCV20001388,commercial,office_area,4.57,32.10,medium,evening,weekday,clear,uber,no,0,98,direct,296.52
SCV20001389,residential,metro_station,2.51,8.00,low,night,weekday,clear,metro,no,0,97,direct,16.91
SCV20001390,airport,residential,29.32,80.10,low,night,weekend,clear,rapido,no,0,6,direct,347.33
SCV20001391,residential,shopping_area,9.28,36.60,medium,afternoon,weekday,clear,bus,yes,0,238,direct,23.77
SCV20001392,commercial,office_area,5.49,34.40,medium,morning,weekday,clear,uber,yes,0,0,direct,377.19
SCV20001393,commercial,office_area,6.56,29.40,medium,afternoon,weekday,cloudy,ola,no,0,82,direct,275.92
SCV20001394,residential,metro_station,4.72,29.60,medium,evening,weekend,clear,auto,no,0,137,direct,134.56
SCV20001395,commercial,shopping_area,7.67,29.00,low,night,weekday,clear,metro,no,0,232,direct,20.36
SCV20001396,residential,commercial,10.25,86.60,high,evening,weekday,cloudy,ola,yes,0,52,direct,677.46
SCV20001397,airport,residential,32.86,150.00,medium,evening,weekend,clear,auto,no,0,19,direct,695.61
SCV20001398,commercial,office_area,9.57,36.50,medium,afternoon,weekend,clear,uber,yes,0,112,direct,495.74
SCV20001399,airport,commercial,18.23,65.70,low,afternoon,weekend,clear,bus,no,0,227,direct,49.43
SCV20001400,metro_station,residential,2.53,44.50,medium,evening,weekday,cloudy,ola,yes,2,1401,multimodal,285.08
SCV20001401,residential,metro_station,5.06,23.10,medium,afternoon,weekday,clear,auto,yes,0,175,direct,153.82
SCV20001402,residential,office_area,16.43,84.30,medium,morning,weekday,clear,bus,yes,1,753,multimodal,35.57
SCV20001403,college_area,residential,9.37,33.40,low,night,weekday,clear,auto,no,1,67,direct,194.56
SCV20001404,airport,commercial,24.07,121.80,medium,afternoon,weekday,clear,bus,yes,2,1350,multimodal,57.92
SCV20001405,college_area,commercial,10.88,65.90,medium,morning,weekday,clear,metro,yes,2,1719,multimodal,32.66
SCV20001406,commercial,metro_station,5.47,27.60,low,afternoon,weekend,clear,uber,no,0,121,direct,286.61
SCV20001407,commercial,residential,8.10,14.40,low,night,weekday,clear,bus,no,0,314,direct,44.05
SCV20001408,metro_station,residential,5.71,73.00,medium,evening,weekday,cloudy,metro,yes,2,1404,multimodal,29.00
SCV20001409,commercial,office_area,10.06,56.70,low,afternoon,weekday,clear,metro,no,1,480,multimodal,12.24
SCV20001410,commercial,shopping_area,8.81,41.30,medium,evening,weekday,clear,ola,yes,0,128,direct,356.79
SCV20001411,residential,commercial,4.77,45.70,medium,morning,weekday,clear,rapido,yes,2,1309,multimodal,110.89
SCV20001412,residential,commercial,10.07,52.00,medium,evening,weekday,cloudy,ola,yes,0,0,direct,475.74
SCV20001413,airport,residential,20.04,76.20,low,night,weekend,clear,bus,no,1,1336,multimodal,27.09
SCV20001414,commercial,office_area,4.73,55.60,medium,evening,weekday,clear,bus,yes,1,1508,multimodal,18.91
SCV20001415,college_area,metro_station,6.84,40.70,medium,afternoon,weekday,rainy,uber,yes,0,75,direct,490.95
SCV20001416,airport,office_area,19.64,67.30,low,night,weekday,cloudy,ola,no,2,1389,multimodal,679.63
SCV20001417,residential,commercial,7.28,68.60,medium,evening,weekday,clear,metro,yes,1,1151,multimodal,30.45
SCV20001418,college_area,residential,3.01,19.70,low,afternoon,weekday,clear,uber,no,0,92,direct,197.93
SCV20001419,residential,shopping_area,10.26,27.00,low,night,weekday,rainy,rapido,no,0,111,direct,140.70
SCV20001420,residential,shopping_area,12.04,46.10,medium,morning,weekday,rainy,ola,yes,0,8,direct,531.73
SCV20001421,commercial,office_area,6.90,18.10,low,afternoon,weekday,clear,uber,no,0,105,direct,293.98
SCV20001422,airport,residential,25.87,94.80,medium,morning,weekend,rainy,ola,yes,0,83,direct,1112.46
SCV20001423,residential,office_area,10.54,84.00,medium,evening,weekday,clear,ola,yes,2,1449,multimodal,587.45
SCV20001424,airport,office_area,22.04,105.60,medium,afternoon,weekday,clear,metro,yes,2,2048,multimodal,43.37
SCV20001425,airport,commercial,27.53,150.00,high,evening,weekday,clear,auto,yes,0,87,direct,904.61
SCV20001426,airport,commercial,29.21,77.80,low,afternoon,weekend,clear,uber,no,0,0,direct,1140.64
SCV20001427,commercial,shopping_area,6.76,55.30,low,morning,weekend,cloudy,uber,no,2,1825,multimodal,444.75
SCV20001428,metro_station,shopping_area,6.91,30.20,medium,morning,weekday,clear,rapido,yes,0,136,direct,115.73
SCV20001429,residential,metro_station,6.96,76.10,high,evening,weekday,rainy,metro,yes,0,281,direct,28.52
SCV20001430,residential,office_area,8.42,65.90,medium,morning,weekday,clear,bus,yes,1,1091,multimodal,23.49
SCV20001431,metro_station,office_area,9.10,45.90,medium,morning,weekday,clear,ola,yes,0,93,direct,383.68
SCV20001432,residential,office_area,14.68,136.00,high,evening,weekday,cloudy,metro,yes,1,818,multimodal,52.30
SCV20001433,commercial,residential,6.24,75.60,medium,morning,weekday,clear,bus,yes,2,1561,multimodal,12.32
SCV20001434,airport,residential,25.42,127.70,medium,evening,weekend,clear,ola,no,0,86,direct,1000.12
SCV20001435,residential,commercial,7.67,24.30,low,afternoon,weekend,clear,metro,yes,0,174,direct,15.68
SCV20001436,commercial,shopping_area,3.93,34.70,medium,evening,weekday,clear,bus,yes,0,165,direct,14.36
SCV20001437,college_area,commercial,9.76,54.80,medium,evening,weekday,cloudy,auto,yes,0,114,direct,301.92
SCV20001438,residential,metro_station,2.92,35.60,high,evening,weekday,clear,uber,yes,0,84,direct,406.03
SCV20001439,airport,commercial,18.44,72.00,medium,afternoon,weekday,rainy,auto,no,0,108,direct,438.24
SCV20001440,residential,commercial,7.11,24.90,low,afternoon,weekday,clear,ola,no,0,146,direct,261.51
SCV20001441,residential,metro_station,5.75,25.20,low,afternoon,weekday,clear,rapido,no,0,67,direct,69.39
SCV20001442,commercial,residential,8.65,36.90,low,afternoon,weekend,clear,bus,no,0,202,direct,10.00
SCV20001443,college_area,commercial,8.93,89.50,medium,morning,weekday,clear,metro,yes,3,2030,multimodal,20.25
SCV20001444,commercial,residential,6.91,40.70,low,afternoon,weekday,clear,bus,no,1,645,multimodal,41.32
SCV20001445,college_area,residential,4.73,41.40,low,afternoon,weekend,cloudy,uber,no,1,1188,multimodal,339.26
SCV20001446,commercial,metro_station,5.92,29.10,medium,morning,weekday,cloudy,uber,yes,0,103,direct,400.46
SCV20001447,metro_station,residential,5.27,31.60,medium,morning,weekday,clear,auto,yes,0,98,direct,152.31
SCV20001448,airport,office_area,18.63,70.80,medium,morning,weekday,clear,ola,yes,0,45,direct,773.69
SCV20001449,metro_station,shopping_area,8.79,49.10,low,afternoon,weekend,clear,uber,no,1,630,multimodal,454.38
SCV20001450,college_area,metro_station,3.42,34.30,low,night,weekday,rainy,metro,no,1,1112,multimodal,27.94
SCV20001451,airport,office_area,29.88,150.00,high,evening,weekday,clear,metro,yes,2,1596,multimodal,78.20
SCV20001452,college_area,metro_station,4.51,24.10,low,night,weekday,clear,auto,no,0,127,direct,110.54
SCV20001453,residential,office_area,11.73,63.60,medium,evening,weekday,cloudy,auto,no,0,67,direct,291.44
SCV20001454,residential,office_area,11.31,93.80,medium,morning,weekday,cloudy,metro,yes,2,1491,multimodal,46.87
SCV20001455,commercial,residential,13.50,74.20,medium,morning,weekday,clear,rapido,yes,2,1037,multimodal,265.38
SCV20001456,commercial,shopping_area,6.68,26.10,low,afternoon,weekday,clear,uber,no,1,95,direct,296.09
SCV20001457,residential,metro_station,5.22,17.00,low,night,weekday,clear,ola,no,0,182,direct,180.32
SCV20001458,college_area,office_area,9.88,49.80,low,afternoon,weekday,clear,bus,no,1,1100,multimodal,26.20
SCV20001459,airport,metro_station,24.10,71.00,low,night,weekend,cloudy,bus,no,0,210,direct,35.86
SCV20001460,metro_station,office_area,7.97,37.50,medium,morning,weekday,clear,uber,yes,1,231,direct,456.84
SCV20001461,metro_station,commercial,2.54,29.80,high,evening,weekday,clear,rapido,yes,0,141,direct,106.01
SCV20001462,airport,office_area,27.56,73.90,low,night,weekday,clear,auto,no,0,63,direct,482.55
SCV20001463,residential,metro_station,2.13,6.60,medium,afternoon,weekday,clear,uber,yes,0,17,direct,196.98
SCV20001464,metro_station,office_area,10.18,53.80,low,morning,weekday,clear,rapido,no,2,1138,multimodal,160.54
SCV20001465,commercial,residential,14.09,66.60,medium,afternoon,weekday,clear,bus,yes,1,1385,multimodal,20.40
SCV20001466,residential,metro_station,4.30,43.10,high,evening,weekday,clear,uber,yes,0,0,direct,453.25
SCV20001467,commercial,metro_station,5.33,46.00,medium,morning,weekday,clear,ola,yes,2,1179,multimodal,344.28
SCV20001468,commercial,residential,5.50,18.60,low,afternoon,weekday,clear,uber,no,0,89,direct,287.44
SCV20001469,metro_station,shopping_area,6.11,62.60,high,evening,weekday,rainy,ola,yes,0,30,direct,559.29
SCV20001470,metro_station,shopping_area,9.13,116.80,high,evening,weekday,cloudy,metro,yes,3,1308,multimodal,56.79
SCV20001471,metro_station,shopping_area,5.47,21.20,medium,morning,weekday,clear,uber,yes,0,95,direct,338.82
SCV20001472,metro_station,shopping_area,4.20,46.40,medium,morning,weekday,clear,bus,yes,1,551,multimodal,12.00
SCV20001473,metro_station,office_area,8.77,77.30,medium,morning,weekday,cloudy,uber,yes,3,1083,multimodal,710.76
SCV20001474,residential,office_area,5.68,45.20,low,night,weekday,cloudy,rapido,no,1,1282,multimodal,98.68
SCV20001475,commercial,residential,10.22,52.10,medium,morning,weekday,rainy,bus,yes,0,167,direct,25.12
SCV20001476,college_area,metro_station,4.38,57.10,medium,evening,weekday,cloudy,ola,yes,2,1526,multimodal,366.81
SCV20001477,metro_station,residential,7.81,95.00,high,evening,weekday,clear,metro,yes,1,1175,multimodal,36.32
SCV20001478,airport,commercial,29.33,106.50,medium,afternoon,weekday,clear,rapido,no,0,152,direct,388.85
SCV20001479,residential,shopping_area,11.41,47.90,low,afternoon,weekend,rainy,rapido,no,1,732,multimodal,187.36
SCV20001480,residential,office_area,11.84,101.00,high,evening,weekday,rainy,metro,yes,0,108,direct,58.54
SCV20001481,commercial,office_area,8.88,79.50,high,evening,weekday,rainy,metro,yes,0,251,direct,33.16
SCV20001482,residential,metro_station,7.66,23.70,low,afternoon,weekday,cloudy,auto,no,0,92,direct,149.40
SCV20001483,metro_station,shopping_area,5.10,34.30,medium,evening,weekday,clear,uber,yes,0,149,direct,376.04
SCV20001484,college_area,commercial,3.51,40.50,medium,morning,weekday,cloudy,metro,yes,1,969,multimodal,13.98
SCV20001485,airport,residential,24.04,62.80,low,afternoon,weekend,clear,rapido,no,1,192,direct,296.97
SCV20001486,college_area,metro_station,5.25,54.80,low,afternoon,weekday,clear,rapido,no,2,902,multimodal,124.25
SCV20001487,residential,commercial,12.94,66.90,medium,evening,weekday,clear,ola,yes,0,96,direct,554.11
SCV20001488,residential,shopping_area,5.03,43.60,low,afternoon,weekday,cloudy,rapido,no,1,1135,multimodal,109.68
SCV20001489,commercial,office_area,3.84,29.10,medium,morning,weekday,cloudy,auto,yes,0,93,direct,153.13
SCV20001490,college_area,office_area,8.59,82.30,medium,evening,weekday,cloudy,auto,yes,3,1223,multimodal,328.59
SCV20001491,commercial,office_area,10.51,41.80,medium,morning,weekday,clear,uber,no,0,109,direct,518.20
SCV20001492,commercial,shopping_area,5.42,57.60,medium,evening,weekday,cloudy,auto,yes,2,1147,multimodal,220.45
SCV20001493,metro_station,commercial,7.25,42.90,medium,afternoon,weekday,cloudy,metro,no,1,262,direct,20.04
SCV20001494,residential,metro_station,1.91,17.80,low,afternoon,weekday,clear,ola,yes,0,126,direct,149.04
SCV20001495,commercial,office_area,6.58,41.20,medium,morning,weekday,cloudy,metro,no,0,44,direct,10.00
SCV20001496,commercial,shopping_area,5.99,11.90,low,night,weekday,clear,auto,no,0,172,direct,150.94
SCV20001497,college_area,office_area,8.04,68.50,high,evening,weekday,clear,uber,yes,0,0,direct,715.39
SCV20001498,residential,metro_station,5.66,62.40,high,evening,weekday,rainy,rapido,yes,0,113,direct,186.79
SCV20001499,residential,shopping_area,15.17,131.30,high,evening,weekday,clear,auto,yes,1,1219,multimodal,598.34
SCV20001500,commercial,metro_station,9.95,68.80,medium,morning,weekday,clear,ola,yes,2,907,multimodal,504.35
SCV20001501,residential,office_area,18.73,67.00,medium,afternoon,weekday,clear,ola,yes,0,17,direct,704.39
SCV20001502,airport,commercial,31.32,150.00,medium,evening,weekday,clear,uber,no,1,70,direct,1500.00
SCV20001503,college_area,residential,5.48,27.50,low,afternoon,weekday,cloudy,rapido,no,1,945,multimodal,92.38
SCV20001504,airport,residential,28.23,99.90,medium,afternoon,weekend,rainy,uber,no,0,32,direct,1439.32
SCV20001505,commercial,shopping_area,6.87,78.60,medium,evening,weekday,clear,bus,yes,3,1296,multimodal,34.90
SCV20001506,residential,office_area,8.79,51.30,medium,afternoon,weekday,rainy,rapido,yes,1,533,multimodal,160.28
SCV20001507,commercial,office_area,8.34,41.40,medium,morning,weekday,clear,uber,yes,0,36,direct,491.34
SCV20001508,commercial,shopping_area,6.05,21.20,low,night,weekend,clear,ola,no,0,134,direct,217.26
SCV20001509,college_area,residential,6.03,38.00,medium,evening,weekday,cloudy,bus,yes,0,201,direct,32.36
SCV20001510,metro_station,shopping_area,6.26,46.90,medium,morning,weekday,clear,bus,yes,1,758,multimodal,22.68
SCV20001511,college_area,residential,4.92,38.80,medium,morning,weekday,rainy,rapido,yes,1,770,multimodal,140.47
SCV20001512,airport,commercial,31.13,150.00,medium,evening,weekend,clear,auto,no,2,1271,multimodal,708.45
SCV20001513,commercial,office_area,8.63,60.80,high,morning,weekday,cloudy,bus,yes,0,103,direct,42.61
SCV20001514,residential,office_area,9.96,83.90,high,evening,weekday,rainy,rapido,yes,0,35,direct,287.60
SCV20001515,college_area,office_area,11.42,69.50,low,night,weekday,rainy,metro,no,2,1391,multimodal,48.01
SCV20001516,commercial,shopping_area,5.39,20.00,low,afternoon,weekday,clear,auto,no,0,100,direct,157.17
SCV20001517,metro_station,residential,5.28,36.30,medium,evening,weekday,clear,ola,yes,0,66,direct,288.70
SCV20001518,residential,metro_station,5.04,29.90,medium,morning,weekday,clear,auto,no,0,42,direct,179.90
SCV20001519,metro_station,residential,6.68,25.70,low,afternoon,weekday,clear,auto,no,0,87,direct,152.06
SCV20001520,commercial,residential,8.60,32.50,medium,evening,weekday,cloudy,rapido,no,0,52,direct,131.80
SCV20001521,residential,commercial,14.10,115.40,high,evening,weekday,rainy,ola,yes,0,129,direct,998.08
SCV20001522,commercial,metro_station,3.40,15.40,medium,afternoon,weekday,clear,auto,yes,0,178,direct,129.47
SCV20001523,college_area,commercial,5.96,27.50,medium,evening,weekday,cloudy,ola,yes,0,70,direct,287.01
SCV20001524,residential,shopping_area,10.81,71.30,low,afternoon,weekday,clear,metro,no,2,1709,multimodal,40.06
SCV20001525,metro_station,shopping_area,10.08,55.00,medium,afternoon,weekday,cloudy,rapido,yes,1,544,multimodal,181.63
SCV20001526,college_area,residential,9.45,56.80,low,afternoon,weekend,clear,metro,yes,1,1071,multimodal,34.65
SCV20001527,commercial,office_area,8.19,103.00,high,evening,weekday,rainy,metro,yes,2,1424,multimodal,32.15
SCV20001528,airport,office_area,19.06,78.40,low,night,weekday,rainy,bus,no,1,1038,multimodal,45.16
SCV20001529,metro_station,office_area,4.17,25.90,medium,morning,weekday,clear,rapido,yes,0,64,direct,93.81
SCV20001530,college_area,metro_station,3.68,13.10,low,night,weekend,rainy,bus,no,0,95,direct,21.90
SCV20001531,metro_station,residential,8.18,69.40,medium,morning,weekday,clear,bus,yes,1,1119,multimodal,31.47
SCV20001532,residential,shopping_area,11.68,32.70,low,night,weekday,clear,auto,no,0,51,direct,224.42
SCV20001533,metro_station,residential,4.83,51.20,medium,evening,weekday,clear,metro,yes,1,1088,multimodal,21.54
SCV20001534,airport,metro_station,25.58,77.40,low,afternoon,weekend,cloudy,ola,no,0,234,direct,796.39
SCV20001535,metro_station,office_area,6.88,35.90,medium,morning,weekday,clear,ola,yes,0,128,direct,318.58
SCV20001536,metro_station,commercial,5.57,60.90,high,morning,weekday,cloudy,metro,yes,1,1179,multimodal,18.42
SCV20001537,commercial,residential,4.70,16.00,low,afternoon,weekend,cloudy,ola,yes,0,0,direct,220.17
SCV20001538,residential,metro_station,4.20,13.00,low,night,weekend,clear,uber,yes,0,123,direct,255.20
SCV20001539,residential,office_area,8.03,56.60,high,morning,weekday,clear,bus,yes,0,138,direct,18.11
SCV20001540,metro_station,office_area,9.14,42.70,medium,morning,weekday,clear,rapido,yes,0,94,direct,164.68
SCV20001541,commercial,residential,12.53,53.10,medium,afternoon,weekday,clear,metro,yes,0,175,direct,41.30
SCV20001542,metro_station,commercial,3.31,28.00,medium,evening,weekday,clear,rapido,yes,0,69,direct,82.09
SCV20001543,commercial,residential,7.52,49.70,medium,evening,weekday,cloudy,uber,yes,0,70,direct,513.60
SCV20001544,airport,commercial,18.15,150.00,high,evening,weekday,cloudy,metro,yes,2,1199,multimodal,68.41
SCV20001545,commercial,metro_station,7.31,28.70,low,night,weekday,clear,uber,no,0,136,direct,300.36
SCV20001546,college_area,residential,7.55,59.30,medium,evening,weekday,clear,ola,yes,1,497,multimodal,435.42
SCV20001547,commercial,shopping_area,7.88,66.00,low,morning,weekend,clear,rapido,no,2,1666,multimodal,144.37
SCV20001548,residential,metro_station,6.11,49.30,medium,evening,weekday,rainy,ola,yes,0,89,direct,377.48
SCV20001549,airport,residential,30.74,82.10,low,night,weekend,clear,uber,no,0,30,direct,1179.04
SCV20001550,metro_station,residential,5.48,39.40,medium,morning,weekday,clear,ola,yes,0,173,direct,317.87
SCV20001551,airport,commercial,31.93,150.00,medium,evening,weekend,rainy,metro,no,2,1804,multimodal,40.44
SCV20001552,metro_station,shopping_area,6.97,28.80,low,night,weekday,clear,uber,no,0,125,direct,323.83
SCV20001553,residential,metro_station,8.09,62.60,medium,morning,weekday,clear,auto,yes,1,1145,multimodal,256.50
SCV20001554,airport,office_area,22.28,104.40,medium,afternoon,weekend,rainy,metro,no,1,583,multimodal,32.98
SCV20001555,metro_station,commercial,4.17,48.50,medium,evening,weekday,clear,rapido,yes,1,908,multimodal,130.93
SCV20001556,commercial,metro_station,8.15,95.50,high,evening,weekday,cloudy,metro,yes,2,910,multimodal,55.16
SCV20001557,residential,shopping_area,5.34,46.70,medium,evening,weekend,cloudy,ola,no,1,842,multimodal,326.91
SCV20001558,metro_station,residential,7.98,68.70,medium,evening,weekday,clear,bus,yes,1,1569,multimodal,34.98
SCV20001559,college_area,office_area,7.63,39.40,medium,morning,weekday,rainy,ola,yes,0,72,direct,394.63
SCV20001560,residential,metro_station,6.13,50.10,medium,morning,weekday,clear,metro,yes,1,859,multimodal,10.00
SCV20001561,airport,residential,27.41,69.10,low,night,weekday,clear,uber,no,0,0,direct,1003.80
SCV20001562,residential,office_area,7.32,37.70,medium,morning,weekday,clear,rapido,yes,0,12,direct,122.25
SCV20001563,commercial,shopping_area,4.79,46.20,high,evening,weekday,clear,rapido,yes,0,162,direct,144.73
SCV20001564,airport,office_area,22.32,92.90,medium,afternoon,weekday,cloudy,auto,no,0,0,direct,503.86
SCV20001565,residential,commercial,6.19,28.50,medium,morning,weekday,cloudy,uber,yes,0,55,direct,391.97
SCV20001566,metro_station,residential,4.45,26.10,medium,morning,weekday,clear,rapido,yes,0,37,direct,94.10
SCV20001567,metro_station,office_area,3.19,39.10,high,evening,weekday,clear,ola,yes,0,73,direct,369.39
SCV20001568,metro_station,shopping_area,3.74,25.60,medium,evening,weekday,rainy,auto,no,0,65,direct,133.58
SCV20001569,commercial,residential,12.06,51.70,medium,morning,weekday,cloudy,rapido,yes,1,180,direct,195.79
SCV20001570,residential,metro_station,3.13,22.40,low,afternoon,weekday,cloudy,ola,no,0,33,direct,170.45
SCV20001571,college_area,office_area,5.50,24.90,medium,morning,weekday,clear,metro,yes,0,318,direct,18.53
SCV20001572,college_area,metro_station,2.00,8.60,low,night,weekday,clear,metro,no,1,134,direct,10.00
SCV20001573,residential,office_area,15.33,60.60,medium,afternoon,weekday,clear,auto,yes,0,152,direct,349.62
SCV20001574,commercial,residential,7.87,27.10,low,afternoon,weekday,clear,uber,no,0,99,direct,356.22
SCV20001575,airport,residential,29.50,150.00,high,evening,weekday,clear,auto,yes,0,232,direct,970.54
SCV20001576,college_area,residential,7.13,73.70,high,evening,weekday,rainy,ola,yes,0,0,direct,630.79
SCV20001577,commercial,shopping_area,3.45,49.90,high,evening,weekday,clear,uber,yes,0,10,direct,540.30
SCV20001578,college_area,residential,6.82,22.70,low,night,weekend,clear,uber,no,0,161,direct,312.14
SCV20001579,commercial,shopping_area,9.85,101.50,medium,evening,weekend,cloudy,bus,no,3,1958,multimodal,34.30
SCV20001580,residential,office_area,12.32,66.00,high,afternoon,weekday,rainy,metro,yes,0,259,direct,31.78
SCV20001581,residential,office_area,8.15,65.80,medium,evening,weekday,clear,rapido,no,1,916,multimodal,159.67
SCV20001582,commercial,office_area,7.15,30.10,medium,morning,weekday,clear,ola,yes,0,77,direct,318.73
SCV20001583,metro_station,residential,5.24,24.10,medium,morning,weekday,clear,auto,yes,0,81,direct,160.40
SCV20001584,residential,metro_station,6.41,86.10,high,evening,weekday,rainy,bus,yes,1,995,multimodal,11.40
SCV20001585,commercial,residential,3.82,12.90,low,night,weekday,clear,uber,no,0,89,direct,204.41
SCV20001586,residential,metro_station,5.95,40.60,medium,morning,weekday,clear,bus,yes,1,473,multimodal,18.79
SCV20001587,metro_station,commercial,6.14,37.70,medium,morning,weekday,rainy,metro,yes,0,208,direct,27.64
SCV20001588,commercial,residential,11.48,34.90,low,night,weekday,cloudy,metro,no,0,244,direct,18.65
SCV20001589,residential,office_area,15.17,61.60,medium,morning,weekday,cloudy,auto,yes,0,92,direct,347.57
SCV20001590,residential,metro_station,4.30,57.80,high,evening,weekday,clear,bus,yes,0,270,direct,41.59
SCV20001591,college_area,office_area,9.52,37.30,low,evening,weekend,clear,auto,no,0,198,direct,207.45
SCV20001592,residential,office_area,11.44,94.80,high,morning,weekday,rainy,metro,yes,2,2004,multimodal,34.65
SCV20001593,commercial,metro_station,7.00,29.60,low,morning,weekday,clear,uber,no,0,135,direct,336.54
SCV20001594,metro_station,commercial,7.42,45.20,medium,morning,weekday,clear,uber,yes,1,130,direct,450.03
SCV20001595,metro_station,office_area,6.24,25.30,medium,morning,weekday,clear,auto,yes,0,152,direct,169.49
SCV20001596,metro_station,shopping_area,5.66,17.60,low,afternoon,weekday,clear,rapido,no,0,104,direct,56.06
SCV20001597,residential,office_area,17.08,55.80,low,morning,weekday,cloudy,uber,no,1,127,direct,647.24
SCV20001598,metro_station,commercial,4.41,56.30,medium,morning,weekday,rainy,metro,yes,2,1829,multimodal,10.39
SCV20001599,residential,office_area,8.02,41.00,medium,afternoon,weekday,clear,ola,yes,0,41,direct,383.62
SCV20001600,commercial,residential,11.93,38.00,low,afternoon,weekday,clear,rapido,no,0,37,direct,147.81
SCV20001601,metro_station,residential,5.86,31.60,medium,morning,weekday,clear,uber,yes,0,210,direct,394.37
SCV20001602,commercial,metro_station,4.17,42.50,high,morning,weekday,rainy,bus,yes,0,285,direct,10.17
SCV20001603,metro_station,commercial,3.08,39.10,high,evening,weekday,rainy,ola,yes,0,246,direct,333.57
SCV20001604,residential,metro_station,2.08,13.90,medium,evening,weekday,clear,uber,yes,0,20,direct,214.78
SCV20001605,college_area,residential,9.46,33.60,medium,morning,weekday,clear,auto,yes,0,41,direct,220.30
SCV20001606,residential,metro_station,6.20,28.40,low,morning,weekend,cloudy,rapido,no,0,38,direct,92.91
SCV20001607,airport,office_area,33.56,121.20,low,night,weekend,clear,bus,no,2,1139,multimodal,69.60
SCV20001608,college_area,office_area,9.18,58.40,low,afternoon,weekday,clear,auto,no,2,1526,multimodal,213.91
SCV20001609,residential,metro_station,3.26,28.80,medium,morning,weekday,clear,rapido,yes,0,60,direct,102.71
SCV20001610,metro_station,shopping_area,2.36,8.70,low,afternoon,weekday,clear,bus,no,0,159,direct,10.00
SCV20001611,residential,metro_station,8.05,33.70,medium,afternoon,weekday,clear,auto,yes,0,153,direct,197.93
SCV20001612,commercial,shopping_area,4.17,33.80,medium,evening,weekday,clear,rapido,yes,0,115,direct,95.35
SCV20001613,commercial,shopping_area,6.05,19.70,low,afternoon,weekday,clear,auto,no,0,157,direct,124.16
SCV20001614,residential,metro_station,1.99,21.90,medium,afternoon,weekday,clear,ola,yes,0,91,direct,166.14
SCV20001615,college_area,metro_station,3.46,25.30,medium,morning,weekday,cloudy,uber,yes,0,0,direct,301.12
SCV20001616,commercial,office_area,3.11,19.60,medium,morning,weekday,clear,ola,yes,0,117,direct,183.29
SCV20001617,airport,metro_station,15.79,64.60,medium,afternoon,weekend,rainy,ola,no,0,31,direct,672.11
SCV20001618,residential,commercial,9.54,38.40,medium,afternoon,weekday,clear,ola,yes,0,0,direct,388.19
SCV20001619,residential,shopping_area,7.50,45.90,medium,evening,weekend,cloudy,uber,no,0,104,direct,444.83
SCV20001620,residential,commercial,10.80,40.70,medium,afternoon,weekday,rainy,uber,no,0,117,direct,557.55
SCV20001621,commercial,residential,12.24,94.50,medium,evening,weekday,clear,bus,yes,1,1181,multimodal,47.29
SCV20001622,airport,metro_station,26.84,113.30,low,afternoon,weekday,clear,ola,no,3,1532,multimodal,888.00
SCV20001623,college_area,metro_station,2.07,30.00,high,morning,weekday,rainy,uber,yes,0,146,direct,396.23
SCV20001624,metro_station,office_area,4.76,22.60,low,night,weekend,rainy,auto,no,0,124,direct,108.71
SCV20001625,residential,office_area,9.93,87.20,high,evening,weekday,clear,rapido,yes,0,35,direct,274.96
SCV20001626,residential,office_area,11.47,59.00,medium,morning,weekday,cloudy,auto,no,1,643,multimodal,272.04
SCV20001627,airport,metro_station,27.00,100.00,low,afternoon,weekday,clear,metro,no,1,1238,multimodal,20.32
SCV20001628,residential,metro_station,3.20,18.20,low,afternoon,weekday,clear,ola,no,0,85,direct,149.26
SCV20001629,residential,metro_station,6.33,69.00,high,evening,weekday,rainy,bus,yes,0,353,direct,13.32
SCV20001630,commercial,metro_station,4.98,49.50,high,evening,weekday,clear,bus,yes,0,198,direct,16.86
SCV20001631,residential,commercial,10.92,80.70,medium,evening,weekday,clear,bus,yes,2,1165,multimodal,26.95
SCV20001632,metro_station,shopping_area,5.70,22.40,low,night,weekday,clear,rapido,no,0,245,direct,74.12
SCV20001633,metro_station,office_area,7.36,60.10,low,night,weekday,clear,ola,no,3,2190,multimodal,333.95
SCV20001634,commercial,office_area,4.87,30.60,medium,morning,weekday,cloudy,uber,yes,0,113,direct,346.96
SCV20001635,college_area,commercial,7.06,37.80,medium,afternoon,weekday,rainy,uber,yes,1,252,direct,490.44
SCV20001636,commercial,office_area,3.27,37.60,high,evening,weekday,cloudy,ola,yes,0,14,direct,343.34
SCV20001637,college_area,residential,4.61,48.70,low,afternoon,weekday,clear,metro,no,1,1227,multimodal,38.66
SCV20001638,commercial,office_area,4.59,55.90,high,evening,weekday,clear,ola,yes,0,93,direct,447.33
SCV20001639,commercial,residential,11.16,22.80,low,night,weekday,rainy,uber,no,0,127,direct,421.42
SCV20001640,commercial,office_area,3.56,16.60,low,night,weekend,clear,ola,no,0,56,direct,178.23
SCV20001641,residential,office_area,10.23,58.90,medium,evening,weekday,clear,bus,yes,0,242,direct,30.15
SCV20001642,metro_station,commercial,5.10,75.80,high,evening,weekday,cloudy,bus,yes,1,964,multimodal,34.43
SCV20001643,commercial,shopping_area,3.51,46.80,medium,afternoon,weekday,clear,uber,no,2,1163,multimodal,331.04
SCV20001644,commercial,metro_station,8.23,98.20,high,morning,weekday,clear,rapido,yes,3,1748,multimodal,266.62
SCV20001645,commercial,office_area,1.95,28.30,high,morning,weekday,rainy,ola,yes,0,68,direct,279.92
SCV20001646,residential,metro_station,5.25,61.90,medium,afternoon,weekday,clear,bus,yes,2,1316,multimodal,37.19
SCV20001647,residential,metro_station,4.30,37.30,high,evening,weekday,clear,uber,yes,0,13,direct,423.34
SCV20001648,residential,metro_station,4.58,46.40,medium,morning,weekday,cloudy,bus,yes,1,1178,multimodal,10.00
SCV20001649,commercial,metro_station,6.65,25.00,medium,morning,weekend,clear,ola,yes,0,60,direct,293.37
SCV20001650,commercial,metro_station,6.37,27.90,medium,afternoon,weekday,clear,bus,yes,0,198,direct,32.88
SCV20001651,commercial,shopping_area,7.51,59.00,low,morning,weekend,clear,bus,no,2,1418,multimodal,30.54
SCV20001652,metro_station,residential,3.45,13.40,low,afternoon,weekday,clear,ola,no,0,0,direct,148.88
SCV20001653,residential,office_area,9.28,113.70,high,evening,weekday,clear,metro,yes,3,1832,multimodal,31.79
SCV20001654,residential,shopping_area,10.29,38.50,medium,morning,weekday,clear,uber,yes,0,155,direct,556.52
SCV20001655,metro_station,commercial,2.96,41.70,high,morning,weekday,rainy,metro,yes,0,329,direct,14.31
SCV20001656,residential,office_area,4.63,23.90,low,afternoon,weekend,rainy,uber,no,1,91,direct,278.98
SCV20001657,metro_station,residential,4.18,44.20,high,evening,weekday,rainy,rapido,yes,0,125,direct,157.14
SCV20001658,metro_station,commercial,4.09,34.60,medium,morning,weekday,cloudy,auto,yes,0,129,direct,154.98
SCV20001659,residential,office_area,14.90,52.00,medium,afternoon,weekday,clear,auto,yes,0,48,direct,313.77
SCV20001660,residential,shopping_area,3.90,18.70,medium,afternoon,weekday,clear,uber,yes,0,5,direct,279.57
SCV20001661,commercial,residential,9.82,34.60,medium,afternoon,weekday,clear,ola,yes,0,122,direct,390.36
SCV20001662,commercial,residential,10.85,52.70,medium,evening,weekday,clear,uber,yes,0,54,direct,597.25
SCV20001663,college_area,office_area,10.26,45.30,medium,morning,weekday,clear,uber,yes,0,46,direct,558.71
SCV20001664,metro_station,office_area,5.92,36.00,medium,evening,weekday,clear,ola,yes,0,83,direct,289.39
SCV20001665,residential,office_area,7.91,52.50,medium,afternoon,weekday,cloudy,bus,yes,1,1345,multimodal,38.71
SCV20001666,metro_station,commercial,5.98,61.50,high,evening,weekday,cloudy,auto,yes,0,114,direct,317.65
SCV20001667,commercial,metro_station,5.80,44.40,medium,morning,weekday,clear,auto,yes,1,1561,multimodal,208.38
SCV20001668,commercial,residential,6.83,40.50,medium,evening,weekday,cloudy,metro,yes,0,144,direct,17.99
SCV20001669,airport,residential,36.83,150.00,high,evening,weekday,clear,uber,yes,0,126,direct,1500.00
SCV20001670,college_area,residential,8.67,30.40,low,afternoon,weekday,clear,auto,no,0,62,direct,159.21
SCV20001671,residential,metro_station,4.10,36.20,medium,morning,weekday,rainy,ola,yes,1,904,multimodal,317.01
SCV20001672,college_area,office_area,6.45,27.90,low,evening,weekend,clear,bus,no,1,109,direct,26.03
SCV20001673,residential,metro_station,7.71,52.90,medium,evening,weekday,cloudy,rapido,yes,0,141,direct,155.56
SCV20001674,metro_station,office_area,5.24,31.60,medium,afternoon,weekday,rainy,uber,no,0,111,direct,366.38
SCV20001675,metro_station,shopping_area,6.25,42.20,high,morning,weekday,rainy,uber,yes,0,149,direct,598.24
SCV20001676,residential,office_area,9.41,86.00,high,evening,weekday,clear,uber,yes,1,669,multimodal,958.87
SCV20001677,college_area,commercial,6.14,34.70,medium,morning,weekday,cloudy,metro,yes,0,248,direct,32.79
SCV20001678,college_area,office_area,9.03,53.60,medium,morning,weekend,rainy,auto,yes,1,17,direct,293.35
SCV20001679,residential,office_area,14.62,70.00,medium,evening,weekday,clear,uber,yes,0,0,direct,752.26
SCV20001680,residential,office_area,13.49,115.40,high,evening,weekday,clear,ola,yes,1,55,direct,980.04
SCV20001681,commercial,office_area,5.15,43.80,low,night,weekend,rainy,metro,yes,1,1420,multimodal,20.18
SCV20001682,college_area,commercial,12.52,39.30,low,afternoon,weekday,clear,uber,no,0,136,direct,473.71
SCV20001683,metro_station,commercial,6.97,48.40,medium,evening,weekend,clear,uber,no,0,45,direct,431.98
SCV20001684,college_area,office_area,6.53,40.90,low,night,weekday,clear,rapido,no,1,403,multimodal,88.77
SCV20001685,residential,commercial,6.84,23.10,low,afternoon,weekday,cloudy,bus,no,0,211,direct,11.97
SCV20001686,airport,residential,31.38,142.10,medium,evening,weekend,cloudy,auto,no,0,137,direct,702.09
SCV20001687,metro_station,residential,5.11,21.00,medium,afternoon,weekday,clear,uber,no,0,0,direct,265.43
SCV20001688,metro_station,residential,7.65,18.30,low,night,weekend,clear,rapido,no,0,64,direct,109.87
SCV20001689,airport,office_area,27.19,150.00,high,evening,weekday,cloudy,metro,yes,2,1427,multimodal,62.42
SCV20001690,airport,residential,28.41,76.60,low,night,weekend,clear,auto,no,1,3,direct,487.95
SCV20001691,metro_station,commercial,8.59,30.20,low,afternoon,weekday,cloudy,uber,no,0,67,direct,390.36
SCV20001692,commercial,office_area,7.16,22.00,low,night,weekend,clear,auto,no,0,113,direct,138.75
SCV20001693,commercial,shopping_area,7.67,46.00,high,morning,weekday,cloudy,ola,yes,0,161,direct,492.73
SCV20001694,residential,commercial,8.85,34.00,medium,morning,weekday,clear,metro,yes,0,242,direct,16.49
SCV20001695,metro_station,office_area,6.13,29.40,medium,morning,weekday,cloudy,uber,yes,0,89,direct,385.38
SCV20001696,metro_station,residential,4.54,40.40,high,evening,weekday,clear,bus,yes,0,148,direct,24.38
SCV20001697,residential,shopping_area,10.40,80.90,medium,evening,weekend,cloudy,metro,no,1,1070,multimodal,26.83
SCV20001698,metro_station,commercial,5.57,28.20,low,night,weekday,clear,rapido,no,1,415,multimodal,96.04
SCV20001699,residential,metro_station,5.42,27.80,low,night,weekend,clear,metro,no,0,127,direct,37.76
SCV20001700,airport,metro_station,25.50,71.60,low,afternoon,weekday,clear,auto,no,0,84,direct,465.44
SCV20001701,commercial,shopping_area,2.67,58.50,medium,morning,weekday,cloudy,bus,yes,2,1203,multimodal,28.88
SCV20001702,metro_station,office_area,6.22,33.20,medium,afternoon,weekday,clear,ola,yes,0,165,direct,289.57
SCV20001703,college_area,residential,6.14,29.90,medium,afternoon,weekend,rainy,bus,no,0,150,direct,42.31
SCV20001704,airport,residential,33.09,150.00,medium,evening,weekend,cloudy,bus,no,1,1011,multimodal,45.07
SCV20001705,residential,metro_station,2.70,46.40,medium,morning,weekday,clear,bus,yes,1,1098,multimodal,17.21
SCV20001706,airport,commercial,26.42,137.90,medium,evening,weekend,rainy,ola,no,0,82,direct,1145.09
SCV20001707,commercial,shopping_area,4.57,23.90,medium,afternoon,weekday,cloudy,rapido,yes,0,105,direct,98.27
SCV20001708,commercial,shopping_area,3.48,8.10,low,night,weekday,clear,rapido,no,1,169,direct,60.37
SCV20001709,metro_station,commercial,2.71,19.10,low,night,weekend,clear,uber,yes,0,174,direct,237.93
SCV20001710,residential,commercial,3.22,14.10,medium,afternoon,weekday,cloudy,rapido,yes,0,30,direct,86.85
SCV20001711,college_area,residential,10.71,48.30,medium,morning,weekday,clear,ola,yes,0,4,direct,432.22
SCV20001712,metro_station,office_area,5.15,30.10,medium,morning,weekday,clear,ola,yes,1,100,direct,268.22
SCV20001713,college_area,metro_station,6.53,58.70,high,evening,weekday,cloudy,ola,yes,0,44,direct,490.40
SCV20001714,metro_station,office_area,5.80,29.30,medium,morning,weekday,cloudy,bus,yes,0,261,direct,15.23
SCV20001715,college_area,office_area,10.35,41.10,medium,afternoon,weekday,cloudy,auto,yes,0,27,direct,254.65
SCV20001716,airport,office_area,28.34,129.10,medium,afternoon,weekday,rainy,metro,no,1,1345,multimodal,69.21
SCV20001717,college_area,office_area,11.91,81.60,medium,evening,weekday,clear,metro,yes,2,1250,multimodal,10.00
SCV20001718,metro_station,office_area,4.66,31.30,medium,morning,weekday,cloudy,rapido,yes,0,115,direct,101.53
SCV20001719,metro_station,residential,6.27,40.10,medium,evening,weekday,clear,auto,yes,0,17,direct,179.64
SCV20001720,airport,commercial,24.97,71.70,low,night,weekend,clear,rapido,yes,0,37,direct,367.52
SCV20001721,residential,office_area,11.37,67.60,medium,morning,weekday,clear,rapido,yes,1,982,multimodal,187.87
SCV20001722,residential,shopping_area,9.95,47.20,medium,afternoon,weekday,clear,uber,yes,0,16,direct,593.59
SCV20001723,commercial,shopping_area,5.08,23.50,low,evening,weekend,clear,metro,no,0,101,direct,18.01
SCV20001724,college_area,residential,6.50,38.30,medium,afternoon,weekday,clear,bus,yes,0,279,direct,20.30
SCV20001725,college_area,office_area,8.84,60.20,low,afternoon,weekday,clear,metro,no,2,1992,multimodal,10.00
SCV20001726,college_area,office_area,9.74,53.50,medium,evening,weekday,cloudy,auto,yes,0,122,direct,265.88
SCV20001727,residential,office_area,6.31,31.20,medium,morning,weekday,clear,auto,yes,0,98,direct,181.58
SCV20001728,residential,metro_station,6.20,62.20,medium,morning,weekday,clear,metro,yes,2,1579,multimodal,20.13
SCV20001729,metro_station,shopping_area,9.77,34.80,low,afternoon,weekend,clear,bus,no,0,169,direct,10.00
SCV20001730,residential,office_area,9.72,58.40,low,night,weekend,cloudy,metro,no,1,1294,multimodal,36.19
SCV20001731,commercial,shopping_area,7.49,22.60,low,afternoon,weekend,rainy,ola,no,0,101,direct,321.12
SCV20001732,metro_station,residential,1.28,41.50,medium,morning,weekend,clear,auto,yes,2,919,multimodal,130.37
SCV20001733,college_area,metro_station,3.42,30.00,medium,morning,weekday,clear,uber,yes,0,63,direct,302.45
SCV20001734,airport,residential,33.45,150.00,medium,evening,weekend,cloudy,ola,no,3,2193,multimodal,1291.90
SCV20001735,metro_station,residential,3.12,38.30,high,evening,weekday,cloudy,rapido,yes,0,27,direct,108.21
SCV20001736,commercial,metro_station,9.98,67.60,medium,afternoon,weekday,rainy,bus,yes,1,996,multimodal,29.78
SCV20001737,metro_station,residential,3.30,59.30,medium,evening,weekday,clear,bus,no,2,1259,multimodal,17.23
SCV20001738,metro_station,commercial,4.40,23.00,low,afternoon,weekday,clear,bus,no,0,140,direct,10.88
SCV20001739,residential,commercial,13.19,41.50,low,afternoon,weekday,clear,uber,no,0,95,direct,504.85
SCV20001740,metro_station,residential,3.88,25.50,medium,evening,weekday,cloudy,ola,yes,0,86,direct,227.67
SCV20001741,airport,metro_station,26.66,126.50,medium,morning,weekend,clear,bus,yes,1,1309,multimodal,63.32
SCV20001742,college_area,commercial,9.58,35.80,low,afternoon,weekday,clear,bus,no,1,174,direct,24.93
SCV20001743,metro_station,residential,5.57,54.20,high,evening,weekday,clear,uber,yes,0,60,direct,588.23
SCV20001744,commercial,metro_station,5.20,82.90,high,evening,weekday,rainy,ola,yes,2,1486,multimodal,654.23
SCV20001745,residential,commercial,8.17,52.50,medium,morning,weekday,clear,rapido,yes,1,1533,multimodal,172.24
SCV20001746,metro_station,office_area,3.57,26.20,medium,evening,weekday,clear,uber,yes,0,129,direct,278.98
SCV20001747,college_area,office_area,6.76,27.00,low,afternoon,weekday,clear,auto,no,0,28,direct,137.08
SCV20001748,residential,commercial,6.26,42.80,low,morning,weekend,rainy,metro,no,1,752,multimodal,26.74
SCV20001749,residential,office_area,7.48,71.80,high,evening,weekday,cloudy,ola,yes,1,93,direct,595.44
SCV20001750,metro_station,shopping_area,9.99,49.10,medium,evening,weekday,clear,ola,yes,0,86,direct,421.63
SCV20001751,commercial,shopping_area,4.48,30.20,medium,afternoon,weekday,clear,auto,yes,0,16,direct,145.30
SCV20001752,commercial,residential,8.16,105.60,high,evening,weekday,cloudy,metro,yes,2,1344,multimodal,39.91
SCV20001753,airport,office_area,34.20,150.00,medium,morning,weekend,clear,bus,yes,1,1141,multimodal,49.52
SCV20001754,metro_station,residential,2.97,66.30,medium,evening,weekend,clear,bus,no,2,1362,multimodal,37.29
SCV20001755,college_area,metro_station,4.25,30.70,medium,evening,weekday,clear,ola,yes,0,78,direct,268.70
SCV20001756,commercial,residential,3.47,15.60,medium,afternoon,weekend,clear,bus,yes,0,167,direct,10.00
SCV20001757,airport,commercial,31.40,110.50,low,afternoon,weekend,clear,bus,no,1,1316,multimodal,35.19
SCV20001758,airport,residential,29.53,86.90,low,afternoon,weekday,cloudy,uber,no,0,129,direct,1339.00
SCV20001759,residential,office_area,9.75,130.20,high,evening,weekday,rainy,metro,yes,2,1585,multimodal,47.79
SCV20001760,residential,shopping_area,11.01,88.00,medium,evening,weekday,clear,bus,yes,1,1264,multimodal,13.25
SCV20001761,commercial,office_area,10.48,81.50,medium,morning,weekday,clear,bus,yes,2,1385,multimodal,37.54
SCV20001762,metro_station,commercial,4.24,34.10,medium,evening,weekday,clear,ola,yes,0,178,direct,249.62
SCV20001763,college_area,residential,6.19,31.00,medium,morning,weekday,clear,auto,yes,0,141,direct,159.04
SCV20001764,commercial,office_area,3.56,44.80,high,evening,weekday,clear,rapido,yes,0,86,direct,141.92
SCV20001765,residential,metro_station,5.56,29.40,medium,morning,weekday,clear,ola,yes,0,188,direct,366.72
SCV20001766,airport,commercial,25.73,62.20,low,night,weekday,clear,uber,no,0,115,direct,978.60
SCV20001767,college_area,metro_station,4.05,46.30,high,evening,weekday,rainy,metro,yes,0,196,direct,25.05
SCV20001768,college_area,commercial,12.71,81.10,low,afternoon,weekday,cloudy,ola,no,2,1079,multimodal,507.11
SCV20001769,commercial,shopping_area,6.55,68.60,medium,evening,weekend,cloudy,metro,yes,1,1044,multimodal,22.62
SCV20001770,college_area,office_area,5.17,64.10,medium,evening,weekday,clear,metro,no,2,1794,multimodal,28.65
SCV20001771,commercial,residential,7.09,34.70,medium,afternoon,weekday,cloudy,uber,yes,0,45,direct,419.59
SCV20001772,metro_station,shopping_area,3.41,14.50,low,afternoon,weekday,clear,auto,no,0,129,direct,119.88
SCV20001773,commercial,residential,6.83,25.60,low,morning,weekend,clear,uber,no,0,192,direct,312.33
SCV20001774,residential,shopping_area,12.00,39.80,medium,afternoon,weekday,cloudy,ola,yes,0,67,direct,463.95
SCV20001775,metro_station,office_area,5.96,37.20,medium,afternoon,weekday,clear,ola,no,0,88,direct,277.12
SCV20001776,residential,commercial,6.81,35.40,medium,morning,weekday,clear,ola,yes,0,96,direct,317.78
SCV20001777,metro_station,shopping_area,7.92,39.60,medium,morning,weekday,clear,rapido,yes,0,63,direct,145.34
SCV20001778,college_area,office_area,4.38,30.90,medium,morning,weekday,clear,ola,yes,0,99,direct,263.25
SCV20001779,commercial,shopping_area,4.64,45.70,medium,afternoon,weekday,clear,auto,yes,1,961,multimodal,182.39
SCV20001780,college_area,metro_station,1.35,40.80,medium,evening,weekday,clear,metro,yes,1,882,multimodal,32.84
SCV20001781,commercial,residential,5.63,15.00,low,night,weekend,rainy,rapido,no,0,58,direct,76.42
SCV20001782,college_area,commercial,9.83,49.10,low,afternoon,weekday,rainy,ola,no,1,1017,multimodal,383.98
SCV20001783,metro_station,shopping_area,10.02,29.60,low,night,weekday,rainy,uber,no,0,33,direct,425.85
SCV20001784,commercial,residential,9.85,32.70,low,morning,weekend,clear,rapido,no,0,95,direct,137.58
SCV20001785,college_area,residential,4.53,24.30,medium,afternoon,weekday,rainy,bus,yes,1,116,direct,10.00
SCV20001786,airport,commercial,18.29,150.00,high,evening,weekday,clear,metro,yes,1,1024,multimodal,51.17
SCV20001787,commercial,shopping_area,1.50,29.30,medium,morning,weekday,rainy,bus,yes,1,464,multimodal,10.90
SCV20001788,residential,office_area,10.37,39.60,medium,morning,weekday,clear,ola,yes,0,34,direct,409.94
SCV20001789,college_area,office_area,9.19,41.30,medium,morning,weekday,clear,rapido,yes,1,213,direct,161.30
SCV20001790,college_area,residential,7.95,50.20,low,afternoon,weekday,cloudy,uber,no,1,926,multimodal,438.45
SCV20001791,airport,residential,37.82,150.00,medium,morning,weekday,clear,auto,yes,2,813,multimodal,916.67
SCV20001792,commercial,metro_station,4.33,63.30,medium,morning,weekday,clear,bus,yes,2,1074,multimodal,32.93
SCV20001793,airport,office_area,27.19,96.60,medium,afternoon,weekday,rainy,uber,no,0,232,direct,1343.42
SCV20001794,metro_station,shopping_area,7.41,35.60,medium,afternoon,weekday,clear,ola,yes,0,129,direct,359.81
SCV20001795,commercial,office_area,7.75,70.30,high,evening,weekday,cloudy,rapido,yes,0,62,direct,210.07
SCV20001796,commercial,shopping_area,4.23,48.10,medium,evening,weekday,clear,auto,yes,1,183,multimodal,183.71
SCV20001797,residential,metro_station,7.33,60.70,medium,morning,weekday,clear,bus,yes,1,959,multimodal,25.87
SCV20001798,college_area,residential,4.76,28.30,medium,evening,weekday,clear,ola,yes,0,124,direct,236.48
SCV20001799,residential,office_area,8.69,50.40,medium,evening,weekday,clear,rapido,yes,0,6,direct,143.22
SCV20001800,residential,office_area,10.10,107.90,high,evening,weekday,cloudy,ola,yes,2,1582,multimodal,822.82
SCV20001801,airport,residential,29.99,150.00,high,evening,weekday,cloudy,rapido,yes,0,71,direct,645.20
SCV20001802,commercial,residential,6.24,61.90,high,morning,weekday,rainy,uber,yes,1,572,multimodal,724.30
SCV20001803,commercial,office_area,6.10,45.60,medium,evening,weekday,cloudy,bus,yes,0,116,direct,22.86
SCV20001804,commercial,residential,4.67,40.00,medium,evening,weekend,rainy,auto,yes,0,82,direct,192.79
SCV20001805,airport,office_area,17.43,73.70,low,night,weekend,clear,metro,no,1,1499,multimodal,13.33
SCV20001806,college_area,metro_station,3.55,47.30,high,evening,weekday,rainy,uber,yes,1,42,direct,504.18
SCV20001807,college_area,office_area,10.98,61.30,low,afternoon,weekday,clear,auto,no,2,867,multimodal,250.09
SCV20001808,commercial,shopping_area,5.73,20.50,medium,afternoon,weekday,clear,ola,yes,0,24,direct,265.60
SCV20001809,metro_station,residential,5.73,22.00,low,night,weekday,clear,auto,yes,0,70,direct,166.13
SCV20001810,metro_station,residential,4.32,24.20,medium,morning,weekday,clear,metro,yes,0,191,direct,23.84
SCV20001811,metro_station,residential,2.35,19.70,medium,evening,weekday,clear,ola,yes,0,101,direct,176.16
SCV20001812,residential,office_area,11.16,83.30,medium,evening,weekday,clear,metro,yes,1,679,multimodal,20.62
SCV20001813,college_area,office_area,6.25,16.30,low,night,weekday,clear,auto,yes,0,0,direct,145.02
SCV20001814,college_area,residential,7.71,33.60,medium,morning,weekday,clear,ola,yes,0,27,direct,368.26
SCV20001815,commercial,residential,9.04,29.20,low,morning,weekend,clear,bus,no,0,91,direct,10.00
SCV20001816,metro_station,residential,5.21,53.00,high,evening,weekday,cloudy,ola,yes,0,141,direct,505.52
SCV20001817,residential,office_area,12.55,73.70,high,morning,weekday,rainy,uber,yes,0,55,direct,1044.16
SCV20001818,airport,office_area,28.15,99.70,medium,afternoon,weekday,clear,uber,no,0,114,direct,1200.59
SCV20001819,residential,metro_station,4.59,36.30,medium,morning,weekday,clear,rapido,yes,1,1151,multimodal,121.28
SCV20001820,residential,metro_station,8.77,73.10,high,evening,weekday,cloudy,rapido,yes,0,67,direct,269.01
SCV20001821,residential,office_area,7.60,31.80,low,afternoon,weekday,clear,uber,no,1,90,direct,360.67
SCV20001822,metro_station,commercial,4.40,20.10,medium,morning,weekday,cloudy,bus,yes,0,159,direct,28.50
SCV20001823,metro_station,commercial,5.20,34.10,medium,afternoon,weekday,clear,ola,yes,0,74,direct,279.10
SCV20001824,college_area,commercial,4.67,28.20,medium,afternoon,weekday,cloudy,rapido,yes,0,87,direct,93.09
SCV20001825,residential,metro_station,1.84,34.30,high,evening,weekday,rainy,rapido,yes,1,37,direct,109.71
SCV20001826,metro_station,shopping_area,5.86,17.30,low,night,weekday,clear,uber,no,0,112,direct,280.28
SCV20001827,metro_station,office_area,5.93,53.60,medium,afternoon,weekday,clear,bus,yes,2,1158,multimodal,32.82
SCV20001828,residential,commercial,9.70,40.90,medium,morning,weekday,clear,rapido,yes,1,8,direct,170.95
SCV20001829,residential,shopping_area,5.73,32.50,medium,evening,weekday,clear,rapido,yes,0,152,direct,111.59
SCV20001830,metro_station,office_area,5.72,26.40,medium,morning,weekday,clear,metro,yes,0,273,direct,16.66
SCV20001831,metro_station,residential,7.38,36.70,medium,afternoon,weekday,clear,ola,yes,0,13,direct,371.21
SCV20001832,commercial,office_area,5.38,31.80,medium,evening,weekday,clear,metro,yes,0,155,direct,19.88
SCV20001833,residential,office_area,8.90,50.00,medium,evening,weekday,cloudy,ola,no,0,50,direct,376.89
SCV20001834,metro_station,office_area,5.07,52.70,medium,morning,weekday,clear,ola,no,1,1056,multimodal,323.19
SCV20001835,metro_station,commercial,7.45,86.30,medium,evening,weekday,cloudy,uber,yes,3,1724,multimodal,707.72
SCV20001836,residential,metro_station,5.29,49.20,high,morning,weekday,rainy,ola,yes,0,37,direct,464.08
SCV20001837,airport,commercial,22.91,129.00,medium,evening,weekend,clear,ola,no,1,893,multimodal,1008.94
SCV20001838,college_area,commercial,5.61,49.00,medium,morning,weekday,clear,metro,yes,1,1095,multimodal,10.00
SCV20001839,college_area,metro_station,5.90,45.70,medium,afternoon,weekday,clear,metro,yes,1,1247,multimodal,28.11
SCV20001840,residential,metro_station,5.67,26.70,medium,morning,weekday,cloudy,uber,yes,0,52,direct,372.14
SCV20001841,residential,office_area,9.48,55.60,medium,evening,weekday,clear,bus,yes,0,175,direct,33.30
SCV20001842,commercial,metro_station,5.32,31.60,medium,morning,weekday,cloudy,ola,yes,0,104,direct,282.88
SCV20001843,residential,metro_station,8.37,53.80,medium,morning,weekday,rainy,uber,yes,1,1183,multimodal,586.14
SCV20001844,commercial,shopping_area,6.21,35.50,medium,morning,weekday,clear,ola,yes,0,124,direct,335.31
SCV20001845,residential,shopping_area,11.33,47.30,low,night,weekday,cloudy,rapido,no,1,587,multimodal,160.20
SCV20001846,commercial,residential,6.26,33.00,medium,evening,weekday,clear,auto,yes,0,144,direct,174.34
SCV20001847,metro_station,office_area,9.37,55.30,medium,evening,weekend,cloudy,ola,yes,0,69,direct,468.86
SCV20001848,college_area,residential,5.17,59.50,medium,afternoon,weekday,clear,ola,yes,3,1178,multimodal,375.25
SCV20001849,metro_station,office_area,8.11,51.80,high,morning,weekday,rainy,auto,yes,0,25,direct,316.23
SCV20001850,college_area,residential,9.22,55.10,medium,morning,weekday,clear,uber,yes,1,926,multimodal,581.84
SCV20001851,college_area,residential,7.83,25.20,low,afternoon,weekday,rainy,ola,no,0,132,direct,303.68
SCV20001852,metro_station,shopping_area,8.61,104.80,high,evening,weekday,clear,metro,yes,2,1528,multimodal,26.22
SCV20001853,residential,office_area,6.99,32.60,medium,morning,weekday,clear,uber,yes,0,65,direct,412.59
SCV20001854,college_area,residential,5.85,44.20,low,afternoon,weekday,clear,metro,no,1,675,multimodal,26.24
SCV20001855,residential,metro_station,5.55,25.50,medium,afternoon,weekday,cloudy,rapido,no,0,97,direct,72.30
SCV20001856,commercial,office_area,8.87,33.60,low,afternoon,weekend,cloudy,rapido,no,0,92,direct,135.63
SCV20001857,college_area,residential,2.87,32.10,medium,morning,weekday,cloudy,metro,yes,0,332,direct,17.83
SCV20001858,residential,metro_station,4.88,24.20,low,afternoon,weekday,clear,ola,no,0,43,direct,190.30
SCV20001859,airport,residential,36.83,88.70,low,night,weekday,clear,auto,no,0,0,direct,595.80
SCV20001860,airport,metro_station,31.44,77.70,low,night,weekday,clear,auto,no,0,114,direct,517.38
SCV20001861,residential,commercial,10.35,43.00,low,evening,weekend,clear,ola,no,0,118,direct,366.44
SCV20001862,residential,metro_station,4.80,29.80,medium,morning,weekday,clear,uber,yes,0,82,direct,370.38
SCV20001863,metro_station,residential,5.59,29.70,medium,morning,weekday,clear,auto,yes,0,0,direct,151.92
SCV20001864,college_area,commercial,9.61,51.10,medium,morning,weekday,clear,rapido,yes,1,960,multimodal,151.84
SCV20001865,college_area,commercial,9.60,51.60,medium,evening,weekday,clear,ola,yes,1,150,direct,428.56
SCV20001866,residential,shopping_area,12.94,65.50,medium,morning,weekend,rainy,auto,no,1,12,direct,322.10
SCV20001867,residential,metro_station,3.76,26.10,medium,morning,weekday,clear,uber,yes,0,35,direct,295.68
SCV20001868,residential,office_area,15.56,79.20,medium,evening,weekday,clear,rapido,no,0,42,direct,221.97
SCV20001869,residential,metro_station,2.27,28.30,high,morning,weekday,rainy,rapido,yes,0,110,direct,111.29
SCV20001870,residential,metro_station,8.49,45.20,medium,morning,weekday,cloudy,uber,yes,0,44,direct,509.32
SCV20001871,commercial,metro_station,3.71,25.70,low,night,weekday,cloudy,rapido,no,1,67,direct,88.82
SCV20001872,commercial,shopping_area,5.29,33.80,medium,morning,weekday,clear,rapido,yes,0,143,direct,99.03
SCV20001873,airport,metro_station,19.80,41.30,low,night,weekday,rainy,bus,no,0,199,direct,27.48
SCV20001874,airport,residential,31.21,100.80,low,night,weekday,clear,ola,no,1,929,multimodal,945.57
SCV20001875,metro_station,commercial,1.88,21.20,high,evening,weekday,cloudy,metro,yes,0,110,direct,19.58
SCV20001876,residential,commercial,9.34,21.90,low,night,weekday,clear,uber,no,0,138,direct,439.46
SCV20001877,college_area,commercial,7.78,37.30,medium,evening,weekday,clear,auto,yes,0,29,direct,194.75
SCV20001878,residential,commercial,10.10,59.80,medium,evening,weekday,clear,ola,no,1,632,multimodal,463.62
SCV20001879,commercial,residential,10.84,87.50,low,afternoon,weekday,clear,metro,no,3,1621,multimodal,36.23
SCV20001880,college_area,metro_station,5.46,50.30,medium,afternoon,weekday,clear,bus,yes,2,947,multimodal,33.64
SCV20001881,airport,metro_station,26.84,129.50,medium,evening,weekday,clear,ola,yes,0,82,direct,1376.78
SCV20001882,metro_station,shopping_area,5.33,19.60,low,night,weekend,clear,rapido,yes,0,83,direct,94.97
SCV20001883,commercial,metro_station,6.51,52.80,high,morning,weekday,rainy,rapido,yes,0,126,direct,191.86
SCV20001884,residential,shopping_area,10.18,50.50,medium,evening,weekday,clear,rapido,yes,0,111,direct,173.15
SCV20001885,commercial,metro_station,6.99,51.60,medium,afternoon,weekday,cloudy,rapido,no,1,578,multimodal,152.96
SCV20001886,metro_station,commercial,7.45,27.70,low,night,weekend,rainy,ola,yes,0,72,direct,325.68
SCV20001887,college_area,residential,9.33,61.50,low,morning,weekend,clear,bus,no,2,1592,multimodal,10.00
SCV20001888,airport,office_area,22.71,58.20,low,night,weekday,clear,bus,no,0,131,direct,31.40
SCV20001889,residential,shopping_area,11.26,57.00,medium,evening,weekend,clear,ola,no,0,149,direct,472.41
SCV20001890,metro_station,shopping_area,7.05,28.90,medium,morning,weekday,clear,bus,yes,0,217,direct,41.77
SCV20001891,college_area,residential,9.33,77.80,medium,afternoon,weekday,cloudy,metro,yes,3,1947,multimodal,23.79
SCV20001892,airport,office_area,27.05,79.80,low,night,weekday,clear,uber,no,0,111,direct,1178.81
SCV20001893,college_area,residential,3.03,26.00,medium,morning,weekday,clear,uber,yes,0,164,direct,282.71
SCV20001894,college_area,residential,3.45,40.20,medium,afternoon,weekday,clear,bus,yes,2,1794,multimodal,20.37
SCV20001895,commercial,residential,4.05,33.40,medium,evening,weekend,clear,auto,no,0,60,direct,144.46
SCV20001896,airport,office_area,20.22,56.50,low,night,weekend,clear,ola,no,0,77,direct,614.40
SCV20001897,college_area,metro_station,1.30,15.60,low,afternoon,weekday,clear,auto,no,0,80,direct,88.87
SCV20001898,commercial,office_area,2.51,20.80,medium,evening,weekday,clear,auto,yes,0,85,direct,110.04
SCV20001899,metro_station,residential,2.73,30.00,high,evening,weekday,clear,rapido,yes,1,35,direct,84.25
SCV20001900,commercial,office_area,5.14,26.20,medium,morning,weekday,clear,rapido,yes,0,80,direct,111.81
SCV20001901,college_area,office_area,10.43,33.40,low,afternoon,weekday,clear,ola,no,0,83,direct,327.70
SCV20001902,commercial,office_area,4.45,31.50,medium,evening,weekday,clear,rapido,yes,0,0,direct,111.35
SCV20001903,metro_station,commercial,6.59,59.50,medium,morning,weekday,clear,bus,yes,2,1974,multimodal,29.64
SCV20001904,commercial,office_area,2.07,18.00,low,afternoon,weekday,clear,uber,no,0,79,direct,162.03
SCV20001905,residential,metro_station,8.47,38.60,medium,evening,weekday,clear,uber,yes,0,88,direct,481.16
SCV20001906,metro_station,commercial,6.60,40.00,medium,morning,weekday,clear,bus,yes,0,273,direct,29.36
SCV20001907,college_area,commercial,10.81,48.40,medium,morning,weekday,clear,ola,yes,1,85,direct,474.25
SCV20001908,college_area,commercial,3.96,16.50,low,night,weekend,clear,uber,no,0,40,direct,212.18
SCV20001909,metro_station,residential,2.54,52.00,medium,morning,weekend,rainy,bus,no,1,1431,multimodal,22.43
SCV20001910,residential,commercial,8.55,25.20,low,night,weekday,cloudy,auto,no,0,218,direct,162.69
SCV20001911,commercial,shopping_area,6.07,33.70,medium,morning,weekday,cloudy,auto,yes,0,58,direct,171.25
SCV20001912,metro_station,office_area,3.71,49.50,high,evening,weekday,rainy,metro,yes,0,173,direct,33.77
SCV20001913,residential,metro_station,5.41,62.00,medium,morning,weekday,rainy,metro,yes,1,1238,multimodal,30.29
SCV20001914,residential,shopping_area,11.30,111.90,high,evening,weekday,rainy,metro,yes,1,1289,multimodal,48.51
SCV20001915,airport,office_area,22.53,108.70,medium,afternoon,weekday,clear,bus,yes,1,856,multimodal,65.23
SCV20001916,commercial,shopping_area,6.38,34.00,medium,morning,weekday,cloudy,uber,yes,0,51,direct,403.69
SCV20001917,commercial,metro_station,2.86,35.20,high,evening,weekday,cloudy,uber,yes,0,109,direct,422.70
SCV20001918,airport,commercial,26.10,93.90,medium,afternoon,weekday,rainy,ola,no,0,85,direct,1010.01
SCV20001919,residential,metro_station,4.83,72.20,medium,morning,weekday,clear,bus,yes,3,1902,multimodal,36.57
SCV20001920,residential,commercial,3.55,20.90,medium,afternoon,weekday,clear,auto,yes,0,89,direct,109.17
SCV20001921,residential,office_area,10.79,113.00,high,evening,weekday,cloudy,bus,yes,1,1205,multimodal,43.16
SCV20001922,residential,metro_station,4.01,33.00,high,morning,weekday,cloudy,uber,yes,0,105,direct,463.01
SCV20001923,residential,shopping_area,10.39,28.80,low,afternoon,weekend,cloudy,auto,no,0,57,direct,192.36
SCV20001924,metro_station,residential,3.91,39.70,high,morning,weekday,clear,rapido,yes,0,13,direct,132.42
SCV20001925,commercial,residential,5.43,34.90,medium,evening,weekday,clear,ola,no,0,117,direct,247.72
SCV20001926,metro_station,office_area,6.08,59.40,high,evening,weekday,clear,auto,yes,0,0,direct,278.56
SCV20001927,residential,office_area,16.90,81.60,medium,evening,weekend,cloudy,auto,no,0,100,direct,373.40
SCV20001928,residential,commercial,9.82,40.00,low,evening,weekend,cloudy,uber,no,0,80,direct,431.02
SCV20001929,commercial,shopping_area,7.90,59.10,low,afternoon,weekday,cloudy,metro,no,1,1492,multimodal,28.00
SCV20001930,commercial,metro_station,7.76,36.20,medium,morning,weekday,clear,auto,yes,0,50,direct,235.83
SCV20001931,commercial,residential,10.59,31.50,medium,afternoon,weekday,rainy,auto,no,0,91,direct,222.25
SCV20001932,residential,metro_station,6.18,36.30,medium,morning,weekday,cloudy,ola,yes,0,35,direct,311.04
SCV20001933,airport,commercial,14.54,47.40,low,afternoon,weekend,cloudy,ola,no,0,28,direct,520.00
SCV20001934,college_area,commercial,9.45,27.30,low,afternoon,weekday,clear,ola,no,0,27,direct,283.36
SCV20001935,residential,office_area,7.44,24.20,low,afternoon,weekday,clear,ola,no,0,12,direct,260.47
SCV20001936,commercial,residential,12.30,102.30,high,morning,weekday,rainy,uber,yes,2,1598,multimodal,1188.65
SCV20001937,residential,office_area,14.32,121.80,high,evening,weekday,rainy,metro,yes,0,152,direct,46.01
SCV20001938,residential,shopping_area,6.76,53.90,low,afternoon,weekend,cloudy,ola,no,1,1289,multimodal,322.94
SCV20001939,residential,shopping_area,7.42,33.70,medium,morning,weekend,clear,auto,yes,0,199,direct,197.42
SCV20001940,airport,office_area,24.99,150.00,high,evening,weekend,rainy,ola,yes,0,82,direct,1500.00
SCV20001941,commercial,office_area,6.14,20.90,low,night,weekday,cloudy,metro,no,0,208,direct,10.46
SCV20001942,metro_station,office_area,6.11,28.00,medium,afternoon,weekend,clear,uber,yes,0,115,direct,377.87
SCV20001943,metro_station,residential,4.34,38.00,high,evening,weekday,clear,rapido,yes,0,120,direct,145.79
SCV20001944,residential,commercial,10.14,48.40,medium,evening,weekend,clear,uber,yes,0,104,direct,611.46
SCV20001945,commercial,residential,8.21,70.10,high,evening,weekday,cloudy,uber,yes,1,154,direct,826.73
SCV20001946,metro_station,office_area,6.72,33.60,medium,morning,weekend,rainy,uber,yes,0,77,direct,475.36
SCV20001947,commercial,metro_station,5.30,60.10,high,evening,weekday,clear,bus,yes,0,308,direct,11.48
SCV20001948,commercial,residential,10.16,54.60,medium,evening,weekday,clear,auto,yes,0,37,direct,285.10
SCV20001949,metro_station,office_area,10.81,81.40,high,morning,weekday,rainy,bus,yes,1,495,multimodal,46.64
SCV20001950,metro_station,residential,3.46,79.10,high,evening,weekday,cloudy,uber,yes,3,1115,multimodal,762.68
SCV20001951,metro_station,shopping_area,6.46,33.40,medium,morning,weekday,clear,auto,yes,0,124,direct,175.27
SCV20001952,metro_station,residential,4.28,39.90,medium,afternoon,weekday,cloudy,rapido,yes,1,1071,multimodal,93.40
SCV20001953,metro_station,commercial,4.07,29.40,medium,evening,weekend,cloudy,ola,yes,0,166,direct,248.48
SCV20001954,commercial,residential,9.49,68.50,medium,afternoon,weekday,clear,bus,yes,2,1899,multimodal,48.60
SCV20001955,residential,office_area,15.67,144.60,high,evening,weekday,clear,bus,yes,1,972,multimodal,42.51
SCV20001956,airport,residential,20.57,76.60,medium,afternoon,weekday,clear,ola,yes,0,112,direct,796.96
SCV20001957,college_area,residential,3.33,30.20,medium,afternoon,weekday,clear,bus,yes,1,1026,multimodal,10.00
SCV20001958,residential,metro_station,1.71,22.60,medium,evening,weekday,clear,uber,yes,0,0,direct,229.68
SCV20001959,college_area,residential,6.43,30.00,medium,morning,weekday,cloudy,ola,yes,0,146,direct,327.56
SCV20001960,metro_station,commercial,4.34,54.70,high,evening,weekday,rainy,auto,yes,0,0,direct,261.98
SCV20001961,commercial,residential,9.57,55.80,low,night,weekday,clear,auto,no,2,1044,multimodal,248.18
SCV20001962,airport,commercial,19.36,51.70,low,night,weekend,clear,uber,no,0,62,direct,733.94
SCV20001963,airport,metro_station,27.18,103.90,medium,morning,weekday,clear,uber,yes,0,93,direct,1383.45
SCV20001964,residential,office_area,7.83,39.80,medium,morning,weekday,rainy,ola,yes,1,48,direct,390.79
SCV20001965,metro_station,residential,5.89,84.40,medium,evening,weekday,clear,bus,yes,2,1082,multimodal,22.78
SCV20001966,commercial,residential,5.52,37.80,medium,morning,weekday,clear,ola,yes,0,173,direct,299.52
SCV20001967,residential,metro_station,9.34,59.90,high,morning,weekday,rainy,rapido,yes,0,142,direct,255.58
SCV20001968,commercial,office_area,9.03,75.50,high,evening,weekday,cloudy,rapido,yes,0,81,direct,253.08
SCV20001969,residential,commercial,4.85,19.00,low,night,weekend,clear,uber,no,0,79,direct,255.39
SCV20001970,residential,metro_station,4.39,25.90,medium,afternoon,weekday,clear,metro,yes,0,291,direct,30.04
SCV20001971,airport,metro_station,19.83,150.00,high,evening,weekday,rainy,bus,yes,1,819,multimodal,74.45
SCV20001972,commercial,metro_station,7.41,61.10,high,morning,weekday,rainy,metro,yes,0,100,direct,31.81
SCV20001973,college_area,commercial,4.25,23.90,low,night,weekday,clear,ola,no,0,144,direct,214.34
SCV20001974,airport,residential,29.57,132.40,medium,evening,weekend,clear,uber,yes,0,138,direct,1500.00
SCV20001975,commercial,office_area,4.75,60.40,high,evening,weekday,cloudy,metro,yes,0,174,direct,13.26
SCV20001976,commercial,metro_station,4.03,20.10,medium,afternoon,weekday,cloudy,rapido,yes,0,148,direct,102.31
SCV20001977,college_area,commercial,4.72,27.40,medium,morning,weekday,clear,uber,yes,0,23,direct,312.47
SCV20001978,commercial,office_area,4.17,42.00,high,morning,weekday,clear,uber,yes,0,66,direct,484.72
SCV20001979,airport,metro_station,24.43,131.40,medium,morning,weekday,clear,bus,yes,2,1389,multimodal,61.03
SCV20001980,metro_station,residential,5.35,21.20,medium,afternoon,weekday,cloudy,ola,yes,0,71,direct,260.03
SCV20001981,commercial,office_area,7.31,73.90,medium,afternoon,weekday,clear,bus,yes,3,1782,multimodal,19.60
SCV20001982,college_area,office_area,6.97,73.50,low,night,weekend,rainy,auto,no,3,2237,multimodal,253.87
SCV20001983,airport,commercial,31.50,83.80,low,night,weekend,rainy,ola,no,0,184,direct,989.70
SCV20001984,airport,office_area,22.71,99.40,low,morning,weekend,clear,metro,no,1,1247,multimodal,25.41
SCV20001985,metro_station,commercial,3.44,29.30,medium,evening,weekday,clear,bus,yes,0,183,direct,20.06
SCV20001986,college_area,residential,4.20,21.10,medium,morning,weekday,rainy,uber,yes,0,27,direct,326.50
SCV20001987,residential,metro_station,5.40,37.50,medium,afternoon,weekday,clear,metro,yes,0,238,direct,10.00
SCV20001988,college_area,residential,10.41,41.30,medium,morning,weekday,cloudy,bus,yes,0,353,direct,33.39
SCV20001989,commercial,residential,5.57,57.40,low,afternoon,weekend,clear,rapido,no,3,1283,multimodal,125.95
SCV20001990,commercial,shopping_area,6.62,35.00,medium,evening,weekday,clear,ola,yes,0,114,direct,375.85
SCV20001991,residential,office_area,12.89,46.90,medium,afternoon,weekday,clear,bus,yes,0,186,direct,39.96
SCV20001992,residential,office_area,9.97,73.80,medium,morning,weekday,cloudy,metro,yes,2,998,multimodal,39.77
SCV20001993,residential,metro_station,3.85,26.00,medium,morning,weekday,cloudy,rapido,yes,0,0,direct,89.75
SCV20001994,commercial,shopping_area,6.21,22.10,medium,afternoon,weekday,rainy,rapido,no,0,49,direct,124.94
SCV20001995,college_area,office_area,8.43,27.10,low,afternoon,weekend,clear,ola,no,0,50,direct,281.24
SCV20001996,airport,office_area,36.39,150.00,high,evening,weekday,clear,metro,yes,2,1239,multimodal,74.21
SCV20001997,metro_station,residential,4.54,53.10,high,evening,weekday,rainy,rapido,yes,0,132,direct,210.68
SCV20001998,airport,commercial,22.76,109.70,medium,morning,weekday,clear,bus,yes,1,1125,multimodal,35.34
SCV20001999,college_area,residential,4.03,36.70,medium,morning,weekday,clear,rapido,yes,0,62,direct,102.20
SCV20002000,college_area,metro_station,4.78,54.80,high,evening,weekday,rainy,ola,yes,0,83,direct,483.21
SCV20002001,residential,office_area,13.98,55.40,medium,morning,weekday,clear,bus,yes,0,161,direct,30.27
SCV20002002,commercial,metro_station,6.25,63.70,high,evening,weekday,cloudy,ola,yes,0,23,direct,515.23
SCV20002003,commercial,office_area,6.22,24.10,low,afternoon,weekday,clear,auto,no,0,82,direct,141.91
SCV20002004,residential,metro_station,4.65,37.40,medium,evening,weekday,clear,uber,yes,0,140,direct,362.81
SCV20002005,residential,commercial,9.75,58.70,low,afternoon,weekday,clear,metro,no,2,1469,multimodal,27.90
SCV20002006,college_area,residential,4.45,24.70,low,afternoon,weekday,cloudy,uber,no,0,0,direct,244.79
SCV20002007,airport,metro_station,20.12,143.00,medium,evening,weekend,rainy,ola,no,3,1478,multimodal,1088.77
SCV20002008,commercial,residential,15.32,64.50,low,night,weekday,cloudy,metro,no,1,906,multimodal,22.46
SCV20002009,residential,metro_station,2.70,33.20,high,evening,weekday,rainy,auto,yes,0,69,direct,183.98
SCV20002010,college_area,office_area,14.69,62.70,low,afternoon,weekday,clear,auto,no,1,1039,multimodal,297.24
SCV20002011,college_area,commercial,12.04,49.10,medium,afternoon,weekday,rainy,rapido,yes,0,0,direct,203.31
SCV20002012,commercial,residential,7.08,26.20,low,afternoon,weekend,clear,ola,yes,0,0,direct,291.70
SCV20002013,commercial,shopping_area,5.29,56.90,medium,afternoon,weekday,cloudy,metro,no,1,1064,multimodal,21.81
SCV20002014,college_area,metro_station,5.74,29.20,medium,evening,weekday,clear,rapido,yes,0,111,direct,102.71
SCV20002015,residential,shopping_area,9.54,44.90,medium,evening,weekend,clear,rapido,no,0,209,direct,167.16
SCV20002016,airport,commercial,28.95,150.00,medium,evening,weekday,clear,rapido,yes,2,1138,multimodal,491.23
SCV20002017,metro_station,residential,6.08,60.30,medium,evening,weekday,clear,bus,yes,1,1398,multimodal,11.55
SCV20002018,college_area,office_area,5.73,27.50,low,afternoon,weekday,cloudy,uber,no,0,0,direct,296.18
SCV20002019,college_area,residential,8.25,22.90,low,night,weekday,cloudy,uber,yes,0,82,direct,377.92
SCV20002020,commercial,office_area,7.86,72.30,high,evening,weekday,rainy,bus,yes,0,205,direct,20.79
SCV20002021,metro_station,shopping_area,3.13,17.70,medium,afternoon,weekday,clear,rapido,no,0,155,direct,78.12
SCV20002022,commercial,office_area,4.77,34.50,medium,afternoon,weekday,rainy,bus,yes,0,275,direct,14.48
SCV20002023,residential,metro_station,5.29,48.80,high,evening,weekday,clear,ola,yes,0,179,direct,415.05
SCV20002024,commercial,office_area,6.99,84.10,high,evening,weekday,cloudy,ola,yes,1,1100,multimodal,626.13
SCV20002025,commercial,metro_station,3.54,22.30,medium,afternoon,weekday,clear,rapido,yes,0,127,direct,56.43
SCV20002026,college_area,metro_station,1.88,14.20,medium,evening,weekday,clear,metro,yes,0,122,direct,10.32
SCV20002027,commercial,office_area,9.81,46.90,medium,afternoon,weekday,rainy,uber,yes,0,128,direct,607.66
SCV20002028,residential,metro_station,3.44,44.40,medium,evening,weekend,rainy,uber,no,2,1132,multimodal,371.77
SCV20002029,commercial,office_area,9.49,26.10,low,night,weekday,clear,ola,no,0,150,direct,312.08
SCV20002030,residential,office_area,10.81,33.30,low,night,weekday,clear,auto,no,0,75,direct,198.84
SCV20002031,residential,metro_station,5.30,54.90,low,afternoon,weekend,clear,metro,no,1,1255,multimodal,15.41
SCV20002032,commercial,metro_station,8.67,48.10,low,morning,weekend,cloudy,auto,no,1,967,multimodal,237.60
SCV20002033,metro_station,shopping_area,3.09,19.50,medium,afternoon,weekday,cloudy,ola,no,0,106,direct,165.87
SCV20002034,metro_station,commercial,5.16,35.90,medium,evening,weekday,clear,metro,no,0,143,direct,19.75
SCV20002035,airport,residential,20.54,69.10,low,afternoon,weekday,clear,auto,no,0,35,direct,383.18
SCV20002036,commercial,metro_station,4.17,24.10,low,afternoon,weekday,clear,rapido,no,0,85,direct,80.77
SCV20002037,residential,metro_station,8.03,36.30,medium,afternoon,weekday,clear,metro,yes,0,151,direct,29.63
SCV20002038,residential,metro_station,5.22,39.10,medium,morning,weekday,clear,auto,yes,1,1048,multimodal,180.57
SCV20002039,residential,shopping_area,12.29,93.30,high,evening,weekday,clear,metro,yes,0,101,direct,53.03
SCV20002040,commercial,metro_station,4.89,17.40,low,afternoon,weekday,clear,rapido,no,0,67,direct,98.33
SCV20002041,residential,shopping_area,9.31,45.20,low,night,weekend,clear,rapido,no,1,283,multimodal,154.98
SCV20002042,metro_station,office_area,11.04,94.60,medium,morning,weekday,clear,rapido,yes,3,1717,multimodal,287.27
SCV20002043,college_area,metro_station,5.47,25.30,low,afternoon,weekday,clear,ola,no,0,76,direct,211.49
SCV20002044,commercial,residential,11.89,45.70,medium,morning,weekday,cloudy,uber,yes,0,51,direct,645.50
SCV20002045,college_area,commercial,12.82,49.10,low,afternoon,weekday,clear,ola,no,1,802,multimodal,430.92
SCV20002046,airport,commercial,32.87,150.00,medium,evening,weekday,clear,metro,yes,2,1741,multimodal,56.96
SCV20002047,metro_station,residential,4.49,49.70,medium,morning,weekday,cloudy,metro,yes,1,1449,multimodal,10.92
SCV20002048,residential,commercial,4.27,35.90,medium,evening,weekday,clear,uber,yes,0,51,direct,355.19
SCV20002049,residential,commercial,12.44,98.80,high,evening,weekday,rainy,auto,yes,0,45,direct,569.45
SCV20002050,residential,commercial,12.23,81.90,medium,morning,weekday,clear,bus,yes,1,1078,multimodal,25.03
SCV20002051,college_area,residential,7.25,41.50,medium,evening,weekend,clear,ola,no,0,38,direct,304.39
SCV20002052,commercial,residential,9.17,55.50,low,night,weekend,rainy,metro,no,2,1709,multimodal,21.34
SCV20002053,metro_station,commercial,4.07,51.30,high,evening,weekday,rainy,metro,yes,0,275,direct,48.67
SCV20002054,commercial,metro_station,6.60,29.20,low,afternoon,weekday,clear,rapido,no,0,123,direct,77.40
SCV20002055,residential,commercial,8.84,58.00,medium,afternoon,weekday,clear,ola,yes,2,987,multimodal,439.47
SCV20002056,commercial,metro_station,6.62,32.10,medium,morning,weekday,clear,metro,no,0,228,direct,21.00
SCV20002057,commercial,shopping_area,7.69,79.00,medium,evening,weekday,clear,rapido,yes,3,1474,multimodal,202.03
SCV20002058,commercial,office_area,6.01,20.60,low,morning,weekend,clear,rapido,no,0,129,direct,88.49
SCV20002059,residential,office_area,11.88,53.80,medium,afternoon,weekday,clear,metro,yes,0,232,direct,10.00
SCV20002060,commercial,metro_station,6.13,93.80,high,evening,weekday,rainy,ola,yes,2,1952,multimodal,706.17
SCV20002061,residential,commercial,5.09,22.80,medium,evening,weekday,clear,ola,yes,0,115,direct,314.08
SCV20002062,metro_station,shopping_area,3.44,27.60,medium,evening,weekday,cloudy,bus,yes,0,194,direct,14.96
SCV20002063,residential,metro_station,6.72,27.30,low,night,weekday,cloudy,ola,no,0,16,direct,256.23
SCV20002064,residential,office_area,12.91,63.20,medium,morning,weekday,rainy,rapido,no,0,140,direct,200.42
SCV20002065,metro_station,commercial,4.54,40.20,high,evening,weekday,clear,bus,yes,0,171,direct,19.22
SCV20002066,residential,commercial,12.64,79.10,medium,morning,weekend,clear,bus,yes,1,1094,multimodal,23.47
SCV20002067,metro_station,residential,4.19,38.20,high,evening,weekday,clear,ola,yes,0,96,direct,355.86
SCV20002068,metro_station,commercial,3.40,19.60,medium,afternoon,weekday,cloudy,metro,yes,0,65,direct,10.00
SCV20002069,commercial,metro_station,4.80,25.20,medium,morning,weekday,clear,rapido,yes,1,10,direct,72.95
SCV20002070,airport,office_area,30.79,85.00,low,night,weekday,cloudy,ola,no,0,99,direct,919.54
SCV20002071,metro_station,commercial,5.20,29.50,medium,morning,weekday,clear,ola,yes,1,107,direct,266.64
SCV20002072,metro_station,office_area,6.62,35.10,medium,morning,weekday,clear,ola,yes,0,84,direct,347.87
SCV20002073,metro_station,office_area,8.98,24.30,low,afternoon,weekend,cloudy,ola,no,0,52,direct,297.49
SCV20002074,college_area,residential,6.22,21.00,low,afternoon,weekday,clear,ola,no,0,101,direct,221.80
SCV20002075,metro_station,office_area,3.71,20.90,medium,evening,weekend,clear,uber,no,0,45,direct,260.10
SCV20002076,airport,metro_station,28.82,108.90,medium,morning,weekday,clear,bus,yes,0,136,direct,64.34
SCV20002077,airport,residential,30.14,84.50,low,night,weekday,rainy,ola,no,0,24,direct,1010.22
SCV20002078,commercial,metro_station,6.73,68.70,medium,evening,weekday,clear,metro,yes,1,483,multimodal,16.22
SCV20002079,metro_station,commercial,2.34,22.60,high,morning,weekday,rainy,ola,yes,0,72,direct,256.40
SCV20002080,commercial,residential,8.08,72.90,high,evening,weekday,cloudy,uber,yes,0,111,direct,802.20
SCV20002081,residential,office_area,10.43,108.00,high,evening,weekday,clear,ola,yes,1,518,multimodal,865.93
SCV20002082,residential,metro_station,6.45,34.30,medium,morning,weekday,cloudy,metro,yes,0,167,direct,19.82
SCV20002083,residential,office_area,7.91,40.60,medium,morning,weekday,rainy,metro,yes,0,135,direct,24.11
SCV20002084,airport,residential,32.38,89.90,low,night,weekday,rainy,ola,no,0,124,direct,1043.45
SCV20002085,residential,commercial,7.81,61.80,high,evening,weekday,clear,rapido,yes,0,184,direct,233.58
SCV20002086,metro_station,shopping_area,7.60,43.30,medium,morning,weekday,clear,rapido,yes,0,169,direct,167.77
SCV20002087,college_area,residential,7.82,22.40,low,night,weekend,cloudy,auto,no,0,159,direct,146.46
SCV20002088,metro_station,commercial,5.31,34.00,medium,evening,weekday,clear,metro,yes,0,155,direct,16.57
SCV20002089,metro_station,shopping_area,5.59,30.10,medium,morning,weekday,clear,uber,yes,0,69,direct,385.92
SCV20002090,commercial,office_area,11.45,70.50,medium,morning,weekday,clear,bus,yes,1,1285,multimodal,37.56
SCV20002091,commercial,metro_station,4.62,53.70,medium,evening,weekday,clear,bus,yes,1,1053,multimodal,12.59
SCV20002092,metro_station,shopping_area,8.73,44.90,medium,evening,weekday,clear,ola,yes,0,0,direct,417.09
SCV20002093,metro_station,commercial,2.06,16.10,medium,morning,weekday,clear,metro,no,0,304,direct,10.00
SCV20002094,airport,residential,26.79,150.00,high,evening,weekday,rainy,rapido,yes,1,815,multimodal,660.54
SCV20002095,commercial,metro_station,4.15,22.80,medium,morning,weekday,clear,metro,yes,0,143,direct,24.74
SCV20002096,airport,metro_station,17.57,100.30,medium,evening,weekday,clear,auto,no,0,133,direct,420.96
SCV20002097,college_area,residential,5.76,23.20,low,afternoon,weekday,cloudy,ola,no,0,183,direct,213.81
SCV20002098,metro_station,shopping_area,5.06,32.80,medium,evening,weekday,clear,uber,yes,0,165,direct,366.75
SCV20002099,metro_station,office_area,3.29,34.30,medium,morning,weekday,clear,auto,yes,1,825,multimodal,137.24
SCV20002100,residential,shopping_area,10.75,41.20,low,afternoon,weekend,clear,rapido,no,0,211,direct,131.21
SCV20002101,residential,office_area,10.68,45.30,medium,morning,weekday,rainy,uber,no,0,55,direct,579.91
SCV20002102,airport,office_area,30.03,150.00,medium,evening,weekend,clear,uber,yes,1,26,direct,1500.00
SCV20002103,college_area,commercial,9.64,63.90,low,evening,weekend,cloudy,metro,no,1,1163,multimodal,18.15
SCV20002104,commercial,metro_station,5.64,67.90,high,morning,weekday,rainy,bus,yes,1,842,multimodal,28.44
SCV20002105,residential,metro_station,7.86,73.50,high,evening,weekday,cloudy,auto,yes,1,90,direct,345.49
SCV20002106,airport,metro_station,20.89,150.00,high,evening,weekday,rainy,rapido,yes,1,46,direct,567.20
SCV20002107,residential,office_area,8.45,53.10,medium,evening,weekend,clear,ola,no,0,0,direct,365.95
SCV20002108,metro_station,shopping_area,5.88,30.10,low,afternoon,weekday,cloudy,ola,yes,1,1005,multimodal,279.81
SCV20002109,residential,shopping_area,9.57,37.20,medium,afternoon,weekday,clear,uber,no,0,66,direct,446.17
SCV20002110,residential,commercial,9.17,73.00,high,evening,weekday,clear,rapido,yes,0,133,direct,249.10
SCV20002111,metro_station,shopping_area,8.16,30.50,low,morning,weekend,clear,uber,no,0,0,direct,365.43
SCV20002112,college_area,office_area,9.90,70.60,low,afternoon,weekend,rainy,bus,no,2,1353,multimodal,10.00
SCV20002113,commercial,office_area,6.58,39.40,medium,evening,weekend,clear,metro,no,0,186,direct,26.49
SCV20002114,residential,metro_station,1.84,41.10,medium,evening,weekend,clear,uber,yes,2,1082,multimodal,335.00
SCV20002115,residential,metro_station,6.61,43.30,medium,morning,weekday,clear,rapido,yes,0,83,direct,143.99
SCV20002116,metro_station,office_area,5.90,35.60,medium,evening,weekday,clear,uber,yes,0,64,direct,399.78
SCV20002117,airport,office_area,27.90,72.50,low,night,weekend,cloudy,uber,no,0,158,direct,1058.71
SCV20002118,metro_station,commercial,5.90,63.60,high,morning,weekday,rainy,metro,yes,1,1003,multimodal,21.78
SCV20002119,metro_station,residential,4.59,48.70,high,evening,weekday,clear,auto,yes,0,25,direct,265.42
SCV20002120,airport,metro_station,18.57,76.30,low,evening,weekend,clear,uber,no,0,42,direct,814.21
SCV20002121,residential,metro_station,3.49,41.70,medium,afternoon,weekday,cloudy,bus,yes,1,871,multimodal,33.48
SCV20002122,commercial,metro_station,3.64,29.00,medium,evening,weekend,clear,rapido,yes,0,219,direct,95.96
SCV20002123,airport,residential,24.11,99.30,low,night,weekend,clear,metro,no,1,1471,multimodal,61.52
SCV20002124,metro_station,residential,7.34,70.50,medium,morning,weekday,clear,bus,yes,3,1633,multimodal,28.83
SCV20002125,college_area,residential,4.99,49.20,low,afternoon,weekend,clear,uber,no,2,1528,multimodal,366.07
SCV20002126,metro_station,shopping_area,4.75,26.70,medium,evening,weekday,clear,uber,yes,0,84,direct,333.22
SCV20002127,college_area,office_area,10.19,65.40,medium,evening,weekend,cloudy,rapido,no,0,100,direct,164.11
SCV20002128,college_area,metro_station,5.61,23.10,low,night,weekend,clear,rapido,no,0,59,direct,83.44
SCV20002129,residential,metro_station,6.14,30.50,low,afternoon,weekday,clear,uber,no,0,36,direct,299.40
SCV20002130,airport,metro_station,15.33,58.80,medium,night,weekday,clear,ola,no,0,31,direct,584.48
SCV20002131,residential,commercial,3.65,57.70,medium,evening,weekday,clear,metro,yes,2,1225,multimodal,13.31
SCV20002132,airport,office_area,27.43,138.80,medium,evening,weekday,clear,metro,no,0,98,direct,55.84
SCV20002133,college_area,residential,4.77,31.40,medium,evening,weekday,clear,ola,yes,0,47,direct,236.24
SCV20002134,residential,shopping_area,10.42,33.00,low,afternoon,weekday,clear,ola,no,0,164,direct,322.33
SCV20002135,college_area,commercial,6.26,37.80,medium,evening,weekday,clear,metro,yes,0,278,direct,38.90
SCV20002136,metro_station,office_area,5.76,60.40,high,evening,weekday,rainy,uber,yes,0,29,direct,668.86
SCV20002137,college_area,office_area,9.95,35.00,low,night,weekday,clear,uber,no,0,87,direct,384.49
SCV20002138,residential,office_area,13.64,53.10,medium,morning,weekday,clear,ola,yes,0,62,direct,533.16
SCV20002139,residential,metro_station,3.39,18.70,medium,morning,weekday,clear,ola,yes,0,103,direct,205.41
SCV20002140,college_area,residential,4.59,18.40,low,afternoon,weekend,rainy,rapido,no,0,204,direct,91.80
SCV20002141,college_area,metro_station,6.30,68.10,medium,evening,weekday,clear,bus,yes,1,1077,multimodal,36.90
SCV20002142,residential,office_area,10.48,91.50,high,evening,weekday,rainy,auto,yes,0,162,direct,459.57
SCV20002143,residential,office_area,11.27,50.20,medium,morning,weekday,clear,uber,yes,1,0,direct,607.79
SCV20002144,metro_station,commercial,4.17,27.30,low,evening,weekend,cloudy,ola,no,0,13,direct,170.42
SCV20002145,college_area,commercial,7.01,84.10,medium,afternoon,weekday,clear,metro,yes,3,1939,multimodal,28.54
SCV20002146,commercial,residential,9.78,81.50,medium,evening,weekday,cloudy,bus,yes,1,1434,multimodal,45.04
SCV20002147,commercial,shopping_area,6.80,23.50,low,night,weekday,cloudy,auto,no,1,186,direct,156.75
SCV20002148,college_area,metro_station,4.17,24.40,medium,morning,weekday,clear,metro,no,0,384,direct,10.00
SCV20002149,commercial,residential,8.29,37.40,medium,morning,weekday,clear,rapido,yes,0,29,direct,147.75
SCV20002150,metro_station,shopping_area,5.52,14.90,low,afternoon,weekday,clear,bus,no,0,240,direct,13.31
SCV20002151,residential,shopping_area,10.88,70.50,medium,afternoon,weekday,rainy,auto,no,1,1230,multimodal,312.59
SCV20002152,metro_station,commercial,4.05,29.00,high,morning,weekday,rainy,ola,yes,0,99,direct,355.24
SCV20002153,residential,metro_station,7.89,42.10,medium,evening,weekday,clear,auto,yes,0,121,direct,238.47
SCV20002154,commercial,office_area,2.30,36.30,high,evening,weekday,rainy,rapido,yes,0,160,direct,129.33
SCV20002155,residential,metro_station,3.60,43.30,low,night,weekend,rainy,bus,no,1,1631,multimodal,46.08
SCV20002156,commercial,residential,7.78,94.40,high,evening,weekday,rainy,bus,yes,2,2152,multimodal,41.16
SCV20002157,residential,commercial,5.44,19.70,low,night,weekday,rainy,auto,yes,0,110,direct,134.46
SCV20002158,commercial,metro_station,3.44,22.40,medium,evening,weekday,clear,uber,yes,0,98,direct,260.77
SCV20002159,commercial,office_area,3.56,75.20,high,evening,weekday,cloudy,bus,yes,1,1340,multimodal,35.35
SCV20002160,college_area,office_area,12.09,99.90,high,evening,weekday,clear,auto,yes,0,0,direct,482.27
SCV20002161,college_area,commercial,8.13,37.10,medium,morning,weekday,cloudy,ola,yes,0,0,direct,369.78
SCV20002162,metro_station,commercial,5.79,42.10,medium,evening,weekday,clear,rapido,yes,0,78,direct,134.48
SCV20002163,residential,commercial,11.54,83.00,high,evening,weekday,clear,rapido,yes,0,71,direct,303.98
SCV20002164,college_area,metro_station,1.50,33.60,medium,morning,weekday,rainy,uber,yes,1,927,multimodal,317.42
SCV20002165,commercial,shopping_area,8.49,25.30,low,morning,weekend,cloudy,rapido,no,0,0,direct,129.76
SCV20002166,college_area,commercial,13.88,76.40,low,afternoon,weekday,clear,metro,no,2,1214,multimodal,49.41
SCV20002167,commercial,office_area,8.54,59.00,high,morning,weekday,rainy,bus,yes,0,122,direct,41.28
SCV20002168,commercial,office_area,7.22,38.20,medium,morning,weekday,clear,metro,yes,0,194,direct,10.00
SCV20002169,metro_station,residential,2.50,17.30,low,afternoon,weekend,cloudy,metro,no,0,296,direct,10.00
SCV20002170,commercial,office_area,6.40,22.60,low,night,weekday,clear,rapido,yes,0,97,direct,115.18
SCV20002171,metro_station,residential,1.92,16.80,medium,afternoon,weekday,rainy,rapido,no,0,24,direct,71.32
SCV20002172,residential,office_area,10.84,47.80,low,evening,weekend,cloudy,uber,no,0,63,direct,510.82
SCV20002173,residential,metro_station,6.66,39.20,medium,morning,weekday,cloudy,auto,yes,0,161,direct,202.72
SCV20002174,residential,metro_station,3.25,16.50,medium,morning,weekday,clear,ola,yes,0,87,direct,174.32
SCV20002175,commercial,residential,5.25,36.80,medium,morning,weekday,rainy,rapido,yes,0,0,direct,115.00
SCV20002176,commercial,shopping_area,7.75,48.30,medium,evening,weekend,clear,uber,no,1,76,direct,457.05
SCV20002177,residential,metro_station,9.03,41.50,medium,morning,weekday,clear,ola,no,0,127,direct,340.06
SCV20002178,commercial,shopping_area,4.75,44.80,high,morning,weekday,rainy,rapido,yes,0,115,direct,179.61
SCV20002179,college_area,office_area,8.25,80.50,medium,morning,weekday,clear,bus,yes,3,1736,multimodal,28.59
SCV20002180,metro_station,residential,2.92,30.10,medium,afternoon,weekday,clear,ola,no,0,23,direct,191.30
SCV20002181,airport,residential,28.97,150.00,high,morning,weekday,clear,bus,yes,1,543,multimodal,63.71
SCV20002182,metro_station,residential,3.32,17.60,low,afternoon,weekend,cloudy,auto,no,0,106,direct,98.35
SCV20002183,metro_station,commercial,5.62,68.40,high,evening,weekday,clear,metro,yes,1,972,multimodal,33.05
SCV20002184,residential,commercial,8.25,78.20,high,evening,weekday,rainy,rapido,yes,0,27,direct,259.38
SCV20002185,college_area,office_area,13.44,32.30,low,night,weekday,clear,rapido,no,0,105,direct,148.52
SCV20002186,commercial,office_area,7.47,91.80,high,evening,weekday,clear,metro,yes,1,965,multimodal,32.49
SCV20002187,commercial,office_area,5.38,20.90,low,night,weekend,clear,rapido,no,0,222,direct,86.66
SCV20002188,airport,residential,36.32,112.00,low,afternoon,weekend,cloudy,auto,no,1,156,direct,662.87
SCV20002189,metro_station,shopping_area,5.94,21.50,low,night,weekend,clear,ola,no,0,163,direct,219.90
SCV20002190,metro_station,commercial,4.01,49.40,high,evening,weekday,cloudy,ola,yes,0,184,direct,362.91
SCV20002191,metro_station,residential,5.51,33.80,medium,evening,weekday,clear,uber,yes,0,8,direct,389.00
SCV20002192,commercial,office_area,5.23,37.10,medium,evening,weekday,clear,uber,yes,0,36,direct,409.01
SCV20002193,college_area,residential,4.10,42.60,medium,morning,weekday,clear,bus,yes,1,1330,multimodal,24.53
SCV20002194,commercial,residential,8.85,54.30,medium,evening,weekday,clear,metro,yes,0,216,direct,13.98
SCV20002195,metro_station,office_area,3.79,45.30,medium,morning,weekday,cloudy,ola,yes,1,921,multimodal,281.88
SCV20002196,airport,residential,30.17,85.90,low,afternoon,weekday,clear,uber,no,0,87,direct,1115.24
SCV20002197,metro_station,office_area,7.74,56.80,low,night,weekend,rainy,bus,no,2,1208,multimodal,35.24
SCV20002198,metro_station,residential,6.15,29.50,medium,morning,weekday,rainy,ola,yes,0,118,direct,323.51
SCV20002199,commercial,shopping_area,6.15,23.50,low,night,weekday,cloudy,ola,no,0,2,direct,228.81
SCV20002200,commercial,residential,10.58,46.70,medium,morning,weekday,clear,rapido,yes,0,174,direct,166.77
SCV20002201,commercial,metro_station,6.79,25.70,low,night,weekday,clear,rapido,no,0,81,direct,90.11
SCV20002202,residential,office_area,4.61,56.70,medium,evening,weekday,clear,uber,yes,2,863,multimodal,459.75
SCV20002203,commercial,office_area,8.14,57.00,medium,morning,weekday,clear,metro,yes,1,301,multimodal,10.00
SCV20002204,residential,shopping_area,6.54,16.60,low,night,weekday,clear,rapido,no,0,128,direct,95.56
SCV20002205,metro_station,shopping_area,6.26,29.70,medium,morning,weekend,clear,ola,yes,0,149,direct,282.34
SCV20002206,airport,residential,33.53,150.00,high,morning,weekday,rainy,metro,yes,1,775,multimodal,69.97
SCV20002207,commercial,metro_station,1.82,33.90,medium,afternoon,weekend,clear,rapido,yes,1,997,multimodal,98.06
SCV20002208,commercial,residential,8.33,49.80,medium,evening,weekend,cloudy,uber,no,0,0,direct,471.68
SCV20002209,college_area,residential,11.15,57.50,medium,morning,weekday,clear,ola,yes,1,599,multimodal,523.09
SCV20002210,commercial,office_area,9.18,58.60,medium,morning,weekend,cloudy,rapido,yes,1,906,multimodal,176.61
SCV20002211,airport,residential,15.50,113.00,medium,evening,weekend,clear,bus,no,1,1642,multimodal,65.34
SCV20002212,metro_station,office_area,8.44,99.00,high,evening,weekday,cloudy,metro,yes,1,1429,multimodal,58.36
SCV20002213,residential,metro_station,3.43,18.70,medium,morning,weekday,clear,bus,yes,0,165,direct,25.12
SCV20002214,college_area,commercial,10.03,54.20,medium,evening,weekday,rainy,uber,yes,0,15,direct,627.34
SCV20002215,commercial,office_area,4.47,51.80,medium,afternoon,weekday,clear,bus,yes,1,1189,multimodal,32.95
SCV20002216,college_area,commercial,7.11,18.30,low,night,weekday,clear,metro,yes,0,312,direct,10.00
SCV20002217,metro_station,residential,6.79,36.80,high,morning,weekday,clear,uber,yes,0,25,direct,529.69
SCV20002218,college_area,metro_station,6.02,37.00,medium,morning,weekend,cloudy,uber,yes,0,9,direct,438.30
SCV20002219,residential,office_area,6.96,63.90,high,evening,weekday,rainy,rapido,yes,1,119,direct,201.69
SCV20002220,metro_station,residential,4.35,34.30,high,morning,weekday,cloudy,auto,yes,0,40,direct,193.75
SCV20002221,commercial,office_area,9.57,33.50,medium,afternoon,weekday,cloudy,uber,no,0,36,direct,460.12
SCV20002222,airport,office_area,13.04,53.30,medium,afternoon,weekday,rainy,uber,no,0,71,direct,717.88
SCV20002223,residential,commercial,11.31,30.90,low,night,weekday,clear,auto,no,0,107,direct,178.95
SCV20002224,residential,office_area,5.65,80.10,medium,evening,weekday,cloudy,metro,yes,3,1684,multimodal,29.43
SCV20002225,airport,residential,25.16,96.30,medium,morning,weekend,clear,uber,no,1,18,direct,1138.28
SCV20002226,college_area,commercial,8.51,29.80,low,night,weekday,clear,ola,no,0,133,direct,271.94
SCV20002227,metro_station,office_area,5.96,20.80,low,morning,weekend,rainy,auto,no,0,168,direct,131.11
SCV20002228,residential,commercial,3.38,21.20,low,afternoon,weekday,cloudy,auto,no,1,656,multimodal,113.32
SCV20002229,commercial,office_area,3.46,36.80,high,evening,weekday,clear,ola,yes,1,100,direct,344.82
SCV20002230,residential,office_area,15.03,74.30,medium,evening,weekday,clear,auto,yes,0,15,direct,362.61
SCV20002231,residential,commercial,12.65,127.20,high,evening,weekday,cloudy,bus,yes,1,1576,multimodal,48.13
SCV20002232,college_area,metro_station,7.47,29.10,low,evening,weekend,clear,uber,no,0,50,direct,360.17
SCV20002233,commercial,office_area,8.61,36.80,medium,afternoon,weekday,clear,auto,yes,0,121,direct,229.09
SCV20002234,residential,commercial,9.89,73.30,medium,evening,weekend,cloudy,bus,yes,1,1529,multimodal,37.81
SCV20002235,residential,shopping_area,7.40,41.20,medium,evening,weekday,clear,rapido,yes,0,75,direct,138.49
SCV20002236,college_area,office_area,10.10,73.30,medium,afternoon,weekday,cloudy,uber,yes,2,1264,multimodal,727.78
SCV20002237,college_area,commercial,13.03,56.50,medium,afternoon,weekday,clear,ola,yes,0,110,direct,514.01
SCV20002238,commercial,office_area,3.85,40.90,high,evening,weekday,rainy,rapido,yes,0,0,direct,132.92
SCV20002239,metro_station,commercial,4.96,24.90,medium,morning,weekday,clear,ola,yes,0,124,direct,266.76
SCV20002240,metro_station,commercial,6.76,78.10,high,evening,weekday,rainy,bus,yes,1,1231,multimodal,41.26
SCV20002241,commercial,office_area,9.10,89.70,medium,evening,weekend,cloudy,bus,yes,2,1365,multimodal,31.64
SCV20002242,residential,commercial,6.47,26.70,medium,morning,weekday,clear,auto,yes,0,2,direct,151.96
SCV20002243,residential,commercial,9.92,28.50,low,night,weekday,cloudy,ola,no,0,113,direct,307.81
SCV20002244,residential,shopping_area,5.80,54.90,low,night,weekend,clear,bus,no,1,1502,multimodal,10.00
SCV20002245,commercial,residential,9.39,31.50,low,night,weekday,clear,ola,no,0,90,direct,303.59
SCV20002246,college_area,residential,7.26,74.50,high,morning,weekday,rainy,metro,yes,3,2379,multimodal,37.44
SCV20002247,airport,metro_station,27.39,150.00,high,evening,weekday,cloudy,rapido,yes,1,97,direct,610.86
SCV20002248,airport,commercial,28.24,107.70,medium,afternoon,weekday,cloudy,uber,yes,1,705,multimodal,1456.51
SCV20002249,commercial,metro_station,6.02,40.00,medium,evening,weekend,clear,auto,yes,0,247,direct,162.95
SCV20002250,commercial,residential,11.28,26.60,low,night,weekday,rainy,uber,no,1,197,direct,503.50
SCV20002251,airport,commercial,23.91,121.40,medium,evening,weekday,clear,rapido,yes,1,79,direct,411.34
SCV20002252,commercial,shopping_area,5.75,12.50,low,morning,weekend,cloudy,metro,no,0,234,direct,36.31
SCV20002253,residential,commercial,12.45,57.60,medium,evening,weekend,rainy,auto,no,0,57,direct,316.17
SCV20002254,residential,office_area,13.50,45.10,low,afternoon,weekday,clear,uber,no,0,76,direct,524.16
SCV20002255,college_area,residential,8.83,77.80,low,morning,weekend,clear,metro,no,3,2296,multimodal,10.00
SCV20002256,commercial,office_area,6.35,53.30,high,morning,weekday,rainy,rapido,yes,0,0,direct,193.28
SCV20002257,metro_station,residential,6.22,31.60,medium,afternoon,weekday,rainy,auto,no,0,91,direct,161.34
SCV20002258,college_area,commercial,7.42,55.40,medium,morning,weekday,cloudy,ola,yes,1,1038,multimodal,434.53
SCV20002259,airport,office_area,17.49,90.90,medium,evening,weekend,rainy,uber,no,0,46,direct,1013.58
SCV20002260,residential,office_area,11.01,74.30,medium,evening,weekday,clear,bus,yes,1,925,multimodal,41.50
SCV20002261,metro_station,shopping_area,3.21,31.40,low,night,weekday,rainy,metro,no,1,1431,multimodal,27.59
SCV20002262,college_area,metro_station,5.56,48.90,medium,morning,weekday,rainy,metro,yes,1,1345,multimodal,10.00
SCV20002263,commercial,shopping_area,3.43,33.80,medium,evening,weekend,clear,uber,no,0,60,direct,339.82
SCV20002264,commercial,shopping_area,9.94,36.40,medium,afternoon,weekday,clear,uber,yes,0,131,direct,491.58
SCV20002265,residential,metro_station,6.05,62.50,medium,afternoon,weekday,cloudy,auto,no,3,1633,multimodal,202.21
SCV20002266,commercial,residential,3.43,28.40,medium,evening,weekday,cloudy,auto,yes,0,179,direct,136.12
SCV20002267,commercial,residential,7.78,25.00,low,afternoon,weekend,rainy,uber,no,0,49,direct,389.58
SCV20002268,college_area,residential,7.85,31.90,medium,afternoon,weekday,cloudy,rapido,yes,0,112,direct,132.97
SCV20002269,residential,office_area,14.28,141.30,high,evening,weekday,rainy,metro,yes,1,957,multimodal,46.56
SCV20002270,commercial,metro_station,6.84,40.20,medium,morning,weekday,clear,ola,yes,0,115,direct,318.44
SCV20002271,commercial,metro_station,2.16,15.20,low,afternoon,weekday,clear,uber,no,0,130,direct,177.72
SCV20002272,college_area,residential,6.37,25.00,low,afternoon,weekday,clear,ola,no,0,28,direct,239.54
SCV20002273,commercial,residential,7.55,72.00,medium,night,weekday,clear,auto,yes,3,2316,multimodal,271.90
SCV20002274,metro_station,shopping_area,5.78,35.30,medium,evening,weekend,clear,rapido,no,0,45,direct,113.47
SCV20002275,residential,commercial,13.22,33.00,low,night,weekday,cloudy,auto,no,0,89,direct,248.24
SCV20002276,college_area,residential,4.80,29.00,low,night,weekend,clear,rapido,no,1,652,multimodal,97.55
SCV20002277,commercial,residential,9.48,32.50,low,night,weekday,rainy,metro,no,1,298,direct,22.09
SCV20002278,residential,commercial,11.12,70.90,medium,evening,weekday,rainy,bus,no,1,1097,multimodal,38.60
SCV20002279,commercial,office_area,8.18,62.60,medium,afternoon,weekend,clear,bus,yes,1,1164,multimodal,23.94
SCV20002280,college_area,metro_station,6.18,48.20,medium,evening,weekday,clear,ola,yes,1,962,multimodal,387.71
SCV20002281,airport,office_area,25.66,150.00,high,evening,weekday,rainy,ola,yes,0,200,direct,1500.00
SCV20002282,metro_station,commercial,7.64,47.10,medium,evening,weekday,clear,ola,no,1,29,direct,329.55
SCV20002283,airport,metro_station,21.84,77.10,medium,afternoon,weekday,clear,ola,yes,0,65,direct,1072.63
SCV20002284,airport,residential,38.53,150.00,high,evening,weekday,clear,uber,yes,0,31,direct,1500.00
SCV20002285,metro_station,commercial,4.27,39.30,high,morning,weekday,rainy,rapido,yes,0,75,direct,156.75
SCV20002286,residential,metro_station,3.97,19.60,medium,afternoon,weekday,clear,rapido,no,0,154,direct,48.36
SCV20002287,commercial,office_area,5.73,35.50,medium,evening,weekday,cloudy,auto,yes,0,59,direct,176.11
SCV20002288,commercial,shopping_area,6.25,39.60,medium,evening,weekday,clear,uber,yes,0,64,direct,435.01
SCV20002289,metro_station,commercial,1.69,24.70,high,evening,weekday,clear,uber,yes,1,77,direct,315.01
SCV20002290,college_area,office_area,10.51,41.40,medium,morning,weekday,cloudy,auto,yes,0,171,direct,238.79
SCV20002291,college_area,metro_station,5.94,25.70,low,night,weekday,rainy,rapido,no,0,0,direct,96.79
SCV20002292,residential,shopping_area,6.24,15.00,low,night,weekday,clear,uber,no,0,98,direct,278.76
SCV20002293,airport,office_area,25.37,96.00,low,afternoon,weekend,clear,metro,no,1,647,multimodal,41.79
SCV20002294,airport,metro_station,27.74,92.40,low,morning,weekend,clear,ola,no,0,72,direct,839.61
SCV20002295,residential,metro_station,7.62,22.40,low,afternoon,weekend,clear,auto,no,1,32,direct,112.28
SCV20002296,residential,office_area,12.22,71.20,medium,afternoon,weekday,clear,bus,yes,1,813,multimodal,33.40
SCV20002297,residential,commercial,7.96,26.00,low,afternoon,weekend,clear,uber,no,0,78,direct,323.71
SCV20002298,airport,commercial,20.71,107.90,high,morning,weekday,clear,ola,yes,0,167,direct,1149.25
SCV20002299,metro_station,commercial,6.73,19.60,low,afternoon,weekday,rainy,auto,no,0,49,direct,165.55
SCV20002300,residential,metro_station,5.50,24.80,medium,afternoon,weekday,clear,rapido,yes,0,100,direct,95.88
SCV20002301,commercial,residential,6.58,32.00,medium,morning,weekend,rainy,uber,no,0,0,direct,410.06
SCV20002302,college_area,office_area,13.19,39.90,low,afternoon,weekday,clear,rapido,no,0,99,direct,158.64
SCV20002303,commercial,residential,11.84,27.50,low,night,weekday,clear,bus,no,0,205,direct,24.24
SCV20002304,college_area,office_area,7.90,30.70,medium,morning,weekday,clear,rapido,yes,0,4,direct,127.92
SCV20002305,commercial,residential,8.76,31.40,low,night,weekend,rainy,rapido,no,0,130,direct,110.57
SCV20002306,commercial,metro_station,5.56,44.90,high,evening,weekday,clear,ola,yes,0,67,direct,398.57
SCV20002307,metro_station,shopping_area,5.67,28.20,medium,evening,weekday,clear,rapido,yes,0,39,direct,109.47
SCV20002308,commercial,office_area,10.81,50.60,medium,morning,weekday,clear,ola,yes,0,93,direct,457.97
SCV20002309,residential,office_area,13.83,100.60,medium,evening,weekday,clear,auto,no,2,1234,multimodal,382.46
SCV20002310,commercial,office_area,8.23,64.50,medium,morning,weekday,clear,bus,yes,1,1002,multimodal,27.71
SCV20002311,metro_station,residential,4.38,70.00,medium,evening,weekday,rainy,auto,yes,3,1508,multimodal,246.52
SCV20002312,commercial,metro_station,5.63,37.00,medium,morning,weekday,clear,uber,yes,0,149,direct,421.84
SCV20002313,commercial,residential,9.64,75.60,medium,morning,weekday,clear,bus,yes,2,1528,multimodal,41.02
SCV20002314,airport,residential,26.89,150.00,high,evening,weekday,clear,uber,yes,1,465,multimodal,1500.00
SCV20002315,airport,residential,19.39,120.30,medium,evening,weekday,clear,metro,yes,1,846,multimodal,41.85
SCV20002316,residential,metro_station,2.77,34.40,medium,morning,weekday,clear,rapido,no,1,270,multimodal,80.69
SCV20002317,commercial,residential,11.91,71.20,medium,morning,weekday,clear,bus,yes,1,888,multimodal,39.03
SCV20002318,residential,commercial,8.45,34.20,low,evening,weekend,clear,rapido,no,0,122,direct,113.32
SCV20002319,residential,metro_station,3.27,57.50,medium,afternoon,weekday,clear,metro,no,2,1017,multimodal,25.09
SCV20002320,commercial,shopping_area,2.82,12.70,low,night,weekday,clear,ola,no,1,0,direct,148.86
SCV20002321,residential,metro_station,2.24,17.10,medium,morning,weekday,clear,auto,yes,0,83,direct,91.41
SCV20002322,metro_station,office_area,7.05,27.90,low,afternoon,weekday,clear,rapido,no,0,64,direct,94.18
SCV20002323,commercial,shopping_area,7.62,26.90,low,night,weekday,clear,rapido,no,0,29,direct,94.91
SCV20002324,residential,office_area,11.05,94.00,high,evening,weekday,clear,rapido,yes,0,126,direct,268.52
SCV20002325,residential,metro_station,7.15,72.50,high,evening,weekday,cloudy,auto,yes,0,0,direct,358.80
SCV20002326,residential,commercial,8.74,45.80,medium,evening,weekend,cloudy,uber,no,0,56,direct,492.99
SCV20002327,commercial,shopping_area,6.16,41.30,medium,evening,weekday,cloudy,uber,yes,0,70,direct,458.10
SCV20002328,commercial,residential,6.33,30.90,low,morning,weekday,cloudy,ola,no,0,147,direct,237.26
SCV20002329,residential,commercial,10.38,56.70,medium,evening,weekend,cloudy,rapido,no,0,127,direct,174.64
SCV20002330,college_area,metro_station,1.71,20.20,low,night,weekday,clear,rapido,no,0,153,direct,67.65
SCV20002331,commercial,residential,4.35,49.80,low,afternoon,weekday,rainy,metro,no,1,1227,multimodal,10.00
SCV20002332,metro_station,commercial,7.20,60.80,low,night,weekday,rainy,bus,no,3,1760,multimodal,15.96
SCV20002333,residential,shopping_area,10.84,86.40,high,evening,weekday,clear,rapido,yes,0,24,direct,290.14
SCV20002334,metro_station,shopping_area,8.38,45.00,medium,evening,weekday,cloudy,bus,yes,0,101,direct,14.53
SCV20002335,metro_station,commercial,4.51,19.20,medium,afternoon,weekday,clear,uber,yes,0,56,direct,324.00
SCV20002336,commercial,residential,11.25,99.90,high,evening,weekday,rainy,ola,yes,0,32,direct,837.08
SCV20002337,residential,metro_station,7.45,47.00,low,afternoon,weekday,clear,bus,no,1,1060,multimodal,21.20
SCV20002338,metro_station,residential,2.27,30.90,high,evening,weekday,clear,uber,yes,0,50,direct,364.06
SCV20002339,commercial,metro_station,5.22,30.20,medium,afternoon,weekday,rainy,rapido,no,0,163,direct,93.33
SCV20002340,residential,office_area,12.31,56.00,medium,morning,weekday,clear,ola,no,0,136,direct,459.88
SCV20002341,residential,metro_station,3.69,20.30,medium,afternoon,weekday,rainy,bus,no,0,138,direct,21.76
SCV20002342,metro_station,commercial,4.17,45.60,high,evening,weekday,clear,ola,yes,0,23,direct,391.99
SCV20002343,commercial,shopping_area,7.46,44.10,medium,evening,weekday,clear,uber,no,1,90,direct,401.34
SCV20002344,college_area,office_area,4.25,58.20,medium,evening,weekday,clear,bus,yes,1,1072,multimodal,11.35
SCV20002345,residential,metro_station,2.56,30.80,medium,evening,weekend,rainy,ola,no,0,91,direct,224.90
SCV20002346,metro_station,residential,1.58,28.70,medium,evening,weekday,clear,rapido,yes,0,191,direct,62.31
SCV20002347,commercial,residential,4.69,17.00,low,afternoon,weekend,clear,uber,no,0,80,direct,246.06
SCV20002348,airport,commercial,22.76,56.10,low,afternoon,weekend,clear,ola,no,0,61,direct,670.30
SCV20002349,college_area,residential,3.51,27.70,medium,morning,weekday,clear,rapido,no,0,0,direct,82.05
SCV20002350,airport,metro_station,19.37,73.70,medium,afternoon,weekday,rainy,auto,no,1,78,direct,493.80
SCV20002351,residential,commercial,8.23,32.80,low,afternoon,weekday,clear,auto,no,0,78,direct,144.67
SCV20002352,commercial,residential,5.23,25.30,medium,morning,weekend,rainy,rapido,no,0,156,direct,110.22
SCV20002353,commercial,metro_station,4.40,53.20,high,evening,weekday,clear,auto,yes,0,0,direct,219.77
SCV20002354,residential,shopping_area,9.73,31.80,medium,night,weekday,rainy,rapido,yes,0,37,direct,146.55
SCV20002355,residential,shopping_area,13.83,64.10,low,night,weekday,clear,bus,no,1,1021,multimodal,42.98
SCV20002356,metro_station,office_area,7.15,46.10,medium,evening,weekday,clear,uber,yes,1,46,direct,478.52
SCV20002357,metro_station,residential,1.98,22.90,medium,morning,weekday,cloudy,rapido,yes,1,38,direct,64.69
SCV20002358,commercial,residential,4.87,36.80,medium,evening,weekday,clear,rapido,no,0,10,direct,114.60
SCV20002359,metro_station,commercial,6.15,27.80,low,afternoon,weekday,cloudy,ola,no,0,0,direct,237.83
SCV20002360,residential,commercial,6.40,34.00,medium,morning,weekday,clear,uber,yes,0,118,direct,407.97
SCV20002361,residential,commercial,11.97,30.20,low,afternoon,weekend,cloudy,uber,no,0,187,direct,480.37
SCV20002362,metro_station,office_area,8.34,45.10,medium,morning,weekday,cloudy,ola,yes,0,20,direct,384.53
SCV20002363,college_area,commercial,4.04,29.20,medium,morning,weekday,clear,rapido,yes,0,126,direct,92.78
SCV20002364,college_area,commercial,3.62,25.50,medium,afternoon,weekday,clear,uber,yes,0,129,direct,305.30
SCV20002365,airport,commercial,27.51,94.50,medium,afternoon,weekday,clear,uber,no,0,145,direct,1157.94
SCV20002366,residential,office_area,5.15,24.80,medium,morning,weekday,clear,bus,yes,0,246,direct,20.43
SCV20002367,metro_station,commercial,5.65,23.10,medium,morning,weekday,rainy,uber,yes,0,37,direct,413.05
SCV20002368,residential,commercial,11.54,81.90,low,morning,weekend,cloudy,bus,no,2,1446,multimodal,30.02
SCV20002369,residential,commercial,6.67,26.50,low,night,weekday,cloudy,ola,no,0,147,direct,239.85
SCV20002370,metro_station,residential,2.80,61.80,high,evening,weekday,rainy,auto,yes,1,727,multimodal,244.15
SCV20002371,airport,commercial,22.83,150.00,high,evening,weekday,rainy,metro,no,1,1075,multimodal,44.03
SCV20002372,college_area,metro_station,3.52,25.70,medium,morning,weekday,rainy,ola,yes,0,187,direct,233.58
SCV20002373,metro_station,residential,2.61,15.80,medium,morning,weekend,clear,rapido,no,0,102,direct,57.44
SCV20002374,airport,residential,29.14,106.30,low,night,weekday,clear,metro,no,1,1195,multimodal,44.45
SCV20002375,airport,residential,23.34,120.00,high,morning,weekday,clear,uber,yes,0,47,direct,1500.00
SCV20002376,commercial,office_area,5.26,28.20,medium,afternoon,weekend,rainy,ola,yes,1,77,direct,299.10
SCV20002377,commercial,office_area,5.91,30.10,medium,morning,weekday,clear,auto,yes,0,159,direct,168.94
SCV20002378,college_area,commercial,10.23,35.20,low,afternoon,weekday,cloudy,metro,no,0,179,direct,36.02
SCV20002379,residential,metro_station,6.50,66.50,medium,evening,weekday,clear,metro,yes,1,1385,multimodal,15.08
SCV20002380,airport,office_area,17.28,67.50,low,night,weekend,clear,bus,no,1,1092,multimodal,15.73
SCV20002381,residential,shopping_area,8.06,52.00,medium,evening,weekday,cloudy,rapido,yes,0,113,direct,148.45
SCV20002382,airport,commercial,25.13,127.20,medium,evening,weekend,cloudy,rapido,no,0,44,direct,399.49
SCV20002383,college_area,metro_station,7.99,61.10,medium,morning,weekday,clear,bus,yes,1,788,multimodal,39.74
SCV20002384,residential,office_area,6.43,23.30,low,morning,weekday,clear,auto,no,0,61,direct,128.93
SCV20002385,residential,office_area,15.06,45.90,low,night,weekend,rainy,ola,no,0,211,direct,515.29
SCV20002386,airport,commercial,28.93,72.60,low,night,weekend,clear,uber,no,0,78,direct,1081.67
SCV20002387,college_area,metro_station,3.63,40.20,high,evening,weekday,rainy,bus,yes,0,166,direct,18.65
SCV20002388,commercial,office_area,3.34,14.00,low,afternoon,weekday,clear,ola,no,0,43,direct,160.77
SCV20002389,college_area,office_area,6.96,26.10,medium,afternoon,weekday,cloudy,ola,yes,0,172,direct,326.04
SCV20002390,commercial,shopping_area,8.55,36.60,medium,morning,weekday,clear,rapido,yes,0,50,direct,139.43
SCV20002391,commercial,residential,11.83,30.50,low,afternoon,weekend,cloudy,uber,no,0,144,direct,474.45
SCV20002392,college_area,metro_station,4.82,26.50,low,evening,weekend,clear,ola,no,0,42,direct,216.81
SCV20002393,college_area,metro_station,3.88,19.10,low,evening,weekend,clear,rapido,no,0,83,direct,72.39
SCV20002394,commercial,shopping_area,7.55,43.30,low,night,weekend,cloudy,metro,yes,1,1176,multimodal,10.86
SCV20002395,residential,metro_station,4.06,55.20,medium,morning,weekday,clear,auto,yes,1,832,multimodal,200.72
SCV20002396,commercial,shopping_area,5.90,24.10,low,night,weekday,rainy,uber,no,0,72,direct,328.81
SCV20002397,airport,office_area,26.85,129.90,medium,evening,weekend,cloudy,uber,no,0,0,direct,1350.42
SCV20002398,commercial,metro_station,7.42,37.20,medium,morning,weekday,cloudy,uber,yes,0,105,direct,450.32
SCV20002399,residential,metro_station,2.65,13.80,medium,morning,weekday,cloudy,bus,yes,0,351,direct,23.38
SCV20002400,commercial,office_area,4.18,23.50,medium,morning,weekday,clear,uber,yes,0,112,direct,296.85
SCV20002401,residential,metro_station,4.56,49.00,high,evening,weekday,rainy,ola,yes,0,192,direct,452.39
SCV20002402,metro_station,office_area,10.11,87.90,high,evening,weekday,cloudy,uber,yes,0,129,direct,981.58
SCV20002403,college_area,commercial,7.87,55.90,high,evening,weekday,cloudy,uber,yes,0,76,direct,694.98
SCV20002404,college_area,commercial,5.77,13.20,low,afternoon,weekday,cloudy,ola,no,0,140,direct,177.82
SCV20002405,commercial,metro_station,3.82,38.20,medium,afternoon,weekend,cloudy,rapido,yes,1,1485,multimodal,121.09
SCV20002406,airport,office_area,17.78,91.70,medium,evening,weekday,clear,metro,no,0,205,direct,21.67
SCV20002407,metro_station,residential,6.65,50.10,low,night,weekend,clear,metro,no,2,1742,multimodal,22.33
SCV20002408,metro_station,office_area,6.02,53.70,low,night,weekend,rainy,rapido,no,2,1011,multimodal,146.72
SCV20002409,airport,metro_station,15.93,58.40,low,morning,weekend,cloudy,uber,no,0,47,direct,709.24
SCV20002410,airport,metro_station,20.76,108.80,medium,evening,weekday,cloudy,uber,no,0,171,direct,1059.06
SCV20002411,metro_station,residential,6.87,69.00,high,evening,weekday,cloudy,ola,yes,0,134,direct,518.21
SCV20002412,metro_station,shopping_area,6.25,35.60,medium,morning,weekend,clear,metro,yes,0,146,direct,23.35
SCV20002413,residential,office_area,13.63,74.80,medium,evening,weekday,clear,auto,yes,0,190,direct,359.38
SCV20002414,college_area,office_area,9.11,18.00,low,afternoon,weekday,clear,auto,no,0,0,direct,185.57
SCV20002415,college_area,residential,5.39,21.20,low,afternoon,weekend,clear,ola,yes,0,82,direct,217.85
SCV20002416,metro_station,commercial,4.55,25.40,medium,morning,weekend,clear,ola,no,0,68,direct,222.46
SCV20002417,college_area,metro_station,6.43,21.90,low,night,weekday,clear,metro,yes,0,281,direct,28.29
SCV20002418,college_area,residential,2.93,15.30,low,night,weekday,cloudy,rapido,no,0,91,direct,54.74
SCV20002419,residential,office_area,14.03,60.80,low,night,weekday,rainy,bus,no,1,223,multimodal,44.46
SCV20002420,commercial,office_area,4.55,24.40,medium,afternoon,weekday,rainy,bus,no,0,233,direct,19.03
SCV20002421,residential,commercial,5.84,31.60,medium,morning,weekday,rainy,metro,yes,0,210,direct,22.71
SCV20002422,residential,metro_station,4.11,51.30,medium,morning,weekday,rainy,auto,yes,1,627,multimodal,237.85
SCV20002423,college_area,office_area,5.01,54.90,medium,morning,weekday,clear,metro,yes,1,783,multimodal,37.78
SCV20002424,college_area,residential,7.12,70.10,high,morning,weekday,rainy,auto,yes,1,919,multimodal,382.14
SCV20002425,metro_station,residential,6.25,56.90,high,evening,weekday,rainy,uber,yes,0,100,direct,734.04
SCV20002426,residential,metro_station,2.78,22.20,medium,morning,weekend,rainy,metro,no,1,253,direct,18.85
SCV20002427,college_area,commercial,5.58,61.90,medium,evening,weekend,clear,uber,yes,1,1119,multimodal,507.38
SCV20002428,college_area,residential,6.45,26.90,low,afternoon,weekend,rainy,auto,yes,0,84,direct,217.15
SCV20002429,college_area,office_area,6.92,51.70,medium,morning,weekday,cloudy,auto,yes,2,1154,multimodal,238.89
SCV20002430,residential,metro_station,6.09,26.10,medium,afternoon,weekday,clear,bus,yes,0,420,direct,40.65
SCV20002431,residential,shopping_area,10.29,43.30,medium,morning,weekday,clear,auto,yes,0,101,direct,240.97
SCV20002432,metro_station,residential,4.47,50.20,high,evening,weekday,clear,uber,yes,0,39,direct,539.63
SCV20002433,college_area,metro_station,2.12,23.70,medium,evening,weekday,clear,rapido,yes,0,52,direct,53.79
SCV20002434,commercial,shopping_area,9.13,43.10,low,afternoon,weekend,clear,bus,yes,1,464,multimodal,42.36
SCV20002435,airport,metro_station,26.62,66.80,low,night,weekday,cloudy,bus,no,0,64,direct,42.93
SCV20002436,residential,commercial,8.81,36.70,medium,morning,weekday,clear,ola,yes,0,193,direct,402.32
SCV20002437,airport,residential,33.60,87.80,low,night,weekend,rainy,uber,no,0,70,direct,1500.00
SCV20002438,commercial,office_area,9.52,58.90,medium,evening,weekday,clear,rapido,yes,0,72,direct,222.05
SCV20002439,college_area,residential,5.30,21.90,low,night,weekday,clear,uber,no,0,29,direct,253.01
SCV20002440,metro_station,shopping_area,4.37,46.20,high,evening,weekday,clear,ola,yes,0,161,direct,375.17
SCV20002441,metro_station,residential,3.37,11.90,medium,afternoon,weekday,rainy,rapido,no,0,55,direct,81.35
SCV20002442,college_area,office_area,14.42,136.90,high,evening,weekday,cloudy,metro,yes,1,1274,multimodal,27.89
SCV20002443,commercial,residential,13.88,79.30,low,night,weekday,clear,rapido,no,3,2190,multimodal,193.45
SCV20002444,metro_station,commercial,3.45,16.20,low,night,weekday,clear,ola,no,0,58,direct,144.31
SCV20002445,metro_station,residential,3.87,17.90,medium,morning,weekday,clear,uber,yes,0,47,direct,268.03
SCV20002446,metro_station,commercial,4.02,34.30,medium,evening,weekday,clear,ola,yes,0,34,direct,257.83
SCV20002447,residential,shopping_area,7.75,68.90,high,morning,weekday,rainy,uber,yes,1,903,multimodal,855.76
SCV20002448,commercial,office_area,6.30,23.30,low,morning,weekend,clear,bus,no,0,113,direct,33.01
SCV20002449,college_area,residential,6.29,75.30,high,evening,weekday,clear,ola,yes,1,780,multimodal,579.48
SCV20002450,airport,metro_station,14.50,96.80,medium,evening,weekday,clear,bus,yes,2,1513,multimodal,31.11
SCV20002451,metro_station,commercial,6.91,40.80,medium,evening,weekday,clear,ola,yes,0,144,direct,375.98
SCV20002452,commercial,residential,9.01,33.00,low,afternoon,weekend,clear,auto,no,0,120,direct,181.43
SCV20002453,commercial,office_area,8.55,22.40,low,night,weekday,clear,ola,no,0,70,direct,244.75
SCV20002454,metro_station,residential,1.30,9.50,medium,afternoon,weekday,rainy,ola,no,0,157,direct,117.46
SCV20002455,college_area,residential,9.35,66.80,low,afternoon,weekend,rainy,auto,no,2,1703,multimodal,279.48
SCV20002456,residential,metro_station,5.79,31.40,medium,evening,weekday,clear,uber,yes,0,90,direct,392.47
SCV20002457,commercial,residential,10.34,58.20,medium,afternoon,weekday,cloudy,bus,yes,1,931,multimodal,50.10
SCV20002458,commercial,office_area,7.80,8.50,low,night,weekend,cloudy,rapido,no,0,93,direct,79.83
SCV20002459,metro_station,office_area,6.84,35.90,medium,morning,weekday,clear,uber,no,0,54,direct,399.14
SCV20002460,metro_station,commercial,5.34,39.80,medium,evening,weekday,clear,auto,yes,0,68,direct,159.32
SCV20002461,commercial,residential,14.25,49.50,medium,afternoon,weekday,clear,uber,yes,0,2,direct,695.55
SCV20002462,commercial,shopping_area,7.34,62.90,medium,afternoon,weekday,clear,metro,yes,2,1311,multimodal,31.22
SCV20002463,commercial,shopping_area,3.59,21.80,medium,evening,weekday,clear,rapido,yes,0,142,direct,69.35
SCV20002464,airport,commercial,19.06,76.00,low,afternoon,weekend,cloudy,uber,no,1,1107,multimodal,831.74
SCV20002465,metro_station,commercial,3.20,16.60,low,afternoon,weekday,clear,ola,no,0,76,direct,143.12
SCV20002466,metro_station,commercial,2.83,21.70,low,evening,weekend,clear,uber,no,1,154,direct,234.03
SCV20002467,residential,metro_station,3.07,47.60,medium,morning,weekday,clear,metro,yes,2,1067,multimodal,34.01
SCV20002468,metro_station,residential,3.19,43.30,high,evening,weekday,rainy,ola,yes,0,52,direct,375.02
SCV20002469,residential,office_area,10.39,67.10,medium,morning,weekday,clear,metro,yes,1,396,multimodal,18.17
SCV20002470,residential,metro_station,2.24,21.60,medium,morning,weekday,rainy,auto,yes,0,85,direct,120.59
SCV20002471,metro_station,office_area,7.29,61.20,medium,evening,weekday,cloudy,bus,yes,1,900,multimodal,24.71
SCV20002472,metro_station,shopping_area,4.37,29.30,medium,afternoon,weekend,clear,ola,yes,0,100,direct,250.98
SCV20002473,commercial,office_area,4.73,43.70,medium,morning,weekday,cloudy,uber,yes,1,619,multimodal,406.67
SCV20002474,college_area,office_area,8.41,31.40,medium,morning,weekday,clear,rapido,no,0,72,direct,121.45
SCV20002475,metro_station,residential,3.93,26.30,medium,morning,weekday,clear,uber,yes,0,152,direct,287.70
SCV20002476,residential,shopping_area,8.92,42.10,medium,morning,weekend,cloudy,ola,no,0,151,direct,363.36
SCV20002477,college_area,commercial,9.33,80.30,medium,morning,weekday,cloudy,metro,yes,2,1273,multimodal,10.00
SCV20002478,college_area,commercial,6.24,36.40,medium,morning,weekday,clear,ola,yes,0,107,direct,330.76
SCV20002479,commercial,shopping_area,6.40,42.60,low,morning,weekend,clear,ola,no,2,776,multimodal,268.67
SCV20002480,commercial,metro_station,6.35,35.90,medium,evening,weekday,cloudy,rapido,yes,0,45,direct,128.36
SCV20002481,airport,commercial,29.29,150.00,medium,evening,weekend,clear,metro,no,3,1773,multimodal,48.30
SCV20002482,airport,commercial,24.94,70.10,low,afternoon,weekend,rainy,ola,no,0,73,direct,851.76
SCV20002483,commercial,metro_station,4.62,24.00,low,night,weekend,cloudy,ola,no,0,29,direct,211.86
SCV20002484,college_area,residential,8.27,74.60,medium,afternoon,weekday,clear,metro,yes,2,1244,multimodal,29.60
SCV20002485,airport,metro_station,18.41,91.70,medium,morning,weekday,clear,ola,yes,1,1192,multimodal,850.78
SCV20002486,commercial,metro_station,4.32,24.20,medium,morning,weekday,clear,rapido,yes,0,33,direct,81.45
SCV20002487,residential,commercial,11.94,45.10,low,afternoon,weekday,clear,uber,no,0,39,direct,471.75
SCV20002488,metro_station,commercial,9.64,54.20,medium,evening,weekday,clear,ola,yes,0,26,direct,445.00
SCV20002489,residential,metro_station,5.00,53.40,medium,morning,weekday,clear,metro,yes,2,1058,multimodal,31.63
SCV20002490,commercial,residential,12.05,58.60,medium,evening,weekday,cloudy,uber,yes,0,145,direct,675.01
SCV20002491,metro_station,residential,7.57,28.00,medium,afternoon,weekday,cloudy,ola,yes,0,0,direct,358.70
SCV20002492,college_area,residential,7.51,30.40,medium,afternoon,weekday,rainy,bus,yes,0,173,direct,17.31
SCV20002493,residential,commercial,9.81,46.30,medium,morning,weekend,clear,ola,no,0,207,direct,393.31
SCV20002494,commercial,metro_station,5.38,22.20,low,afternoon,weekday,clear,ola,no,0,192,direct,196.01
SCV20002495,commercial,shopping_area,5.36,35.10,medium,evening,weekday,clear,rapido,yes,0,47,direct,107.14
SCV20002496,college_area,residential,5.53,21.10,low,afternoon,weekday,cloudy,ola,no,0,96,direct,214.79
SCV20002497,airport,metro_station,30.37,88.00,low,afternoon,weekend,cloudy,uber,no,0,103,direct,1152.67
SCV20002498,airport,metro_station,23.38,76.20,low,night,weekday,clear,auto,no,1,909,multimodal,426.40
SCV20002499,airport,metro_station,26.38,65.80,low,night,weekend,clear,uber,no,0,31,direct,1034.34
SCV20002500,airport,office_area,27.62,80.40,low,night,weekend,cloudy,uber,no,0,101,direct,1108.57
SCV20002501,metro_station,shopping_area,8.93,49.70,medium,evening,weekday,cloudy,uber,yes,0,112,direct,542.67
SCV20002502,college_area,office_area,8.52,47.00,medium,evening,weekday,clear,uber,yes,0,15,direct,511.01
SCV20002503,residential,commercial,4.79,38.70,medium,evening,weekend,rainy,ola,no,0,0,direct,281.32
SCV20002504,residential,office_area,10.88,70.10,high,morning,weekday,rainy,auto,no,0,70,direct,332.87
SCV20002505,commercial,shopping_area,4.49,30.40,medium,morning,weekend,cloudy,uber,no,0,83,direct,306.83
SCV20002506,metro_station,shopping_area,6.41,34.70,medium,morning,weekday,clear,uber,yes,0,65,direct,428.61
SCV20002507,metro_station,shopping_area,4.71,29.90,medium,evening,weekend,clear,uber,yes,0,110,direct,373.49
SCV20002508,metro_station,shopping_area,6.66,19.70,low,afternoon,weekday,clear,metro,no,0,220,direct,24.92
SCV20002509,residential,metro_station,4.42,15.60,low,morning,weekend,clear,ola,no,0,139,direct,186.46
SCV20002510,college_area,commercial,3.59,5.30,low,afternoon,weekday,clear,ola,no,0,56,direct,143.75
SCV20002511,college_area,office_area,11.73,49.00,medium,morning,weekday,clear,ola,yes,0,0,direct,486.99
SCV20002512,airport,residential,17.19,73.80,medium,morning,weekend,rainy,rapido,no,0,8,direct,274.38
SCV20002513,residential,shopping_area,6.36,56.10,high,evening,weekday,clear,rapido,yes,0,88,direct,182.53
SCV20002514,metro_station,commercial,5.07,33.20,medium,evening,weekend,cloudy,bus,no,0,59,direct,10.00
SCV20002515,residential,commercial,10.15,52.50,medium,morning,weekday,clear,ola,yes,0,90,direct,456.55
SCV20002516,commercial,office_area,6.72,60.00,medium,evening,weekday,clear,metro,yes,1,1161,multimodal,20.29
SCV20002517,commercial,office_area,3.55,32.30,medium,morning,weekday,clear,ola,yes,0,94,direct,237.67
SCV20002518,residential,shopping_area,6.95,61.90,high,evening,weekday,rainy,metro,yes,0,257,direct,32.06
SCV20002519,airport,metro_station,21.37,124.50,medium,evening,weekday,clear,bus,no,1,929,multimodal,41.73
SCV20002520,airport,office_area,26.42,143.40,medium,evening,weekday,clear,rapido,yes,1,1159,multimodal,450.84
SCV20002521,residential,office_area,10.67,59.10,medium,morning,weekday,clear,rapido,no,1,590,multimodal,178.97
SCV20002522,commercial,residential,3.33,14.30,low,night,weekend,clear,uber,no,0,162,direct,196.56
SCV20002523,commercial,residential,8.35,79.40,medium,evening,weekday,clear,metro,yes,2,1209,multimodal,46.62
SCV20002524,metro_station,residential,3.54,54.00,medium,morning,weekday,clear,ola,yes,2,719,multimodal,353.58
SCV20002525,college_area,office_area,6.39,37.10,medium,afternoon,weekday,rainy,uber,yes,0,188,direct,463.36
SCV20002526,airport,metro_station,25.77,66.50,low,night,weekday,clear,uber,no,0,141,direct,959.70
SCV20002527,college_area,office_area,5.65,30.60,low,evening,weekday,clear,uber,no,0,0,direct,316.81
SCV20002528,residential,metro_station,6.07,49.70,medium,morning,weekday,cloudy,rapido,yes,2,1189,multimodal,150.42
SCV20002529,airport,commercial,19.44,57.30,low,afternoon,weekday,clear,uber,no,1,37,direct,803.09
SCV20002530,college_area,metro_station,6.00,28.50,low,morning,weekday,clear,uber,no,0,109,direct,276.55
SCV20002531,residential,metro_station,3.16,44.20,low,night,weekend,clear,metro,no,2,1496,multimodal,21.96
SCV20002532,commercial,metro_station,4.01,28.90,medium,evening,weekday,clear,uber,yes,0,137,direct,326.52
SCV20002533,metro_station,shopping_area,6.72,9.60,low,morning,weekend,clear,auto,no,0,106,direct,124.27
SCV20002534,commercial,residential,10.22,44.80,medium,morning,weekday,clear,rapido,yes,0,62,direct,183.88
SCV20002535,commercial,residential,8.33,16.30,low,afternoon,weekend,clear,ola,no,0,30,direct,251.07
SCV20002536,college_area,residential,5.15,19.20,low,morning,weekend,rainy,uber,no,0,80,direct,264.12
SCV20002537,metro_station,commercial,5.11,44.20,high,evening,weekday,cloudy,auto,yes,0,104,direct,191.27
SCV20002538,college_area,commercial,6.01,26.00,medium,afternoon,weekday,rainy,auto,yes,0,153,direct,166.21
SCV20002539,metro_station,shopping_area,7.89,52.40,low,morning,weekend,clear,ola,no,2,1237,multimodal,360.34
SCV20002540,metro_station,residential,3.85,63.50,medium,morning,weekday,cloudy,uber,yes,3,1865,multimodal,469.69
SCV20002541,residential,shopping_area,6.09,53.70,medium,evening,weekday,clear,rapido,yes,1,1231,multimodal,149.37
SCV20002542,residential,commercial,10.75,95.80,high,evening,weekday,cloudy,uber,yes,0,70,direct,1015.23
SCV20002543,commercial,shopping_area,9.73,41.80,medium,afternoon,weekday,clear,auto,yes,1,738,multimodal,266.87
SCV20002544,college_area,commercial,6.03,34.80,medium,morning,weekday,clear,auto,yes,0,100,direct,187.64
SCV20002545,commercial,shopping_area,10.46,69.60,low,evening,weekend,rainy,bus,no,2,1649,multimodal,50.64
SCV20002546,metro_station,commercial,3.56,65.10,high,evening,weekday,cloudy,ola,yes,2,1344,multimodal,469.37
SCV20002547,airport,residential,24.74,150.00,high,evening,weekday,rainy,metro,yes,3,839,multimodal,62.24
SCV20002548,residential,commercial,7.73,53.30,medium,morning,weekday,clear,metro,yes,1,1415,multimodal,15.31
SCV20002549,airport,metro_station,20.84,150.00,high,evening,weekday,rainy,uber,yes,1,989,multimodal,1500.00
SCV20002550,college_area,residential,7.18,31.80,medium,morning,weekday,cloudy,ola,yes,0,209,direct,321.39
SCV20002551,airport,office_area,33.08,127.70,medium,morning,weekday,clear,auto,yes,0,142,direct,776.15
SCV20002552,metro_station,residential,1.34,23.50,high,evening,weekday,clear,rapido,yes,0,213,direct,77.00
SCV20002553,college_area,commercial,9.92,49.00,low,afternoon,weekday,rainy,auto,no,1,732,multimodal,222.45
SCV20002554,airport,residential,28.66,150.00,high,evening,weekday,rainy,auto,yes,0,152,direct,1041.80
SCV20002555,metro_station,residential,5.90,42.10,low,night,weekday,clear,auto,no,3,1657,multimodal,168.03
SCV20002556,airport,commercial,29.60,106.50,medium,afternoon,weekday,cloudy,uber,no,0,117,direct,1344.20
SCV20002557,residential,commercial,8.77,76.80,low,evening,weekend,clear,bus,no,3,1549,multimodal,41.54
SCV20002558,residential,commercial,12.40,49.50,medium,morning,weekday,cloudy,auto,yes,0,103,direct,325.01
SCV20002559,commercial,office_area,8.96,82.90,medium,evening,weekend,cloudy,metro,no,1,1080,multimodal,15.54
SCV20002560,airport,office_area,24.23,87.50,medium,afternoon,weekday,cloudy,metro,no,0,161,direct,38.87
SCV20002561,airport,office_area,18.74,78.80,low,night,weekday,clear,bus,no,2,1179,multimodal,36.98
SCV20002562,metro_station,office_area,7.82,35.10,low,afternoon,weekday,clear,uber,no,0,84,direct,382.22
SCV20002563,airport,residential,29.20,150.00,high,evening,weekday,clear,ola,yes,0,59,direct,1500.00
SCV20002564,airport,office_area,23.15,150.00,high,evening,weekday,clear,metro,yes,0,170,direct,49.63
SCV20002565,airport,commercial,16.50,80.10,medium,evening,weekday,clear,ola,yes,0,133,direct,704.89
SCV20002566,metro_station,commercial,5.55,37.20,medium,evening,weekday,clear,ola,no,0,134,direct,285.67
SCV20002567,commercial,metro_station,7.62,93.50,high,evening,weekday,rainy,metro,yes,1,951,multimodal,46.30
SCV20002568,commercial,shopping_area,9.89,52.30,low,afternoon,weekday,clear,metro,no,1,1418,multimodal,17.74
SCV20002569,residential,metro_station,2.04,29.30,medium,evening,weekday,cloudy,uber,yes,1,69,direct,273.11
SCV20002570,college_area,residential,6.79,31.70,medium,morning,weekday,clear,ola,yes,0,161,direct,331.05
SCV20002571,commercial,residential,10.90,36.10,low,morning,weekend,clear,rapido,no,0,0,direct,125.14
SCV20002572,commercial,office_area,4.85,43.30,high,morning,weekday,cloudy,rapido,yes,0,155,direct,157.32
SCV20002573,college_area,residential,9.79,78.90,medium,evening,weekday,cloudy,rapido,yes,1,1190,multimodal,218.66
SCV20002574,commercial,shopping_area,7.55,45.60,medium,evening,weekday,clear,ola,yes,1,81,direct,368.56
SCV20002575,airport,commercial,24.80,95.70,medium,morning,weekend,rainy,rapido,no,0,101,direct,366.01
SCV20002576,airport,residential,25.62,128.30,medium,evening,weekday,cloudy,rapido,yes,1,52,direct,459.84
SCV20002577,residential,office_area,13.42,116.00,high,evening,weekday,cloudy,metro,yes,0,100,direct,39.00
SCV20002578,residential,metro_station,9.39,98.00,high,evening,weekday,rainy,metro,yes,1,759,multimodal,57.35
SCV20002579,residential,metro_station,5.81,55.10,high,morning,weekday,rainy,auto,yes,0,52,direct,287.01
SCV20002580,metro_station,commercial,6.94,55.20,low,afternoon,weekday,clear,metro,no,2,1335,multimodal,24.37
SCV20002581,commercial,residential,10.35,82.60,high,evening,weekday,clear,uber,yes,0,22,direct,876.01
SCV20002582,residential,office_area,13.35,51.50,medium,afternoon,weekday,cloudy,ola,yes,0,11,direct,524.82
SCV20002583,commercial,residential,9.91,26.60,low,night,weekend,clear,rapido,no,0,0,direct,123.05
SCV20002584,commercial,office_area,4.26,29.00,medium,evening,weekday,clear,uber,yes,0,177,direct,295.60
SCV20002585,airport,office_area,26.25,83.40,low,night,weekday,clear,ola,no,1,1057,multimodal,805.92
SCV20002586,residential,metro_station,4.94,50.00,medium,evening,weekday,clear,uber,yes,1,1181,multimodal,465.96
SCV20002587,metro_station,residential,7.64,64.40,medium,morning,weekday,clear,uber,yes,1,913,multimodal,542.02
SCV20002588,college_area,metro_station,2.51,16.30,low,afternoon,weekend,clear,uber,no,0,68,direct,190.57
SCV20002589,airport,residential,26.93,101.90,low,afternoon,weekend,clear,metro,no,1,1516,multimodal,49.93
SCV20002590,residential,metro_station,4.98,25.40,medium,afternoon,weekday,cloudy,auto,yes,0,95,direct,156.56
SCV20002591,college_area,commercial,4.69,25.50,medium,morning,weekday,clear,ola,yes,0,156,direct,255.35
SCV20002592,residential,commercial,8.71,29.80,low,night,weekday,cloudy,ola,no,0,63,direct,302.51
SCV20002593,residential,metro_station,2.29,34.80,high,evening,weekday,clear,rapido,yes,0,157,direct,91.50
SCV20002594,college_area,metro_station,7.06,71.70,medium,afternoon,weekday,cloudy,rapido,yes,3,1857,multimodal,178.14
SCV20002595,residential,office_area,13.69,123.50,high,evening,weekday,clear,rapido,yes,1,528,multimodal,382.68
SCV20002596,commercial,metro_station,5.69,63.70,medium,afternoon,weekday,cloudy,ola,yes,2,744,multimodal,416.62
SCV20002597,airport,metro_station,17.17,69.40,low,night,weekend,cloudy,ola,no,1,524,multimodal,613.94
SCV20002598,commercial,office_area,8.01,34.50,medium,afternoon,weekday,rainy,uber,yes,0,49,direct,469.76
SCV20002599,college_area,residential,4.63,32.90,medium,morning,weekday,rainy,ola,no,0,38,direct,262.59
SCV20002600,metro_station,residential,5.66,43.60,medium,morning,weekday,cloudy,uber,yes,1,1232,multimodal,428.68
SCV20002601,residential,metro_station,8.67,50.00,medium,evening,weekend,cloudy,rapido,no,0,7,direct,165.08
SCV20002602,college_area,metro_station,5.68,32.50,medium,morning,weekday,clear,ola,yes,0,45,direct,288.69
SCV20002603,college_area,office_area,8.78,69.20,medium,morning,weekday,clear,uber,yes,2,1330,multimodal,644.77
SCV20002604,residential,metro_station,4.76,39.60,medium,evening,weekend,cloudy,ola,yes,1,105,direct,294.29
SCV20002605,metro_station,commercial,4.67,23.90,medium,afternoon,weekday,clear,ola,yes,1,126,direct,227.17
SCV20002606,commercial,residential,8.63,26.70,low,morning,weekend,clear,rapido,no,0,19,direct,107.70
SCV20002607,commercial,shopping_area,5.83,55.60,high,evening,weekday,clear,rapido,yes,0,29,direct,182.27
SCV20002608,commercial,residential,2.20,5.00,low,night,weekday,clear,ola,no,0,123,direct,101.21
SCV20002609,college_area,metro_station,5.46,31.50,low,afternoon,weekday,clear,auto,no,1,1261,multimodal,161.32
SCV20002610,residential,shopping_area,6.00,21.80,low,afternoon,weekday,clear,rapido,no,0,101,direct,94.58
SCV20002611,airport,office_area,25.15,126.10,medium,evening,weekend,clear,uber,no,0,129,direct,1306.87
SCV20002612,commercial,office_area,7.58,44.90,medium,evening,weekday,clear,uber,yes,0,111,direct,474.72
SCV20002613,college_area,residential,7.72,26.90,low,night,weekend,clear,rapido,no,0,28,direct,117.88
SCV20002614,metro_station,residential,5.36,26.50,medium,morning,weekday,clear,ola,yes,0,109,direct,266.62
SCV20002615,commercial,shopping_area,4.90,47.70,medium,evening,weekday,clear,rapido,yes,1,897,multimodal,127.09
SCV20002616,metro_station,commercial,5.75,62.30,medium,evening,weekday,clear,metro,yes,2,1113,multimodal,17.42
SCV20002617,metro_station,shopping_area,5.32,33.70,medium,morning,weekday,clear,uber,yes,0,67,direct,374.82
SCV20002618,metro_station,commercial,4.74,54.00,high,evening,weekday,clear,ola,yes,0,35,direct,467.95
SCV20002619,residential,metro_station,5.74,27.40,medium,morning,weekday,clear,ola,yes,0,58,direct,278.10
SCV20002620,metro_station,office_area,10.47,83.40,high,evening,weekday,clear,auto,yes,0,6,direct,425.52
SCV20002621,airport,metro_station,18.40,66.40,low,night,weekend,rainy,bus,no,1,228,multimodal,35.51
SCV20002622,metro_station,office_area,7.28,33.80,medium,morning,weekday,clear,auto,yes,0,36,direct,211.09
SCV20002623,commercial,shopping_area,7.10,34.70,medium,afternoon,weekday,clear,auto,yes,0,146,direct,195.42
SCV20002624,metro_station,residential,6.35,26.30,medium,morning,weekday,cloudy,ola,yes,0,0,direct,280.87
SCV20002625,college_area,residential,8.82,28.40,low,night,weekday,cloudy,auto,no,0,38,direct,179.18
SCV20002626,residential,metro_station,4.53,27.70,medium,morning,weekday,clear,ola,yes,0,52,direct,266.52
SCV20002627,metro_station,office_area,9.84,47.90,medium,morning,weekday,clear,uber,no,0,87,direct,493.59
SCV20002628,residential,metro_station,4.80,25.10,medium,morning,weekday,cloudy,uber,yes,0,96,direct,334.37
SCV20002629,commercial,residential,10.77,50.00,medium,morning,weekday,clear,rapido,yes,0,165,direct,196.88
SCV20002630,residential,commercial,6.41,31.40,medium,morning,weekday,clear,auto,yes,0,0,direct,156.51
SCV20002631,commercial,shopping_area,7.18,21.40,low,night,weekday,clear,bus,no,0,57,direct,19.05
SCV20002632,commercial,metro_station,7.78,71.10,low,evening,weekend,clear,metro,no,2,1484,multimodal,10.00
SCV20002633,residential,shopping_area,11.80,70.30,medium,morning,weekend,cloudy,metro,no,1,801,multimodal,33.64
SCV20002634,commercial,residential,5.96,36.20,medium,evening,weekday,rainy,metro,yes,0,175,direct,10.00
SCV20002635,residential,shopping_area,6.44,24.90,low,afternoon,weekday,clear,uber,no,0,269,direct,325.29
SCV20002636,residential,office_area,8.25,65.50,high,morning,weekday,rainy,ola,yes,0,115,direct,654.30
SCV20002637,airport,metro_station,27.70,77.80,low,night,weekday,rainy,auto,no,0,96,direct,543.68
SCV20002638,residential,commercial,8.03,30.80,low,morning,weekend,clear,metro,no,0,124,direct,33.88
SCV20002639,college_area,office_area,5.56,54.10,low,afternoon,weekday,clear,metro,yes,2,1530,multimodal,21.94
SCV20002640,metro_station,office_area,5.29,32.00,medium,morning,weekday,clear,metro,yes,0,213,direct,37.66
SCV20002641,commercial,shopping_area,4.38,26.00,medium,afternoon,weekday,cloudy,metro,yes,1,125,direct,26.29
SCV20002642,residential,office_area,13.98,53.90,medium,morning,weekday,cloudy,rapido,no,0,39,direct,194.43
SCV20002643,residential,shopping_area,9.09,61.00,low,night,weekday,clear,bus,yes,2,1624,multimodal,36.56
SCV20002644,college_area,metro_station,5.90,60.10,low,evening,weekend,cloudy,metro,no,1,1313,multimodal,10.00
SCV20002645,residential,shopping_area,10.88,46.10,medium,morning,weekday,clear,auto,no,0,66,direct,252.31
SCV20002646,college_area,residential,5.73,57.30,medium,afternoon,weekday,cloudy,metro,yes,2,1461,multimodal,28.79
SCV20002647,residential,office_area,9.31,51.80,medium,evening,weekday,clear,bus,yes,1,169,direct,31.96
SCV20002648,metro_station,residential,6.58,67.00,high,evening,weekday,clear,rapido,yes,0,36,direct,212.26
SCV20002649,metro_station,commercial,9.07,72.90,medium,evening,weekday,clear,bus,yes,1,838,multimodal,42.84
SCV20002650,college_area,metro_station,10.13,47.10,low,afternoon,weekend,cloudy,metro,no,1,1131,multimodal,19.88
SCV20002651,airport,office_area,21.69,62.60,low,night,weekend,clear,auto,no,0,47,direct,369.10
SCV20002652,residential,shopping_area,10.94,36.50,medium,afternoon,weekday,clear,ola,yes,0,113,direct,406.19
SCV20002653,college_area,metro_station,5.18,80.80,high,evening,weekday,rainy,bus,yes,1,1014,multimodal,25.26
SCV20002654,commercial,office_area,6.57,33.00,medium,morning,weekday,clear,ola,no,1,78,direct,272.05
SCV20002655,metro_station,commercial,7.20,27.50,low,afternoon,weekend,clear,uber,no,0,38,direct,357.37
SCV20002656,commercial,residential,7.73,31.20,low,afternoon,weekend,clear,bus,no,0,241,direct,26.14
SCV20002657,residential,office_area,11.23,86.40,high,morning,weekday,rainy,rapido,yes,1,1175,multimodal,306.42
SCV20002658,commercial,metro_station,6.42,60.50,high,evening,weekday,clear,metro,yes,0,190,direct,22.19
SCV20002659,metro_station,commercial,5.47,17.80,low,afternoon,weekend,rainy,metro,no,0,145,direct,30.58
SCV20002660,metro_station,residential,5.75,68.60,medium,morning,weekday,clear,bus,yes,2,1469,multimodal,43.77
SCV20002661,residential,shopping_area,7.37,44.00,high,morning,weekday,clear,bus,yes,1,144,direct,27.82
SCV20002662,college_area,residential,4.30,48.40,low,afternoon,weekday,clear,bus,no,1,1208,multimodal,10.56
SCV20002663,residential,commercial,3.31,68.40,high,evening,weekday,rainy,bus,yes,1,1166,multimodal,26.29
SCV20002664,metro_station,office_area,6.83,53.90,high,morning,weekday,clear,auto,yes,0,82,direct,263.41
SCV20002665,metro_station,commercial,5.09,40.00,medium,afternoon,weekday,clear,auto,yes,1,901,multimodal,188.49
SCV20002666,metro_station,commercial,5.04,23.70,low,afternoon,weekday,clear,uber,no,0,12,direct,272.72
SCV20002667,metro_station,residential,1.69,64.50,high,evening,weekday,rainy,bus,yes,2,1540,multimodal,42.79
SCV20002668,residential,commercial,6.69,26.50,medium,afternoon,weekday,rainy,metro,no,0,92,direct,18.47
SCV20002669,college_area,commercial,7.83,46.10,medium,evening,weekday,clear,ola,yes,0,90,direct,379.97
SCV20002670,commercial,metro_station,2.87,20.20,medium,afternoon,weekday,cloudy,rapido,yes,0,87,direct,88.60
SCV20002671,college_area,residential,5.12,30.80,medium,morning,weekday,clear,rapido,yes,0,109,direct,87.28
SCV20002672,commercial,metro_station,8.56,34.20,medium,morning,weekday,clear,ola,yes,0,57,direct,346.64
SCV20002673,commercial,residential,9.48,22.10,low,night,weekday,clear,ola,no,0,61,direct,284.83
SCV20002674,college_area,office_area,6.12,52.00,medium,evening,weekday,cloudy,metro,yes,2,1056,multimodal,16.98
SCV20002675,residential,metro_station,4.20,58.00,high,evening,weekday,clear,auto,yes,1,1039,multimodal,311.91
SCV20002676,college_area,residential,5.44,17.00,low,night,weekday,cloudy,rapido,no,0,106,direct,69.52
SCV20002677,airport,residential,33.26,150.00,medium,evening,weekday,cloudy,auto,no,0,38,direct,865.16
SCV20002678,commercial,metro_station,2.69,26.20,medium,evening,weekend,clear,ola,no,0,97,direct,188.34
SCV20002679,metro_station,office_area,6.55,88.80,high,evening,weekday,clear,rapido,yes,2,1000,multimodal,270.14
SCV20002680,college_area,residential,3.59,32.10,low,afternoon,weekday,clear,ola,yes,0,33,direct,220.55
SCV20002681,metro_station,shopping_area,7.05,64.40,medium,evening,weekday,clear,rapido,yes,2,695,multimodal,203.14
SCV20002682,commercial,metro_station,5.12,31.80,medium,evening,weekday,clear,uber,yes,0,65,direct,338.96
SCV20002683,residential,metro_station,8.48,44.90,medium,morning,weekday,clear,bus,no,0,116,direct,15.01
SCV20002684,commercial,office_area,3.37,39.40,high,evening,weekday,clear,uber,yes,0,79,direct,448.52
SCV20002685,airport,office_area,27.89,79.80,low,night,weekday,clear,auto,no,1,8,direct,496.32
SCV20002686,metro_station,commercial,2.79,13.80,medium,morning,weekday,clear,uber,yes,0,79,direct,242.27
SCV20002687,commercial,office_area,6.71,67.00,medium,evening,weekend,rainy,metro,no,1,1375,multimodal,16.04
SCV20002688,commercial,metro_station,3.82,25.20,medium,morning,weekday,cloudy,ola,yes,0,44,direct,251.90
SCV20002689,metro_station,residential,2.25,35.40,high,evening,weekday,rainy,bus,yes,0,177,direct,28.67
SCV20002690,commercial,residential,8.35,41.80,medium,morning,weekday,rainy,rapido,yes,0,101,direct,164.11
SCV20002691,commercial,residential,9.70,36.40,low,afternoon,weekend,clear,bus,no,1,140,direct,24.19
SCV20002692,commercial,metro_station,3.32,11.20,low,afternoon,weekend,cloudy,ola,yes,0,123,direct,186.25
SCV20002693,college_area,commercial,10.20,39.80,low,afternoon,weekend,clear,ola,no,0,100,direct,348.09
SCV20002694,commercial,shopping_area,5.34,19.00,low,night,weekend,clear,uber,no,0,35,direct,270.56
SCV20002695,commercial,office_area,8.06,33.70,low,afternoon,weekday,clear,uber,no,0,96,direct,369.33
SCV20002696,residential,office_area,9.42,40.50,medium,morning,weekday,clear,rapido,yes,0,28,direct,155.79
SCV20002697,college_area,metro_station,9.32,66.90,low,night,weekday,cloudy,bus,no,1,940,multimodal,34.63
SCV20002698,residential,office_area,13.24,37.70,low,afternoon,weekday,clear,uber,no,0,75,direct,518.66
SCV20002699,commercial,shopping_area,4.06,30.00,medium,evening,weekday,clear,auto,yes,0,110,direct,149.15
SCV20002700,residential,metro_station,5.45,35.90,medium,evening,weekday,clear,ola,yes,0,27,direct,280.52
SCV20002701,commercial,office_area,7.08,33.50,medium,morning,weekday,clear,uber,yes,0,104,direct,440.62
SCV20002702,residential,office_area,10.24,49.40,medium,morning,weekday,clear,auto,yes,0,62,direct,260.48
SCV20002703,airport,office_area,25.59,97.90,low,afternoon,weekday,clear,metro,no,1,1060,multimodal,52.51
SCV20002704,residential,metro_station,6.44,40.20,medium,morning,weekday,cloudy,uber,yes,0,135,direct,438.44
SCV20002705,metro_station,office_area,7.86,43.30,medium,evening,weekday,clear,rapido,yes,0,106,direct,131.68
SCV20002706,commercial,residential,5.93,29.10,low,afternoon,weekday,cloudy,ola,no,1,0,direct,235.16
SCV20002707,metro_station,residential,2.77,57.60,medium,evening,weekend,clear,metro,no,1,1534,multimodal,10.78
SCV20002708,metro_station,commercial,8.58,35.10,medium,morning,weekday,clear,metro,yes,0,168,direct,54.89
SCV20002709,college_area,residential,8.05,29.00,low,afternoon,weekday,clear,rapido,no,0,110,direct,123.01
SCV20002710,metro_station,commercial,4.76,14.80,low,night,weekend,clear,auto,no,0,115,direct,84.15
SCV20002711,metro_station,commercial,4.52,61.90,medium,evening,weekday,clear,bus,yes,1,568,multimodal,17.92
SCV20002712,metro_station,commercial,4.68,39.10,low,morning,weekday,clear,rapido,no,1,1204,multimodal,69.64
SCV20002713,metro_station,commercial,6.38,32.30,medium,morning,weekday,clear,rapido,yes,0,53,direct,133.16
SCV20002714,residential,shopping_area,13.70,50.70,medium,afternoon,weekend,clear,uber,yes,0,50,direct,684.44
SCV20002715,residential,office_area,7.65,61.90,medium,afternoon,weekend,clear,bus,yes,2,1149,multimodal,13.13
SCV20002716,airport,office_area,33.31,150.00,high,evening,weekday,rainy,uber,yes,0,80,direct,1500.00
SCV20002717,commercial,office_area,2.06,43.90,high,morning,weekday,rainy,metro,yes,1,806,multimodal,20.96
SCV20002718,college_area,metro_station,3.98,38.30,high,morning,weekday,rainy,rapido,yes,0,143,direct,149.45
SCV20002719,commercial,office_area,6.77,27.30,medium,afternoon,weekday,clear,rapido,yes,0,29,direct,118.53
SCV20002720,residential,office_area,13.24,49.70,medium,morning,weekday,clear,rapido,no,0,46,direct,192.16
SCV20002721,residential,shopping_area,5.74,32.30,medium,afternoon,weekday,clear,rapido,yes,0,5,direct,102.59
SCV20002722,airport,commercial,30.25,150.00,medium,evening,weekend,clear,metro,no,1,861,multimodal,41.82
SCV20002723,college_area,residential,5.69,34.20,medium,evening,weekday,clear,auto,yes,0,45,direct,165.24
SCV20002724,commercial,shopping_area,1.91,9.40,low,night,weekday,clear,uber,no,0,59,direct,161.72
SCV20002725,commercial,office_area,5.70,18.80,low,afternoon,weekday,clear,auto,no,0,86,direct,135.11
SCV20002726,residential,office_area,15.01,127.00,high,evening,weekday,rainy,rapido,yes,0,114,direct,397.39
SCV20002727,commercial,shopping_area,5.12,26.60,low,night,weekend,clear,auto,no,0,0,direct,132.53
SCV20002728,commercial,office_area,3.80,16.60,medium,morning,weekday,cloudy,ola,yes,0,154,direct,204.63
SCV20002729,residential,commercial,15.14,65.60,medium,morning,weekday,clear,ola,yes,1,549,multimodal,652.96
SCV20002730,commercial,shopping_area,7.64,39.40,medium,morning,weekday,clear,bus,yes,0,139,direct,13.24
SCV20002731,metro_station,shopping_area,5.65,20.70,medium,morning,weekday,clear,auto,yes,0,54,direct,165.68
SCV20002732,college_area,commercial,5.46,54.90,medium,evening,weekday,clear,metro,yes,1,735,multimodal,13.10
SCV20002733,airport,residential,39.16,150.00,medium,evening,weekday,clear,bus,yes,3,1980,multimodal,88.61
SCV20002734,metro_station,office_area,8.64,27.50,low,afternoon,weekday,clear,ola,no,0,9,direct,296.08
SCV20002735,commercial,residential,3.48,51.30,medium,evening,weekday,cloudy,bus,yes,1,919,multimodal,17.27
SCV20002736,commercial,residential,13.09,92.10,high,evening,weekday,clear,uber,yes,0,0,direct,1081.58
SCV20002737,metro_station,residential,7.73,27.40,medium,afternoon,weekday,cloudy,ola,yes,0,136,direct,353.36
SCV20002738,commercial,shopping_area,5.03,22.00,medium,night,weekday,rainy,metro,yes,0,165,direct,10.44
SCV20002739,residential,metro_station,2.29,26.20,medium,evening,weekday,clear,rapido,yes,0,56,direct,87.91
SCV20002740,residential,office_area,6.53,45.70,medium,evening,weekday,clear,ola,yes,0,62,direct,345.98
SCV20002741,commercial,metro_station,5.64,17.40,low,night,weekday,clear,rapido,no,0,106,direct,86.68
SCV20002742,residential,office_area,8.64,45.20,medium,morning,weekday,clear,auto,yes,0,59,direct,237.02
SCV20002743,residential,office_area,11.79,34.00,low,night,weekend,clear,auto,no,1,72,direct,220.18
SCV20002744,commercial,shopping_area,6.12,28.40,medium,night,weekday,clear,ola,yes,0,29,direct,282.54
SCV20002745,commercial,metro_station,4.83,26.20,medium,morning,weekday,cloudy,uber,yes,1,118,direct,345.62
SCV20002746,college_area,residential,8.71,93.20,high,evening,weekday,rainy,metro,yes,1,1349,multimodal,30.59
SCV20002747,airport,metro_station,28.93,80.60,low,afternoon,weekday,cloudy,metro,no,0,237,direct,33.10
SCV20002748,commercial,shopping_area,6.01,26.10,medium,morning,weekday,cloudy,uber,yes,0,157,direct,361.65
SCV20002749,college_area,residential,6.56,32.40,medium,morning,weekday,clear,uber,yes,0,39,direct,387.06
SCV20002750,commercial,metro_station,6.42,35.50,medium,morning,weekday,cloudy,bus,yes,0,93,direct,14.74
SCV20002751,residential,metro_station,3.80,20.10,medium,morning,weekday,clear,ola,yes,0,124,direct,220.58
SCV20002752,residential,office_area,12.38,95.60,high,evening,weekday,clear,ola,yes,0,0,direct,836.67
SCV20002753,metro_station,commercial,4.45,26.00,medium,morning,weekday,clear,ola,yes,0,62,direct,244.42
SCV20002754,airport,residential,26.14,110.20,medium,afternoon,weekday,clear,bus,no,2,1191,multimodal,59.55
SCV20002755,metro_station,commercial,5.02,25.30,medium,morning,weekday,clear,ola,yes,0,76,direct,241.88
SCV20002756,metro_station,office_area,4.94,43.70,low,afternoon,weekday,cloudy,bus,no,1,1240,multimodal,10.52
SCV20002757,commercial,office_area,10.61,41.00,low,night,weekday,cloudy,uber,no,1,882,multimodal,452.16
SCV20002758,college_area,commercial,6.92,58.20,medium,evening,weekday,clear,bus,yes,2,950,multimodal,17.35
SCV20002759,residential,office_area,9.07,88.70,high,evening,weekday,rainy,auto,yes,0,145,direct,431.95
SCV20002760,metro_station,office_area,9.10,37.00,medium,morning,weekday,clear,auto,yes,0,28,direct,239.95
SCV20002761,residential,office_area,9.55,49.80,medium,morning,weekday,cloudy,uber,yes,0,67,direct,593.15
SCV20002762,metro_station,office_area,6.27,46.50,medium,evening,weekday,clear,ola,no,0,91,direct,307.23
SCV20002763,metro_station,office_area,5.90,68.20,high,morning,weekday,clear,metro,yes,1,1194,multimodal,38.27
SCV20002764,commercial,residential,12.52,34.30,low,night,weekend,clear,auto,no,0,108,direct,210.09
SCV20002765,airport,office_area,24.09,120.70,medium,evening,weekday,clear,auto,yes,1,45,direct,593.60
SCV20002766,residential,metro_station,4.42,58.40,medium,evening,weekday,clear,metro,yes,2,1501,multimodal,24.01
SCV20002767,commercial,shopping_area,8.85,55.90,medium,evening,weekday,clear,uber,yes,0,34,direct,595.86
SCV20002768,college_area,office_area,5.84,41.60,medium,evening,weekday,cloudy,uber,yes,0,70,direct,423.49
SCV20002769,airport,metro_station,23.67,150.00,high,evening,weekday,clear,rapido,yes,0,119,direct,558.97
SCV20002770,metro_station,residential,4.55,20.30,low,night,weekday,cloudy,rapido,no,0,30,direct,80.83
SCV20002771,college_area,office_area,8.83,69.50,medium,evening,weekday,clear,metro,yes,1,1362,multimodal,39.95
SCV20002772,metro_station,office_area,4.72,25.10,medium,evening,weekday,cloudy,rapido,yes,0,46,direct,97.79
SCV20002773,metro_station,commercial,4.44,33.10,medium,evening,weekday,clear,metro,yes,0,95,direct,32.16
SCV20002774,residential,metro_station,8.14,44.20,medium,evening,weekend,clear,ola,no,0,89,direct,326.40
SCV20002775,commercial,metro_station,7.12,14.40,low,afternoon,weekend,cloudy,uber,no,0,144,direct,315.30
SCV20002776,commercial,residential,8.68,41.40,medium,morning,weekend,clear,ola,yes,0,121,direct,399.72
SCV20002777,metro_station,shopping_area,8.89,107.20,high,evening,weekday,rainy,metro,yes,2,1577,multimodal,35.24
SCV20002778,residential,shopping_area,6.73,78.40,medium,afternoon,weekend,cloudy,bus,yes,3,1974,multimodal,30.93
SCV20002779,metro_station,office_area,6.18,20.10,low,morning,weekend,clear,bus,no,0,298,direct,16.13
SCV20002780,metro_station,residential,3.38,22.40,medium,afternoon,weekend,rainy,uber,yes,0,124,direct,306.73
SCV20002781,metro_station,commercial,7.63,25.80,low,night,weekday,cloudy,bus,no,1,143,direct,10.00
SCV20002782,commercial,shopping_area,7.51,58.30,medium,morning,weekday,cloudy,rapido,no,1,959,multimodal,157.29
SCV20002783,residential,metro_station,9.84,31.60,low,night,weekend,clear,rapido,no,0,95,direct,115.52
SCV20002784,commercial,shopping_area,7.36,24.70,low,afternoon,weekend,clear,metro,no,0,315,direct,10.00
SCV20002785,metro_station,office_area,5.78,29.40,medium,afternoon,weekend,clear,metro,yes,0,137,direct,10.00
SCV20002786,residential,shopping_area,8.53,47.70,medium,evening,weekday,clear,ola,yes,0,153,direct,397.17
SCV20002787,college_area,residential,4.41,48.40,medium,afternoon,weekday,cloudy,metro,yes,1,826,multimodal,34.50
SCV20002788,residential,metro_station,6.31,39.50,medium,evening,weekday,clear,uber,yes,0,44,direct,411.99
SCV20002789,metro_station,residential,7.00,47.90,medium,evening,weekday,cloudy,ola,yes,0,43,direct,358.78
SCV20002790,college_area,metro_station,8.42,79.00,medium,afternoon,weekday,cloudy,metro,yes,3,2500,multimodal,16.01
SCV20002791,residential,office_area,15.41,68.30,low,night,weekday,cloudy,bus,no,2,911,multimodal,20.87
SCV20002792,residential,shopping_area,9.38,38.40,low,night,weekend,cloudy,ola,no,0,41,direct,335.98
SCV20002793,residential,commercial,10.66,48.70,low,evening,weekend,clear,ola,no,0,71,direct,366.15
SCV20002794,metro_station,office_area,6.69,15.70,low,afternoon,weekday,cloudy,uber,no,0,155,direct,281.68
SCV20002795,metro_station,office_area,7.95,41.10,medium,evening,weekday,clear,metro,yes,0,90,direct,32.11
SCV20002796,airport,office_area,24.86,80.00,low,morning,weekend,clear,uber,no,0,33,direct,1035.86
SCV20002797,airport,metro_station,23.41,69.50,low,afternoon,weekend,clear,auto,yes,0,65,direct,475.97
SCV20002798,residential,metro_station,7.94,59.00,high,morning,weekday,clear,uber,yes,0,29,direct,694.78
SCV20002799,commercial,residential,8.19,26.50,low,night,weekend,clear,metro,no,0,273,direct,10.00
SCV20002800,college_area,metro_station,4.03,21.60,medium,morning,weekday,clear,uber,yes,0,59,direct,276.26
SCV20002801,residential,shopping_area,8.49,24.60,low,afternoon,weekend,clear,ola,no,0,125,direct,327.19
SCV20002802,residential,commercial,9.51,38.70,low,afternoon,weekday,cloudy,uber,no,1,589,multimodal,522.71
SCV20002803,college_area,office_area,9.95,50.80,low,afternoon,weekday,clear,metro,no,1,704,multimodal,23.15
SCV20002804,college_area,residential,10.76,75.90,medium,afternoon,weekday,rainy,bus,yes,1,1262,multimodal,35.47
SCV20002805,residential,commercial,11.14,42.00,medium,morning,weekday,clear,uber,yes,0,72,direct,568.25
SCV20002806,metro_station,residential,4.54,54.80,medium,evening,weekend,clear,rapido,no,2,1133,multimodal,108.23
SCV20002807,metro_station,commercial,4.83,37.10,medium,evening,weekday,clear,bus,no,0,151,direct,10.55
SCV20002808,commercial,shopping_area,3.86,21.70,low,afternoon,weekday,clear,rapido,no,0,119,direct,93.47
SCV20002809,residential,office_area,5.85,35.50,medium,afternoon,weekday,clear,uber,yes,0,113,direct,411.00
SCV20002810,metro_station,commercial,6.60,56.60,medium,evening,weekday,rainy,bus,no,1,657,multimodal,38.21
SCV20002811,residential,office_area,16.58,74.70,medium,afternoon,weekday,clear,uber,yes,1,516,multimodal,865.26
SCV20002812,metro_station,residential,7.99,35.50,medium,afternoon,weekday,cloudy,uber,yes,0,103,direct,455.76
SCV20002813,commercial,shopping_area,7.72,70.30,medium,afternoon,weekday,clear,uber,no,3,1593,multimodal,558.45
SCV20002814,commercial,office_area,3.04,19.30,medium,evening,weekday,clear,rapido,yes,0,74,direct,87.71
SCV20002815,college_area,office_area,9.91,41.80,medium,afternoon,weekday,rainy,uber,yes,0,63,direct,599.29
SCV20002816,metro_station,commercial,6.81,48.40,medium,morning,weekday,cloudy,uber,yes,1,1282,multimodal,500.38
SCV20002817,commercial,residential,10.96,34.40,low,afternoon,weekend,clear,auto,no,0,178,direct,197.54
SCV20002818,metro_station,residential,2.08,50.00,high,evening,weekday,clear,bus,yes,1,1297,multimodal,21.29
SCV20002819,metro_station,commercial,3.11,38.40,high,evening,weekday,rainy,uber,yes,0,66,direct,458.77
SCV20002820,residential,commercial,8.43,45.60,medium,evening,weekday,clear,uber,yes,0,0,direct,505.76
SCV20002821,airport,office_area,26.94,89.80,low,night,weekend,rainy,uber,no,1,1413,multimodal,1225.91
SCV20002822,metro_station,residential,5.47,51.10,high,evening,weekday,cloudy,ola,yes,0,120,direct,472.79
SCV20002823,commercial,metro_station,6.71,38.70,medium,evening,weekday,clear,ola,no,0,79,direct,331.28
SCV20002824,commercial,office_area,9.56,81.20,high,evening,weekday,cloudy,uber,yes,0,172,direct,881.93
SCV20002825,residential,commercial,9.16,43.70,low,afternoon,weekend,clear,metro,no,1,563,multimodal,20.09
SCV20002826,college_area,commercial,4.12,58.00,medium,morning,weekday,clear,metro,yes,1,1434,multimodal,42.29
SCV20002827,college_area,commercial,4.65,53.70,high,evening,weekday,rainy,ola,yes,0,159,direct,451.58
SCV20002828,commercial,office_area,3.20,27.90,medium,evening,weekday,cloudy,rapido,yes,0,164,direct,82.34
SCV20002829,commercial,office_area,5.37,21.70,medium,morning,weekday,cloudy,uber,no,0,39,direct,293.44
SCV20002830,college_area,residential,5.32,12.50,low,morning,weekday,clear,bus,no,0,125,direct,14.14
SCV20002831,airport,commercial,19.59,99.90,medium,morning,weekend,clear,ola,no,3,738,multimodal,803.56
SCV20002832,commercial,metro_station,6.29,43.00,low,afternoon,weekday,clear,metro,no,1,949,multimodal,10.00
SCV20002833,commercial,metro_station,3.46,19.40,medium,morning,weekday,cloudy,bus,yes,0,179,direct,10.96
SCV20002834,commercial,shopping_area,3.86,45.30,medium,morning,weekend,clear,uber,yes,1,716,multimodal,382.31
SCV20002835,residential,metro_station,8.75,67.20,medium,morning,weekday,clear,bus,yes,2,1286,multimodal,40.13
SCV20002836,commercial,office_area,8.14,73.00,medium,evening,weekend,clear,bus,no,1,878,multimodal,27.08
SCV20002837,metro_station,shopping_area,8.30,70.00,medium,evening,weekday,clear,bus,yes,1,916,multimodal,24.72
SCV20002838,residential,commercial,6.51,65.00,medium,evening,weekday,clear,bus,yes,1,1037,multimodal,22.68
SCV20002839,commercial,office_area,6.64,44.80,medium,evening,weekday,rainy,uber,no,1,61,direct,462.18
SCV20002840,residential,metro_station,8.05,112.90,high,evening,weekday,rainy,ola,yes,3,2002,multimodal,826.85
SCV20002841,commercial,office_area,8.44,64.20,medium,morning,weekday,clear,bus,yes,1,956,multimodal,30.01
SCV20002842,commercial,shopping_area,4.62,15.10,low,afternoon,weekend,clear,ola,no,0,30,direct,153.72
SCV20002843,commercial,metro_station,4.99,35.90,medium,afternoon,weekday,clear,bus,no,0,158,direct,21.76
SCV20002844,metro_station,residential,1.86,23.70,high,evening,weekday,cloudy,rapido,yes,0,207,direct,79.52
SCV20002845,metro_station,office_area,5.48,27.10,medium,afternoon,weekday,clear,uber,no,1,2,direct,290.94
SCV20002846,college_area,commercial,4.71,41.10,medium,evening,weekday,rainy,auto,yes,0,0,direct,196.87
SCV20002847,residential,office_area,8.65,67.80,low,afternoon,weekday,clear,metro,no,2,1081,multimodal,25.73
SCV20002848,commercial,shopping_area,3.29,7.20,low,afternoon,weekend,cloudy,uber,no,0,32,direct,176.70
SCV20002849,commercial,residential,9.91,34.40,low,night,weekday,cloudy,uber,no,0,153,direct,394.80
SCV20002850,college_area,commercial,10.13,74.40,medium,morning,weekday,cloudy,rapido,yes,2,1378,multimodal,238.27
SCV20002851,college_area,metro_station,5.05,60.60,medium,afternoon,weekday,rainy,metro,no,2,1026,multimodal,19.11
SCV20002852,metro_station,office_area,6.36,56.10,high,evening,weekday,cloudy,rapido,yes,0,113,direct,197.46
SCV20002853,residential,shopping_area,12.64,74.00,medium,morning,weekday,clear,bus,yes,1,1359,multimodal,14.79
SCV20002854,residential,commercial,14.09,59.90,medium,afternoon,weekday,rainy,rapido,no,0,103,direct,195.74
SCV20002855,college_area,office_area,8.43,76.00,medium,afternoon,weekday,clear,bus,yes,3,2474,multimodal,34.98
SCV20002856,metro_station,commercial,5.74,31.30,medium,morning,weekday,cloudy,bus,yes,0,319,direct,40.81
SCV20002857,residential,metro_station,6.86,27.20,medium,morning,weekday,cloudy,ola,yes,0,0,direct,311.46
SCV20002858,residential,commercial,8.50,52.40,medium,evening,weekday,clear,ola,yes,0,0,direct,426.42
SCV20002859,residential,shopping_area,8.12,21.10,low,night,weekday,cloudy,uber,no,1,94,direct,325.39
SCV20002860,metro_station,office_area,10.62,65.10,medium,morning,weekday,clear,bus,yes,1,1361,multimodal,28.90
SCV20002861,residential,office_area,9.27,40.20,medium,morning,weekday,clear,uber,yes,0,68,direct,504.20
SCV20002862,college_area,residential,7.82,26.90,low,afternoon,weekday,clear,uber,yes,0,58,direct,407.91
SCV20002863,airport,office_area,12.97,34.90,low,night,weekend,clear,uber,no,0,13,direct,525.15
SCV20002864,metro_station,residential,4.46,25.20,medium,morning,weekday,clear,rapido,yes,0,68,direct,83.94
SCV20002865,metro_station,commercial,5.75,51.40,high,evening,weekday,rainy,uber,yes,0,21,direct,649.15
SCV20002866,residential,commercial,7.14,35.60,medium,morning,weekday,rainy,ola,yes,0,0,direct,395.65
SCV20002867,college_area,office_area,11.96,70.90,medium,evening,weekday,cloudy,rapido,yes,0,147,direct,201.71
SCV20002868,residential,office_area,11.26,104.20,high,morning,weekday,rainy,rapido,yes,3,1653,multimodal,334.89
SCV20002869,residential,commercial,11.27,45.20,low,night,weekday,clear,metro,no,1,471,multimodal,19.94
SCV20002870,metro_station,shopping_area,8.52,29.80,low,afternoon,weekend,rainy,ola,no,0,112,direct,322.26
SCV20002871,residential,commercial,9.52,47.80,low,afternoon,weekday,clear,metro,no,1,642,multimodal,30.15
SCV20002872,commercial,shopping_area,7.33,28.70,medium,afternoon,weekday,rainy,ola,yes,0,142,direct,355.68
SCV20002873,residential,metro_station,5.80,38.70,medium,afternoon,weekday,clear,rapido,yes,0,190,direct,126.36
SCV20002874,residential,office_area,4.99,35.70,medium,evening,weekday,clear,ola,yes,0,0,direct,281.41
SCV20002875,commercial,residential,14.57,55.20,medium,morning,weekday,clear,auto,yes,0,92,direct,323.98
SCV20002876,metro_station,office_area,5.59,32.50,medium,morning,weekday,cloudy,ola,yes,0,183,direct,288.50
SCV20002877,residential,shopping_area,12.59,37.60,low,afternoon,weekend,rainy,auto,no,0,91,direct,271.30
SCV20002878,college_area,commercial,6.84,53.20,medium,afternoon,weekday,clear,metro,no,1,917,multimodal,38.43
SCV20002879,airport,commercial,27.18,150.00,high,evening,weekday,rainy,rapido,yes,0,139,direct,633.00
SCV20002880,commercial,residential,8.59,41.80,medium,evening,weekday,clear,uber,yes,0,64,direct,499.85
SCV20002881,residential,commercial,6.54,25.10,medium,morning,weekday,clear,uber,yes,0,98,direct,353.19
SCV20002882,metro_station,commercial,4.66,23.60,medium,afternoon,weekday,cloudy,rapido,yes,0,2,direct,111.10
SCV20002883,residential,office_area,7.48,39.40,medium,evening,weekday,clear,rapido,yes,0,48,direct,142.96
SCV20002884,metro_station,commercial,7.37,68.70,high,evening,weekday,cloudy,ola,yes,0,0,direct,594.69
SCV20002885,college_area,metro_station,4.58,31.40,medium,morning,weekday,rainy,bus,yes,0,164,direct,26.28
SCV20002886,residential,office_area,9.45,63.30,low,night,weekend,rainy,auto,no,3,1154,multimodal,284.02
SCV20002887,residential,office_area,8.88,79.50,high,evening,weekday,clear,ola,yes,0,155,direct,618.64
SCV20002888,residential,commercial,8.85,24.90,low,afternoon,weekday,clear,ola,no,0,162,direct,260.26
SCV20002889,college_area,office_area,5.77,30.40,low,afternoon,weekday,cloudy,auto,no,1,703,multimodal,141.20
SCV20002890,residential,shopping_area,10.82,43.00,low,night,weekend,clear,bus,no,1,854,multimodal,13.65
SCV20002891,airport,metro_station,17.15,143.00,high,evening,weekday,cloudy,rapido,yes,0,120,direct,475.16
SCV20002892,residential,shopping_area,10.67,40.30,low,afternoon,weekday,clear,bus,no,0,294,direct,31.77
SCV20002893,residential,shopping_area,10.54,39.60,medium,afternoon,weekday,clear,metro,yes,0,8,direct,37.47
SCV20002894,metro_station,office_area,3.79,55.00,medium,morning,weekend,clear,metro,no,1,1327,multimodal,10.00
SCV20002895,college_area,metro_station,5.64,43.80,medium,morning,weekday,rainy,rapido,yes,1,825,multimodal,140.57
SCV20002896,residential,metro_station,3.71,31.00,high,morning,weekday,rainy,auto,yes,0,77,direct,183.38
SCV20002897,commercial,metro_station,6.40,58.00,medium,morning,weekday,clear,rapido,yes,1,1579,multimodal,157.09
SCV20002898,residential,office_area,13.63,71.90,medium,evening,weekday,clear,uber,yes,0,118,direct,770.87
SCV20002899,metro_station,shopping_area,6.77,22.70,low,night,weekend,cloudy,auto,yes,0,78,direct,143.02
SCV20002900,residential,metro_station,3.44,7.70,medium,morning,weekday,cloudy,uber,yes,0,54,direct,223.74
SCV20002901,college_area,metro_station,5.28,37.90,medium,evening,weekday,clear,uber,yes,0,0,direct,386.31
SCV20002902,commercial,residential,7.05,40.00,medium,evening,weekday,clear,ola,yes,0,89,direct,361.59
SCV20002903,college_area,residential,3.20,24.20,medium,morning,weekday,cloudy,auto,yes,0,0,direct,133.75
SCV20002904,metro_station,shopping_area,2.19,12.10,low,night,weekday,clear,auto,no,0,27,direct,84.95
SCV20002905,metro_station,shopping_area,7.27,26.20,medium,morning,weekend,cloudy,uber,yes,0,0,direct,438.12
SCV20002906,residential,metro_station,6.10,60.50,medium,morning,weekday,clear,rapido,yes,2,1014,multimodal,160.32
SCV20002907,residential,metro_station,3.41,63.20,high,evening,weekday,clear,metro,yes,1,1068,multimodal,10.00
SCV20002908,college_area,commercial,4.50,39.30,medium,morning,weekend,clear,auto,yes,1,991,multimodal,188.83
SCV20002909,residential,metro_station,5.24,25.20,low,afternoon,weekend,rainy,auto,no,0,10,direct,140.18
SCV20002910,residential,commercial,10.80,81.80,high,evening,weekday,rainy,ola,yes,0,137,direct,795.52
SCV20002911,college_area,residential,10.41,61.20,high,morning,weekday,rainy,bus,yes,0,40,direct,33.26
SCV20002912,college_area,commercial,3.37,58.50,medium,evening,weekday,clear,uber,yes,2,1554,multimodal,458.10
SCV20002913,commercial,office_area,5.95,63.60,low,evening,weekend,clear,metro,no,3,1554,multimodal,10.00
SCV20002914,residential,metro_station,5.26,26.40,low,afternoon,weekend,clear,rapido,no,0,0,direct,82.66
SCV20002915,metro_station,residential,4.06,22.40,medium,afternoon,weekday,clear,rapido,yes,0,74,direct,96.21
SCV20002916,commercial,residential,4.70,22.50,low,afternoon,weekend,cloudy,rapido,no,0,205,direct,81.64
SCV20002917,metro_station,residential,6.54,51.30,medium,morning,weekday,clear,ola,yes,1,732,multimodal,372.23
SCV20002918,college_area,metro_station,4.38,15.60,low,afternoon,weekday,clear,rapido,no,0,182,direct,78.94
SCV20002919,airport,residential,34.93,150.00,medium,evening,weekday,clear,bus,yes,1,883,multimodal,70.20
SCV20002920,residential,metro_station,7.47,69.00,medium,morning,weekday,clear,bus,yes,2,1793,multimodal,24.42
SCV20002921,commercial,shopping_area,8.36,60.00,low,afternoon,weekday,cloudy,bus,no,1,937,multimodal,36.94
SCV20002922,commercial,shopping_area,6.43,39.40,medium,afternoon,weekday,clear,metro,yes,0,114,direct,18.91
SCV20002923,airport,metro_station,17.32,150.00,high,evening,weekday,rainy,auto,yes,1,650,multimodal,816.49
SCV20002924,airport,residential,32.90,133.50,medium,morning,weekday,clear,bus,yes,1,1048,multimodal,75.85
SCV20002925,college_area,metro_station,4.19,13.60,low,afternoon,weekend,rainy,auto,no,1,65,direct,117.95
SCV20002926,residential,metro_station,7.72,70.30,medium,evening,weekday,clear,metro,yes,1,618,multimodal,40.08
SCV20002927,airport,commercial,29.18,150.00,high,evening,weekday,cloudy,ola,yes,0,148,direct,1500.00
SCV20002928,commercial,office_area,6.62,30.20,medium,morning,weekday,clear,uber,no,0,91,direct,333.50
SCV20002929,commercial,shopping_area,2.79,21.10,medium,evening,weekend,rainy,ola,no,0,20,direct,216.75
SCV20002930,commercial,metro_station,3.81,15.50,medium,afternoon,weekday,cloudy,metro,no,0,39,direct,10.00
SCV20002931,residential,office_area,7.07,39.60,medium,morning,weekday,rainy,auto,yes,0,111,direct,227.22
SCV20002932,residential,metro_station,4.62,34.40,medium,evening,weekend,clear,uber,yes,0,61,direct,364.52
SCV20002933,metro_station,commercial,4.35,43.90,high,evening,weekday,clear,ola,yes,0,18,direct,357.82
SCV20002934,commercial,office_area,7.73,69.70,high,evening,weekday,clear,uber,yes,0,0,direct,689.40
SCV20002935,metro_station,commercial,8.89,31.20,low,afternoon,weekday,clear,metro,no,0,149,direct,10.00
SCV20002936,residential,metro_station,3.55,77.00,medium,afternoon,weekday,clear,bus,yes,3,1911,multimodal,42.83
SCV20002937,metro_station,commercial,8.38,47.20,medium,morning,weekday,clear,ola,yes,0,62,direct,387.15
SCV20002938,commercial,office_area,4.72,53.20,medium,morning,weekday,rainy,metro,no,1,1807,multimodal,10.00
SCV20002939,metro_station,office_area,6.49,25.00,low,afternoon,weekday,clear,rapido,no,0,24,direct,103.58
SCV20002940,metro_station,commercial,3.96,35.70,medium,evening,weekday,rainy,uber,yes,0,97,direct,379.55
SCV20002941,college_area,metro_station,5.19,32.30,medium,evening,weekday,clear,auto,yes,0,0,direct,159.59
SCV20002942,residential,shopping_area,14.44,73.00,medium,afternoon,weekend,cloudy,metro,yes,1,849,multimodal,25.62
SCV20002943,metro_station,office_area,5.38,68.60,medium,evening,weekday,clear,rapido,yes,3,1589,multimodal,185.15
SCV20002944,metro_station,residential,5.84,42.80,medium,evening,weekday,clear,bus,yes,0,189,direct,14.88
SCV20002945,metro_station,residential,3.03,23.90,low,night,weekday,rainy,uber,no,0,3,direct,253.07
SCV20002946,metro_station,office_area,6.45,34.90,medium,morning,weekday,cloudy,ola,yes,0,25,direct,328.22
SCV20002947,commercial,metro_station,5.36,49.70,medium,evening,weekend,clear,rapido,no,1,1427,multimodal,141.56
SCV20002948,college_area,commercial,9.79,31.40,low,afternoon,weekday,clear,auto,no,0,145,direct,178.10
SCV20002949,college_area,metro_station,5.36,35.60,medium,afternoon,weekday,clear,ola,yes,0,157,direct,298.23
SCV20002950,metro_station,shopping_area,5.97,55.40,medium,evening,weekday,clear,auto,yes,1,1029,multimodal,226.90
SCV20002951,residential,shopping_area,3.06,16.10,low,night,weekday,clear,auto,yes,0,73,direct,89.69
SCV20002952,airport,residential,33.50,150.00,high,evening,weekday,clear,rapido,yes,0,0,direct,705.43
SCV20002953,commercial,shopping_area,7.13,33.30,low,evening,weekend,clear,uber,no,0,156,direct,368.39
SCV20002954,commercial,residential,7.47,54.30,low,afternoon,weekend,clear,metro,no,2,1557,multimodal,20.55
SCV20002955,commercial,shopping_area,2.24,17.40,medium,evening,weekday,clear,rapido,yes,0,100,direct,78.56
SCV20002956,college_area,residential,8.73,39.60,medium,afternoon,weekday,clear,uber,yes,0,106,direct,492.79
SCV20002957,airport,residential,31.89,126.90,low,afternoon,weekend,clear,bus,no,3,1434,multimodal,58.39
SCV20002958,residential,metro_station,4.09,23.30,medium,morning,weekend,cloudy,auto,yes,0,98,direct,145.91
SCV20002959,commercial,metro_station,4.17,45.60,medium,afternoon,weekday,clear,uber,no,2,1425,multimodal,397.40
SCV20002960,residential,office_area,9.60,47.60,medium,morning,weekend,clear,ola,yes,0,62,direct,426.45
SCV20002961,commercial,residential,7.24,73.80,high,evening,weekday,rainy,uber,yes,0,114,direct,828.45
SCV20002962,metro_station,commercial,7.66,48.30,high,morning,weekday,rainy,uber,yes,0,175,direct,665.86
SCV20002963,residential,metro_station,5.92,50.50,high,evening,weekday,clear,auto,yes,0,69,direct,245.49
SCV20002964,residential,shopping_area,10.40,40.20,medium,afternoon,weekday,clear,rapido,yes,0,97,direct,173.21
SCV20002965,residential,shopping_area,13.34,34.10,low,night,weekday,rainy,ola,no,0,57,direct,415.17
SCV20002966,college_area,office_area,9.96,58.50,medium,afternoon,weekday,clear,uber,no,2,1418,multimodal,592.72
SCV20002967,college_area,metro_station,6.81,55.50,medium,afternoon,weekday,cloudy,auto,yes,2,808,multimodal,234.04
SCV20002968,residential,office_area,11.49,43.40,medium,morning,weekend,clear,uber,no,0,143,direct,513.35
SCV20002969,college_area,residential,7.29,31.00,low,night,weekday,clear,rapido,no,0,88,direct,128.43
SCV20002970,college_area,commercial,7.95,25.50,low,afternoon,weekday,clear,uber,no,0,35,direct,326.53
SCV20002971,commercial,metro_station,2.59,35.30,medium,morning,weekday,clear,ola,yes,1,734,multimodal,244.44
SCV20002972,airport,office_area,27.63,84.60,low,night,weekend,cloudy,rapido,no,0,57,direct,351.23
SCV20002973,airport,metro_station,27.67,138.00,medium,evening,weekday,cloudy,auto,no,0,94,direct,615.03
SCV20002974,college_area,residential,7.93,30.80,low,afternoon,weekend,clear,rapido,no,0,124,direct,106.11
SCV20002975,metro_station,shopping_area,3.84,46.50,medium,morning,weekday,clear,bus,yes,1,1186,multimodal,10.00
SCV20002976,commercial,office_area,3.46,42.10,medium,afternoon,weekday,clear,bus,yes,1,1084,multimodal,24.48
SCV20002977,residential,shopping_area,12.95,43.50,low,afternoon,weekend,cloudy,auto,no,0,112,direct,266.80
SCV20002978,college_area,residential,3.74,22.80,medium,morning,weekday,clear,rapido,yes,0,55,direct,74.64
SCV20002979,metro_station,office_area,10.62,118.30,high,evening,weekday,clear,ola,yes,3,1032,multimodal,812.56
SCV20002980,commercial,metro_station,8.01,68.10,low,evening,weekend,cloudy,ola,no,2,784,multimodal,388.73
SCV20002981,commercial,shopping_area,5.16,32.70,low,afternoon,weekend,clear,rapido,no,1,1301,multimodal,98.45
SCV20002982,college_area,residential,6.35,46.40,low,evening,weekend,clear,rapido,no,1,1213,multimodal,117.08
SCV20002983,commercial,shopping_area,6.51,43.00,medium,evening,weekday,clear,rapido,yes,0,14,direct,136.57
SCV20002984,airport,commercial,22.69,65.30,low,afternoon,weekend,cloudy,ola,no,0,186,direct,695.32
SCV20002985,commercial,residential,7.66,32.20,low,morning,weekend,clear,uber,no,0,59,direct,379.43
SCV20002986,college_area,commercial,7.87,67.50,low,afternoon,weekday,clear,bus,no,2,2059,multimodal,46.63
SCV20002987,metro_station,residential,6.42,75.40,high,morning,weekday,clear,metro,yes,1,836,multimodal,25.67
SCV20002988,metro_station,commercial,5.46,21.90,medium,afternoon,weekday,rainy,uber,no,1,119,direct,348.03
SCV20002989,metro_station,commercial,5.86,42.90,medium,evening,weekday,cloudy,ola,yes,0,7,direct,332.55
SCV20002990,metro_station,residential,4.63,25.70,medium,morning,weekday,clear,ola,yes,0,109,direct,251.07
SCV20002991,residential,metro_station,5.29,31.40,medium,morning,weekday,cloudy,auto,yes,0,76,direct,146.08
SCV20002992,residential,office_area,4.30,28.20,medium,afternoon,weekend,clear,auto,yes,0,69,direct,136.25
SCV20002993,residential,office_area,6.51,45.40,medium,morning,weekday,clear,uber,yes,0,46,direct,463.03
SCV20002994,college_area,commercial,5.12,19.30,low,afternoon,weekday,rainy,ola,no,0,0,direct,210.37
SCV20002995,residential,office_area,11.48,81.70,medium,morning,weekday,cloudy,bus,yes,2,1635,multimodal,30.63
SCV20002996,commercial,residential,9.36,89.40,low,afternoon,weekday,clear,bus,no,3,1179,multimodal,29.45
SCV20002997,commercial,residential,9.15,58.10,medium,morning,weekday,clear,metro,yes,1,974,multimodal,19.24
SCV20002998,commercial,residential,10.35,25.50,low,night,weekend,clear,ola,no,0,60,direct,334.90
SCV20002999,college_area,commercial,2.94,21.80,low,afternoon,weekday,rainy,uber,no,0,147,direct,207.86
SCV20003000,residential,office_area,5.07,33.70,medium,evening,weekend,cloudy,rapido,no,0,155,direct,96.63
SCV20003001,metro_station,shopping_area,6.12,32.20,medium,evening,weekday,clear,uber,yes,0,79,direct,375.10
SCV20003002,residential,office_area,4.27,29.60,medium,morning,weekday,clear,uber,yes,0,142,direct,344.11
SCV20003003,commercial,shopping_area,7.07,41.40,medium,evening,weekend,cloudy,uber,no,0,17,direct,410.83
SCV20003004,college_area,metro_station,5.70,57.10,high,evening,weekday,clear,ola,yes,0,134,direct,490.33
SCV20003005,commercial,residential,8.19,56.50,low,afternoon,weekday,clear,metro,no,2,1811,multimodal,32.90
SCV20003006,residential,metro_station,2.92,21.50,medium,morning,weekday,clear,uber,yes,0,133,direct,257.67
SCV20003007,college_area,commercial,6.96,50.20,medium,morning,weekday,rainy,ola,yes,3,1258,multimodal,441.18
SCV20003008,residential,metro_station,5.06,71.70,high,evening,weekday,clear,metro,yes,2,1581,multimodal,20.04
SCV20003009,airport,commercial,27.25,133.50,medium,evening,weekday,clear,uber,yes,0,134,direct,1500.00
SCV20003010,metro_station,shopping_area,7.12,33.50,medium,evening,weekday,clear,ola,yes,0,97,direct,344.01
SCV20003011,college_area,residential,11.39,38.70,low,afternoon,weekday,cloudy,ola,no,0,70,direct,367.15
SCV20003012,metro_station,office_area,4.77,54.10,high,evening,weekday,clear,ola,yes,0,79,direct,401.54
SCV20003013,airport,commercial,17.60,52.50,low,night,weekday,clear,uber,no,0,131,direct,730.80
SCV20003014,college_area,office_area,14.66,54.80,low,morning,weekday,clear,auto,no,0,109,direct,272.64
SCV20003015,residential,commercial,4.72,20.20,low,afternoon,weekend,clear,auto,no,0,85,direct,139.71
SCV20003016,metro_station,office_area,4.64,27.20,low,afternoon,weekday,clear,ola,no,0,57,direct,177.21
SCV20003017,residential,shopping_area,8.69,54.40,medium,evening,weekend,clear,rapido,yes,0,49,direct,174.27
SCV20003018,residential,commercial,9.12,29.00,low,night,weekend,clear,rapido,no,0,81,direct,110.85
SCV20003019,airport,residential,26.54,150.00,medium,evening,weekday,clear,metro,yes,3,1475,multimodal,51.10
SCV20003020,commercial,office_area,5.56,33.40,medium,morning,weekend,clear,uber,no,0,128,direct,338.98
SCV20003021,college_area,residential,6.04,60.00,medium,evening,weekday,clear,auto,yes,2,454,multimodal,224.23
SCV20003022,airport,residential,24.02,135.50,medium,evening,weekend,cloudy,auto,no,1,1082,multimodal,596.18
SCV20003023,metro_station,residential,5.00,65.80,medium,evening,weekday,clear,metro,no,1,1284,multimodal,15.27
SCV20003024,metro_station,commercial,1.77,43.70,medium,morning,weekday,clear,metro,yes,1,972,multimodal,33.03
SCV20003025,college_area,residential,6.58,65.80,medium,evening,weekday,clear,metro,yes,1,1492,multimodal,10.00
SCV20003026,residential,shopping_area,5.82,36.40,medium,evening,weekday,clear,auto,yes,0,211,direct,195.66
SCV20003027,commercial,office_area,7.23,83.10,medium,evening,weekday,clear,rapido,yes,3,1645,multimodal,202.49
SCV20003028,airport,office_area,16.38,150.00,high,evening,weekday,rainy,bus,yes,2,1344,multimodal,58.36
SCV20003029,commercial,metro_station,5.52,79.80,high,evening,weekday,rainy,uber,yes,1,675,multimodal,795.63
SCV20003030,college_area,commercial,8.65,88.90,high,evening,weekday,rainy,metro,yes,1,527,multimodal,35.01
SCV20003031,airport,residential,26.38,139.90,medium,morning,weekday,cloudy,metro,no,2,1524,multimodal,50.66
SCV20003032,residential,metro_station,4.64,53.80,medium,evening,weekend,cloudy,bus,yes,1,833,multimodal,17.34
SCV20003033,residential,office_area,7.29,76.60,high,evening,weekday,clear,ola,yes,0,107,direct,567.70
SCV20003034,metro_station,residential,6.22,55.90,medium,afternoon,weekday,clear,auto,yes,2,1000,multimodal,234.22
SCV20003035,metro_station,shopping_area,6.88,31.00,medium,morning,weekday,cloudy,rapido,yes,0,92,direct,122.44
SCV20003036,commercial,office_area,4.22,64.70,low,morning,weekend,cloudy,metro,no,2,1827,multimodal,22.27
SCV20003037,commercial,office_area,5.08,56.00,medium,morning,weekday,cloudy,auto,yes,3,286,multimodal,212.97
SCV20003038,airport,office_area,18.86,94.40,medium,evening,weekend,clear,ola,no,0,65,direct,781.03
SCV20003039,residential,office_area,9.16,44.00,medium,morning,weekday,clear,uber,yes,0,5,direct,519.83
SCV20003040,metro_station,residential,2.90,27.30,medium,morning,weekday,clear,ola,yes,0,76,direct,191.00
SCV20003041,commercial,office_area,9.58,103.50,high,evening,weekday,clear,bus,yes,1,644,multimodal,47.34
SCV20003042,residential,shopping_area,6.58,22.60,low,night,weekday,clear,rapido,yes,0,41,direct,97.67
SCV20003043,metro_station,residential,4.37,48.40,high,evening,weekday,cloudy,rapido,yes,0,83,direct,137.59
SCV20003044,commercial,residential,4.83,53.00,high,evening,weekday,rainy,uber,yes,0,147,direct,636.92
SCV20003045,metro_station,commercial,3.11,54.40,medium,evening,weekend,clear,bus,yes,1,1032,multimodal,45.57
SCV20003046,commercial,residential,8.97,25.30,low,night,weekend,clear,bus,no,0,147,direct,25.46
SCV20003047,residential,shopping_area,8.78,35.30,medium,morning,weekday,cloudy,metro,yes,0,306,direct,23.90
SCV20003048,college_area,metro_station,5.75,14.30,low,afternoon,weekday,clear,rapido,no,0,184,direct,66.50
SCV20003049,metro_station,shopping_area,6.29,20.70,low,afternoon,weekend,clear,auto,no,0,92,direct,110.66
SCV20003050,commercial,shopping_area,8.42,26.30,low,afternoon,weekday,cloudy,rapido,no,0,38,direct,99.37
SCV20003051,college_area,metro_station,6.48,16.10,medium,afternoon,weekday,cloudy,uber,no,0,179,direct,317.44
SCV20003052,metro_station,commercial,6.12,62.90,medium,afternoon,weekday,cloudy,auto,yes,2,1394,multimodal,268.48
SCV20003053,residential,commercial,10.93,49.40,low,afternoon,weekend,clear,bus,no,1,727,multimodal,10.82
SCV20003054,residential,metro_station,6.62,29.30,medium,afternoon,weekday,rainy,uber,no,1,28,direct,394.39
SCV20003055,commercial,office_area,7.21,58.00,high,evening,weekday,cloudy,rapido,yes,0,136,direct,229.58
SCV20003056,airport,metro_station,19.41,71.30,low,night,weekend,clear,auto,no,1,747,multimodal,405.34
SCV20003057,metro_station,residential,2.23,51.10,high,evening,weekday,rainy,uber,yes,1,830,multimodal,487.10
SCV20003058,residential,office_area,8.41,40.50,medium,morning,weekday,rainy,ola,no,0,142,direct,363.96
SCV20003059,college_area,residential,4.29,34.70,medium,morning,weekday,cloudy,auto,yes,0,43,direct,153.48
SCV20003060,commercial,metro_station,8.25,52.60,medium,morning,weekday,clear,auto,yes,1,612,multimodal,238.66
SCV20003061,metro_station,shopping_area,4.89,33.60,medium,afternoon,weekday,cloudy,rapido,yes,0,133,direct,109.52
SCV20003062,airport,metro_station,24.75,74.20,low,afternoon,weekday,clear,ola,no,0,43,direct,748.88
SCV20003063,college_area,metro_station,6.27,48.90,medium,morning,weekday,clear,bus,yes,1,678,multimodal,21.66
SCV20003064,college_area,commercial,5.19,26.70,medium,morning,weekday,clear,bus,yes,0,98,direct,25.08
SCV20003065,airport,commercial,31.70,150.00,high,evening,weekday,cloudy,bus,yes,2,1662,multimodal,84.55
SCV20003066,residential,commercial,10.04,63.30,medium,evening,weekday,cloudy,ola,yes,0,50,direct,453.97
SCV20003067,college_area,office_area,8.29,34.10,medium,morning,weekday,clear,ola,yes,0,0,direct,411.99
SCV20003068,airport,office_area,14.91,76.00,medium,evening,weekday,clear,uber,yes,0,102,direct,901.81
SCV20003069,airport,office_area,25.83,72.30,low,night,weekday,rainy,ola,no,0,17,direct,849.35
SCV20003070,commercial,office_area,4.45,28.10,medium,evening,weekday,cloudy,ola,no,0,63,direct,241.11
SCV20003071,college_area,residential,8.66,28.40,low,night,weekday,cloudy,rapido,no,0,137,direct,97.87
SCV20003072,commercial,shopping_area,6.43,30.50,medium,afternoon,weekday,clear,rapido,yes,0,45,direct,120.80
SCV20003073,college_area,metro_station,4.92,18.10,low,night,weekend,clear,uber,no,1,784,multimodal,256.15
SCV20003074,metro_station,office_area,7.22,44.30,medium,evening,weekday,clear,auto,yes,0,28,direct,202.16
SCV20003075,college_area,residential,6.48,56.10,low,afternoon,weekday,clear,metro,no,1,1625,multimodal,22.79
SCV20003076,college_area,metro_station,6.37,38.20,low,afternoon,weekend,clear,metro,no,1,1007,multimodal,45.26
SCV20003077,commercial,shopping_area,6.56,30.30,low,night,weekday,clear,rapido,no,0,178,direct,86.95
SCV20003078,commercial,shopping_area,10.16,58.00,low,morning,weekend,cloudy,bus,no,1,1426,multimodal,10.00
SCV20003079,residential,metro_station,3.51,48.40,medium,evening,weekday,clear,metro,yes,1,1432,multimodal,31.17
SCV20003080,commercial,shopping_area,9.85,88.90,high,evening,weekday,rainy,ola,yes,0,152,direct,777.74
SCV20003081,residential,shopping_area,10.83,42.60,medium,evening,weekday,clear,bus,yes,0,159,direct,21.61
SCV20003082,commercial,metro_station,3.58,17.30,medium,morning,weekday,clear,ola,yes,0,109,direct,207.35
SCV20003083,commercial,metro_station,6.75,48.30,medium,evening,weekend,rainy,ola,no,0,184,direct,434.65
SCV20003084,residential,office_area,11.53,64.00,medium,evening,weekend,cloudy,ola,yes,0,72,direct,515.27
SCV20003085,college_area,office_area,8.97,52.10,medium,morning,weekday,cloudy,bus,yes,1,1137,multimodal,40.37
SCV20003086,residential,metro_station,4.05,40.20,medium,morning,weekend,clear,uber,no,2,692,multimodal,362.98
SCV20003087,residential,commercial,7.34,46.90,medium,evening,weekday,rainy,rapido,no,0,68,direct,131.76
SCV20003088,college_area,commercial,8.08,55.00,low,afternoon,weekday,clear,metro,no,2,1643,multimodal,19.07
SCV20003089,metro_station,office_area,12.65,76.80,low,night,weekend,clear,uber,no,3,1655,multimodal,643.83
SCV20003090,airport,commercial,17.31,75.40,low,night,weekday,clear,uber,no,3,1307,multimodal,759.72
SCV20003091,residential,commercial,7.74,21.10,low,night,weekend,rainy,rapido,no,0,117,direct,136.35
SCV20003092,airport,metro_station,31.23,100.30,low,night,weekend,clear,ola,no,1,449,multimodal,930.90
SCV20003093,commercial,shopping_area,5.31,57.40,high,evening,weekday,clear,uber,yes,0,185,direct,556.14
SCV20003094,college_area,commercial,6.36,23.40,low,night,weekday,clear,rapido,yes,0,133,direct,99.10
SCV20003095,residential,metro_station,6.09,21.40,medium,afternoon,weekday,clear,ola,yes,0,91,direct,269.44
SCV20003096,residential,commercial,3.75,20.90,medium,morning,weekday,clear,auto,yes,0,0,direct,122.09
SCV20003097,college_area,residential,7.33,68.10,low,afternoon,weekday,clear,metro,no,2,1634,multimodal,13.73
SCV20003098,residential,metro_station,4.25,27.60,medium,afternoon,weekday,cloudy,ola,yes,0,48,direct,266.61
SCV20003099,commercial,office_area,5.00,51.20,high,evening,weekday,clear,rapido,yes,0,14,direct,147.09
SCV20003100,commercial,metro_station,5.17,30.30,medium,morning,weekday,clear,uber,no,0,0,direct,317.48
SCV20003101,college_area,metro_station,4.62,9.10,low,night,weekend,rainy,rapido,no,0,51,direct,62.31
SCV20003102,residential,office_area,3.81,34.10,high,evening,weekday,clear,uber,yes,0,0,direct,434.75
SCV20003103,residential,shopping_area,7.51,43.10,medium,afternoon,weekday,cloudy,ola,no,0,108,direct,355.35
SCV20003104,airport,metro_station,29.06,110.60,medium,afternoon,weekday,clear,bus,yes,0,169,direct,59.54
SCV20003105,residential,office_area,13.57,133.50,high,evening,weekday,cloudy,ola,yes,2,1338,multimodal,985.55
SCV20003106,metro_station,residential,3.08,45.10,medium,morning,weekday,cloudy,auto,yes,1,1044,multimodal,194.86
SCV20003107,residential,metro_station,4.36,64.80,medium,evening,weekday,clear,ola,yes,2,1290,multimodal,376.21
SCV20003108,residential,metro_station,3.57,60.40,medium,evening,weekday,clear,rapido,yes,3,1740,multimodal,128.45
SCV20003109,residential,office_area,9.19,40.70,medium,morning,weekday,clear,rapido,yes,0,43,direct,181.80
SCV20003110,commercial,office_area,6.81,35.50,medium,evening,weekday,clear,metro,yes,0,116,direct,17.75
SCV20003111,commercial,office_area,5.58,53.90,high,evening,weekday,cloudy,rapido,yes,0,244,direct,156.56
SCV20003112,residential,metro_station,5.73,82.30,high,evening,weekday,cloudy,uber,yes,2,1400,multimodal,767.13
SCV20003113,residential,office_area,13.78,37.80,low,night,weekday,clear,rapido,no,0,66,direct,167.68
SCV20003114,airport,commercial,19.79,62.50,low,afternoon,weekend,clear,uber,no,0,95,direct,793.77
SCV20003115,metro_station,office_area,7.90,30.40,medium,afternoon,weekday,cloudy,ola,no,0,162,direct,384.11
SCV20003116,commercial,office_area,4.80,77.40,high,evening,weekday,clear,rapido,yes,2,893,multimodal,214.43
SCV20003117,college_area,residential,5.06,44.60,low,afternoon,weekday,clear,metro,no,1,1087,multimodal,10.00
SCV20003118,residential,commercial,5.40,12.90,low,night,weekday,clear,bus,no,0,298,direct,11.27
SCV20003119,metro_station,office_area,10.17,86.80,high,evening,weekday,clear,bus,yes,0,160,direct,38.20
SCV20003120,commercial,office_area,11.16,32.50,low,afternoon,weekday,clear,uber,no,0,28,direct,460.93
SCV20003121,airport,commercial,28.45,64.60,low,night,weekday,clear,ola,no,1,92,direct,804.05
SCV20003122,college_area,office_area,14.72,83.30,medium,morning,weekday,clear,rapido,yes,2,1950,multimodal,267.41
SCV20003123,residential,office_area,7.99,67.20,medium,morning,weekday,cloudy,metro,yes,1,1467,multimodal,22.55
SCV20003124,airport,office_area,25.82,139.90,medium,evening,weekday,cloudy,rapido,no,1,628,multimodal,414.21
SCV20003125,residential,shopping_area,10.44,44.50,medium,morning,weekday,cloudy,rapido,yes,0,112,direct,181.88
SCV20003126,college_area,commercial,8.84,45.70,medium,morning,weekday,rainy,ola,yes,0,26,direct,459.09
SCV20003127,metro_station,commercial,4.63,41.80,medium,evening,weekday,clear,bus,yes,0,186,direct,10.00
SCV20003128,college_area,commercial,8.45,28.40,low,afternoon,weekday,cloudy,ola,no,0,133,direct,269.54
SCV20003129,college_area,office_area,9.21,55.60,medium,morning,weekend,clear,metro,yes,1,1062,multimodal,27.48
SCV20003130,airport,office_area,20.24,61.30,low,night,weekend,clear,uber,no,0,42,direct,798.13
SCV20003131,metro_station,residential,4.66,50.40,high,evening,weekday,cloudy,auto,yes,0,48,direct,228.48
SCV20003132,commercial,residential,7.40,59.30,medium,evening,weekend,rainy,rapido,yes,1,1051,multimodal,163.85
SCV20003133,airport,metro_station,23.04,125.20,medium,evening,weekday,cloudy,rapido,no,1,389,multimodal,376.35
SCV20003134,metro_station,commercial,4.02,41.20,high,evening,weekday,cloudy,ola,yes,0,51,direct,360.96
SCV20003135,residential,commercial,6.73,14.60,low,night,weekend,cloudy,ola,no,0,59,direct,239.86
SCV20003136,airport,commercial,28.80,150.00,high,evening,weekday,clear,uber,yes,1,818,multimodal,1500.00
SCV20003137,airport,office_area,31.90,150.00,high,evening,weekday,cloudy,uber,yes,0,56,direct,1500.00
SCV20003138,residential,shopping_area,7.74,57.60,low,afternoon,weekend,clear,metro,no,2,1083,multimodal,21.50
SCV20003139,commercial,residential,9.27,52.90,low,afternoon,weekend,rainy,metro,no,1,956,multimodal,27.00
SCV20003140,residential,metro_station,5.63,33.50,medium,morning,weekday,clear,uber,yes,0,150,direct,367.64
SCV20003141,metro_station,shopping_area,1.92,10.40,medium,afternoon,weekday,clear,ola,yes,0,133,direct,161.80
SCV20003142,airport,office_area,28.94,150.00,high,evening,weekday,rainy,uber,yes,0,69,direct,1500.00
SCV20003143,residential,commercial,5.44,32.20,medium,morning,weekday,clear,ola,no,0,0,direct,255.00
SCV20003144,residential,metro_station,3.97,70.20,high,evening,weekday,rainy,metro,yes,1,1514,multimodal,32.92
SCV20003145,residential,metro_station,6.85,66.00,high,evening,weekday,cloudy,ola,yes,0,174,direct,531.60
SCV20003146,college_area,metro_station,3.30,15.00,low,afternoon,weekday,cloudy,rapido,no,0,40,direct,50.55
SCV20003147,commercial,residential,8.51,38.10,medium,evening,weekday,clear,ola,yes,0,3,direct,393.93
SCV20003148,airport,commercial,20.94,105.40,medium,evening,weekday,cloudy,metro,yes,0,186,direct,35.95
SCV20003149,college_area,metro_station,4.17,31.40,medium,morning,weekday,cloudy,ola,yes,0,42,direct,231.93
SCV20003150,metro_station,commercial,4.62,52.70,high,evening,weekday,clear,uber,yes,0,43,direct,551.25
SCV20003151,college_area,metro_station,4.29,36.80,medium,evening,weekday,clear,ola,yes,0,67,direct,290.99
SCV20003152,metro_station,residential,5.59,44.90,medium,afternoon,weekday,cloudy,bus,yes,1,1260,multimodal,24.17
SCV20003153,commercial,metro_station,9.73,69.40,medium,morning,weekday,rainy,metro,yes,1,1221,multimodal,33.34
SCV20003154,residential,commercial,8.88,39.40,medium,night,weekday,rainy,auto,yes,0,0,direct,249.65
SCV20003155,residential,commercial,6.17,22.10,low,afternoon,weekend,clear,auto,no,1,108,direct,115.34
SCV20003156,residential,office_area,6.83,38.30,medium,morning,weekday,cloudy,uber,yes,1,248,direct,441.93
SCV20003157,metro_station,residential,3.73,51.30,medium,evening,weekday,clear,auto,yes,2,1016,multimodal,184.86
SCV20003158,residential,commercial,9.98,87.40,medium,evening,weekday,clear,metro,yes,2,1590,multimodal,45.28
SCV20003159,commercial,shopping_area,8.27,29.70,medium,morning,weekday,clear,metro,yes,0,173,direct,13.58
SCV20003160,commercial,residential,7.38,36.40,low,afternoon,weekday,clear,rapido,no,0,0,direct,114.58
SCV20003161,college_area,residential,6.27,55.10,medium,evening,weekday,clear,uber,yes,1,692,multimodal,511.38
SCV20003162,college_area,metro_station,5.37,23.60,low,afternoon,weekend,clear,bus,yes,0,71,direct,20.04
SCV20003163,residential,office_area,17.01,75.90,medium,morning,weekday,clear,uber,yes,1,541,multimodal,889.68
SCV20003164,residential,commercial,9.82,30.30,low,afternoon,weekday,clear,ola,no,0,118,direct,357.45
SCV20003165,college_area,residential,5.30,24.60,medium,morning,weekday,clear,ola,yes,0,0,direct,261.80
SCV20003166,residential,office_area,11.26,91.90,high,evening,weekday,cloudy,auto,yes,0,83,direct,449.43
SCV20003167,airport,office_area,27.99,109.70,low,afternoon,weekday,cloudy,uber,no,2,1259,multimodal,1241.12
SCV20003168,commercial,metro_station,4.31,10.10,low,afternoon,weekday,clear,rapido,no,0,65,direct,47.89
SCV20003169,residential,shopping_area,8.58,22.60,low,afternoon,weekday,clear,rapido,yes,0,0,direct,135.48
SCV20003170,residential,shopping_area,7.79,51.40,medium,evening,weekend,cloudy,bus,no,0,128,direct,17.23
SCV20003171,college_area,residential,10.70,26.10,low,afternoon,weekday,clear,uber,no,0,117,direct,399.81
SCV20003172,commercial,shopping_area,4.06,27.20,medium,morning,weekday,clear,bus,yes,1,68,direct,32.49
SCV20003173,airport,residential,27.05,144.90,medium,evening,weekend,rainy,auto,yes,0,97,direct,746.12
SCV20003174,commercial,residential,7.06,40.00,medium,evening,weekend,cloudy,bus,yes,0,269,direct,28.70
SCV20003175,residential,office_area,9.06,60.90,medium,morning,weekday,clear,ola,no,1,1092,multimodal,406.64
SCV20003176,airport,residential,30.13,150.00,medium,evening,weekday,clear,rapido,no,1,641,multimodal,445.85
SCV20003177,metro_station,shopping_area,1.98,67.50,medium,morning,weekday,cloudy,bus,no,3,1562,multimodal,10.00
SCV20003178,metro_station,office_area,4.49,49.40,high,evening,weekday,cloudy,rapido,yes,0,59,direct,121.47
SCV20003179,commercial,metro_station,6.20,60.80,medium,night,weekend,cloudy,bus,yes,2,1077,multimodal,24.52
SCV20003180,commercial,office_area,3.82,69.80,high,evening,weekday,cloudy,ola,yes,1,894,multimodal,467.52
SCV20003181,commercial,shopping_area,3.71,11.40,low,morning,weekend,clear,rapido,no,0,20,direct,76.20
SCV20003182,metro_station,shopping_area,6.08,27.00,low,morning,weekend,clear,bus,no,0,276,direct,10.00
SCV20003183,commercial,office_area,2.78,33.40,medium,morning,weekday,clear,ola,yes,0,0,direct,230.87
SCV20003184,college_area,office_area,10.52,45.90,medium,morning,weekend,clear,auto,yes,0,189,direct,271.41
SCV20003185,commercial,residential,4.77,49.10,medium,morning,weekday,clear,auto,no,1,680,multimodal,166.82
SCV20003186,college_area,office_area,10.58,31.20,low,afternoon,weekday,clear,uber,no,0,18,direct,447.13
SCV20003187,residential,office_area,9.90,64.60,medium,evening,weekday,clear,metro,yes,1,686,multimodal,24.11
SCV20003188,commercial,metro_station,7.13,71.70,high,morning,weekday,cloudy,metro,yes,1,1136,multimodal,27.97
SCV20003189,residential,metro_station,5.56,31.50,medium,morning,weekday,clear,ola,yes,0,46,direct,295.80
SCV20003190,college_area,commercial,6.05,19.50,low,night,weekday,clear,ola,no,0,30,direct,251.18
SCV20003191,airport,office_area,19.40,67.70,medium,afternoon,weekday,rainy,rapido,yes,0,43,direct,337.88
SCV20003192,residential,commercial,11.58,34.10,low,afternoon,weekday,rainy,bus,no,0,246,direct,10.00
SCV20003193,commercial,office_area,5.71,31.00,medium,evening,weekday,clear,ola,yes,0,114,direct,279.49
SCV20003194,commercial,residential,7.30,27.40,low,night,weekday,clear,rapido,no,0,122,direct,93.18
SCV20003195,metro_station,residential,5.77,24.60,medium,afternoon,weekday,rainy,rapido,no,0,48,direct,95.72
SCV20003196,residential,metro_station,6.82,31.90,medium,afternoon,weekday,cloudy,auto,yes,0,50,direct,209.26
SCV20003197,residential,metro_station,5.73,31.40,medium,morning,weekday,cloudy,bus,yes,0,174,direct,30.17
SCV20003198,commercial,residential,7.10,28.70,medium,afternoon,weekday,clear,rapido,yes,0,121,direct,124.71
SCV20003199,commercial,office_area,6.83,49.70,low,afternoon,weekday,clear,bus,no,1,853,multimodal,31.31
SCV20003200,metro_station,commercial,7.11,79.70,medium,morning,weekday,clear,metro,yes,3,1818,multimodal,25.90
SCV20003201,residential,office_area,11.41,50.80,medium,morning,weekday,clear,ola,no,0,39,direct,423.52
SCV20003202,metro_station,commercial,6.22,50.40,medium,morning,weekend,cloudy,metro,yes,1,1236,multimodal,14.32
SCV20003203,commercial,metro_station,4.48,28.90,medium,morning,weekday,cloudy,auto,no,0,107,direct,136.25
SCV20003204,residential,office_area,12.47,101.10,high,evening,weekday,rainy,uber,yes,0,75,direct,1163.53
SCV20003205,airport,commercial,27.80,114.00,low,evening,weekend,clear,bus,no,0,383,direct,46.42
SCV20003206,commercial,office_area,10.80,97.30,high,evening,weekday,clear,uber,yes,0,11,direct,1016.40
SCV20003207,residential,office_area,10.78,78.70,medium,morning,weekday,clear,bus,yes,2,1305,multimodal,28.30
SCV20003208,residential,metro_station,1.90,15.80,medium,morning,weekday,cloudy,uber,yes,0,66,direct,227.37
SCV20003209,metro_station,office_area,7.25,57.50,low,morning,weekend,clear,metro,no,2,926,multimodal,25.16
SCV20003210,airport,residential,24.72,98.40,medium,morning,weekend,clear,rapido,no,0,184,direct,347.27
SCV20003211,residential,commercial,5.33,14.20,low,night,weekday,clear,rapido,no,0,8,direct,51.58
SCV20003212,airport,office_area,15.14,121.60,high,evening,weekday,cloudy,ola,yes,0,62,direct,1008.26
SCV20003213,residential,shopping_area,4.41,31.30,medium,evening,weekday,clear,ola,yes,0,97,direct,258.57
SCV20003214,commercial,office_area,8.89,43.60,medium,morning,weekday,clear,bus,yes,0,262,direct,15.07
SCV20003215,commercial,office_area,7.68,46.70,medium,morning,weekday,clear,auto,yes,1,91,direct,235.57
SCV20003216,commercial,shopping_area,2.51,19.20,medium,morning,weekday,clear,metro,yes,0,240,direct,10.00
SCV20003217,metro_station,shopping_area,5.40,16.60,low,afternoon,weekday,clear,ola,no,0,38,direct,181.81
SCV20003218,residential,commercial,9.02,31.50,low,night,weekday,cloudy,auto,no,0,153,direct,160.41
SCV20003219,residential,metro_station,2.81,29.30,medium,evening,weekday,clear,uber,yes,1,675,multimodal,282.41
SCV20003220,airport,commercial,17.00,55.90,low,night,weekday,clear,bus,no,0,264,direct,23.55
SCV20003221,residential,office_area,5.50,67.00,medium,morning,weekday,rainy,ola,yes,2,980,multimodal,457.99
SCV20003222,metro_station,residential,3.17,13.80,medium,morning,weekday,rainy,ola,no,0,0,direct,163.44
SCV20003223,metro_station,residential,4.63,24.30,medium,morning,weekday,clear,bus,yes,0,135,direct,15.25
SCV20003224,metro_station,shopping_area,1.91,26.30,medium,evening,weekday,rainy,ola,yes,0,99,direct,223.75
SCV20003225,college_area,residential,5.98,27.80,low,morning,weekend,clear,metro,no,0,194,direct,18.50
SCV20003226,metro_station,residential,3.25,48.10,low,night,weekend,rainy,bus,no,1,1309,multimodal,10.00
SCV20003227,residential,metro_station,3.34,18.60,medium,morning,weekday,clear,bus,yes,0,367,direct,10.00
SCV20003228,commercial,shopping_area,4.26,41.80,high,evening,weekday,clear,ola,yes,0,105,direct,356.57
SCV20003229,metro_station,residential,3.67,15.30,low,afternoon,weekend,clear,uber,no,0,122,direct,219.39
SCV20003230,metro_station,shopping_area,3.53,39.70,high,evening,weekday,rainy,uber,yes,0,72,direct,494.33
SCV20003231,commercial,office_area,6.87,30.80,medium,morning,weekday,clear,auto,yes,1,106,direct,178.16
SCV20003232,metro_station,commercial,3.56,22.20,medium,morning,weekday,clear,ola,yes,0,109,direct,221.12
SCV20003233,metro_station,office_area,6.24,25.10,medium,morning,weekday,clear,uber,yes,0,138,direct,370.79
SCV20003234,commercial,metro_station,5.39,52.70,high,evening,weekday,cloudy,auto,yes,0,123,direct,260.20
SCV20003235,commercial,shopping_area,6.79,32.10,low,morning,weekend,clear,auto,no,0,217,direct,127.33
SCV20003236,residential,metro_station,2.78,19.70,medium,evening,weekend,clear,ola,yes,0,63,direct,191.24
SCV20003237,residential,metro_station,1.18,42.70,medium,morning,weekday,clear,auto,yes,2,785,multimodal,127.69
SCV20003238,airport,residential,22.26,82.70,medium,afternoon,weekday,clear,uber,no,0,110,direct,1011.34
SCV20003239,commercial,office_area,10.10,91.50,high,evening,weekday,rainy,uber,yes,1,26,direct,1074.82
SCV20003240,airport,office_area,23.05,143.30,medium,evening,weekday,clear,bus,no,1,1530,multimodal,42.57
SCV20003241,commercial,metro_station,2.37,10.60,low,afternoon,weekday,clear,uber,no,0,192,direct,143.64
SCV20003242,commercial,shopping_area,8.01,22.00,low,morning,weekend,clear,auto,no,0,38,direct,164.69
SCV20003243,commercial,office_area,2.18,26.10,high,evening,weekday,cloudy,uber,yes,0,132,direct,371.59
SCV20003244,metro_station,office_area,6.42,29.70,low,afternoon,weekday,clear,ola,no,0,60,direct,255.66
SCV20003245,residential,metro_station,1.74,22.50,medium,morning,weekday,clear,metro,yes,0,136,direct,14.09
SCV20003246,commercial,metro_station,4.70,27.70,medium,evening,weekday,clear,ola,yes,0,0,direct,278.41
SCV20003247,commercial,shopping_area,8.46,21.80,low,night,weekday,clear,ola,no,1,131,direct,269.49
SCV20003248,college_area,commercial,3.13,9.80,low,afternoon,weekday,clear,rapido,no,0,80,direct,43.75
SCV20003249,residential,metro_station,6.69,26.20,medium,morning,weekday,clear,metro,yes,0,223,direct,22.94
SCV20003250,airport,residential,31.61,89.30,low,night,weekday,clear,uber,no,0,182,direct,1203.08
SCV20003251,residential,commercial,7.18,69.20,medium,evening,weekday,clear,bus,yes,1,933,multimodal,20.67
SCV20003252,residential,shopping_area,8.49,67.40,medium,evening,weekday,clear,auto,no,1,1264,multimodal,252.52
SCV20003253,college_area,office_area,4.54,30.20,medium,morning,weekday,rainy,bus,yes,0,138,direct,12.83
SCV20003254,airport,commercial,30.57,150.00,medium,evening,weekend,rainy,metro,no,1,1131,multimodal,70.46
SCV20003255,metro_station,residential,8.02,78.60,high,morning,weekday,rainy,metro,yes,1,1049,multimodal,21.41
SCV20003256,airport,commercial,18.92,106.00,medium,evening,weekday,clear,metro,yes,0,213,direct,36.89
SCV20003257,residential,shopping_area,8.73,66.90,medium,afternoon,weekday,clear,bus,no,1,1166,multimodal,39.60
SCV20003258,metro_station,shopping_area,3.12,18.00,medium,morning,weekday,rainy,metro,yes,0,365,direct,28.72
SCV20003259,commercial,metro_station,4.20,23.00,low,morning,weekend,clear,metro,no,1,196,direct,10.85
SCV20003260,airport,metro_station,27.97,76.80,low,night,weekend,rainy,uber,no,0,180,direct,1209.75
SCV20003261,residential,commercial,10.65,40.20,low,evening,weekend,clear,rapido,no,0,99,direct,146.59
SCV20003262,metro_station,office_area,5.54,37.30,medium,morning,weekday,clear,uber,yes,0,40,direct,374.47
SCV20003263,metro_station,commercial,4.54,76.20,high,evening,weekday,clear,metro,yes,2,676,multimodal,16.62
SCV20003264,commercial,office_area,7.61,37.70,medium,morning,weekend,rainy,uber,no,0,179,direct,465.05
SCV20003265,residential,metro_station,4.65,25.80,low,afternoon,weekday,clear,metro,no,0,134,direct,23.57
SCV20003266,metro_station,residential,3.22,10.90,low,night,weekend,cloudy,bus,no,0,147,direct,39.24
SCV20003267,airport,office_area,30.90,88.70,low,night,weekday,clear,ola,no,0,134,direct,868.68
SCV20003268,metro_station,shopping_area,3.31,28.60,medium,evening,weekday,cloudy,ola,yes,0,138,direct,236.73
SCV20003269,airport,commercial,20.87,105.60,medium,evening,weekend,cloudy,bus,no,0,198,direct,44.60
SCV20003270,college_area,residential,6.60,41.60,medium,evening,weekday,cloudy,rapido,no,0,165,direct,112.96
SCV20003271,commercial,office_area,7.01,37.90,medium,morning,weekday,clear,rapido,yes,0,26,direct,148.53
SCV20003272,metro_station,shopping_area,5.47,55.20,high,evening,weekday,clear,metro,yes,1,202,direct,24.10
SCV20003273,residential,commercial,10.43,62.70,low,afternoon,weekend,rainy,bus,no,1,1360,multimodal,40.91
SCV20003274,college_area,commercial,7.91,44.80,low,afternoon,weekend,clear,ola,no,1,800,multimodal,308.72
SCV20003275,commercial,shopping_area,7.99,66.90,medium,evening,weekend,clear,rapido,yes,2,1232,multimodal,179.58
SCV20003276,residential,office_area,12.02,59.70,medium,evening,weekend,clear,rapido,no,0,52,direct,186.07
SCV20003277,metro_station,residential,8.25,50.80,medium,morning,weekday,clear,uber,yes,1,670,multimodal,557.45
SCV20003278,residential,shopping_area,3.84,26.20,medium,afternoon,weekday,cloudy,auto,yes,0,1,direct,137.96
SCV20003279,residential,office_area,9.38,30.10,low,afternoon,weekend,clear,auto,no,0,18,direct,178.63
SCV20003280,commercial,residential,6.49,48.20,low,afternoon,weekday,clear,rapido,no,2,891,multimodal,142.70
SCV20003281,airport,commercial,29.38,150.00,medium,evening,weekend,clear,auto,no,1,963,multimodal,707.31
SCV20003282,commercial,metro_station,6.14,50.00,medium,morning,weekday,cloudy,auto,yes,1,1155,multimodal,208.57
SCV20003283,college_area,commercial,8.36,23.30,low,afternoon,weekday,clear,ola,no,0,41,direct,255.32
SCV20003284,commercial,residential,6.90,32.00,low,morning,weekend,cloudy,uber,no,0,21,direct,346.35
SCV20003285,airport,residential,32.28,79.10,low,night,weekday,cloudy,uber,no,0,47,direct,1186.85
SCV20003286,residential,office_area,10.10,32.70,medium,night,weekday,clear,ola,yes,0,114,direct,407.39
SCV20003287,college_area,office_area,7.77,40.30,medium,afternoon,weekday,rainy,uber,no,0,131,direct,465.16
SCV20003288,metro_station,commercial,3.23,23.20,medium,evening,weekday,clear,rapido,yes,0,69,direct,87.94
SCV20003289,metro_station,office_area,11.07,92.20,high,evening,weekday,cloudy,metro,yes,0,208,direct,30.21
SCV20003290,college_area,metro_station,3.15,22.50,medium,morning,weekday,rainy,auto,yes,0,17,direct,122.21
SCV20003291,college_area,metro_station,4.04,18.90,medium,morning,weekday,rainy,metro,no,0,302,direct,28.77
SCV20003292,college_area,commercial,4.84,21.20,low,night,weekend,clear,bus,no,0,20,direct,10.28
SCV20003293,commercial,shopping_area,8.49,93.80,high,evening,weekday,rainy,metro,yes,1,1204,multimodal,17.24
SCV20003294,college_area,residential,8.10,41.10,medium,evening,weekend,cloudy,rapido,no,0,101,direct,148.73
SCV20003295,residential,metro_station,3.57,39.10,high,morning,weekday,rainy,ola,yes,0,57,direct,398.80
SCV20003296,airport,residential,24.70,65.90,low,afternoon,weekday,clear,ola,no,0,95,direct,733.53
SCV20003297,residential,commercial,8.59,50.90,medium,evening,weekday,cloudy,auto,yes,0,160,direct,238.79
SCV20003298,commercial,residential,9.71,22.60,low,night,weekday,cloudy,ola,no,0,112,direct,300.87
SCV20003299,college_area,residential,11.45,36.50,low,afternoon,weekday,clear,uber,no,0,53,direct,478.10
SCV20003300,residential,commercial,10.35,108.60,high,evening,weekday,cloudy,auto,yes,2,1256,multimodal,485.33
SCV20003301,commercial,shopping_area,4.38,56.50,medium,evening,weekend,clear,metro,yes,2,1219,multimodal,33.80
SCV20003302,airport,commercial,21.62,81.60,medium,afternoon,weekday,rainy,rapido,yes,0,54,direct,380.96
SCV20003303,commercial,metro_station,7.51,34.90,medium,morning,weekday,cloudy,rapido,yes,0,79,direct,137.84
SCV20003304,metro_station,shopping_area,6.01,33.00,medium,evening,weekday,cloudy,uber,yes,0,0,direct,408.80
SCV20003305,residential,commercial,11.25,72.30,medium,evening,weekend,clear,ola,no,1,683,multimodal,509.04
SCV20003306,airport,office_area,31.56,136.10,medium,morning,weekend,clear,uber,no,1,1311,multimodal,1498.84
SCV20003307,residential,metro_station,4.78,36.00,low,afternoon,weekday,clear,uber,no,1,806,multimodal,285.58
SCV20003308,residential,shopping_area,6.78,41.20,medium,afternoon,weekday,clear,ola,yes,2,1368,multimodal,373.30
SCV20003309,metro_station,commercial,7.02,58.60,medium,evening,weekday,clear,uber,yes,1,386,multimodal,532.01
SCV20003310,college_area,metro_station,3.90,14.70,low,afternoon,weekday,clear,uber,no,0,189,direct,219.30
SCV20003311,metro_station,residential,3.81,21.30,medium,morning,weekday,clear,metro,yes,0,128,direct,13.74
SCV20003312,commercial,residential,7.38,59.20,medium,evening,weekday,clear,auto,yes,1,766,multimodal,230.34
SCV20003313,metro_station,residential,1.22,26.70,medium,morning,weekday,clear,metro,no,0,189,direct,20.20
SCV20003314,commercial,metro_station,8.01,72.40,high,evening,weekday,rainy,rapido,yes,0,32,direct,246.94
SCV20003315,metro_station,residential,5.58,29.50,medium,afternoon,weekday,rainy,rapido,no,0,0,direct,116.92
SCV20003316,commercial,shopping_area,2.70,16.40,low,night,weekend,clear,rapido,no,0,129,direct,68.34
SCV20003317,metro_station,shopping_area,5.75,25.00,medium,morning,weekday,rainy,uber,yes,0,71,direct,402.80
SCV20003318,residential,commercial,12.41,58.10,medium,evening,weekend,clear,rapido,no,0,158,direct,179.53
SCV20003319,college_area,metro_station,1.89,21.70,medium,morning,weekday,clear,uber,yes,0,119,direct,240.25
SCV20003320,metro_station,residential,6.07,61.10,medium,morning,weekday,cloudy,bus,yes,1,1096,multimodal,35.65
SCV20003321,residential,metro_station,4.09,24.20,medium,evening,weekend,clear,rapido,yes,1,0,direct,86.34
SCV20003322,residential,metro_station,7.18,30.30,medium,morning,weekday,rainy,uber,no,0,99,direct,401.34
SCV20003323,residential,metro_station,8.92,77.30,high,evening,weekday,cloudy,rapido,yes,0,63,direct,262.50
SCV20003324,metro_station,shopping_area,9.38,36.50,medium,morning,weekday,cloudy,bus,yes,0,295,direct,34.03
SCV20003325,commercial,residential,9.68,66.60,high,morning,weekday,cloudy,rapido,yes,0,130,direct,240.51
SCV20003326,airport,office_area,33.58,125.80,low,afternoon,weekday,clear,bus,no,1,1020,multimodal,45.73
SCV20003327,metro_station,office_area,7.18,36.10,medium,morning,weekday,clear,rapido,yes,1,148,direct,142.86
SCV20003328,residential,metro_station,4.33,18.00,medium,morning,weekday,clear,auto,yes,1,119,direct,138.11
SCV20003329,metro_station,commercial,8.00,33.00,medium,afternoon,weekday,rainy,ola,yes,0,114,direct,378.99
SCV20003330,metro_station,residential,3.36,37.10,medium,morning,weekday,cloudy,metro,yes,1,1322,multimodal,26.37
SCV20003331,airport,office_area,25.34,142.20,medium,evening,weekend,clear,rapido,no,2,1284,multimodal,405.13
SCV20003332,college_area,residential,7.12,35.40,medium,evening,weekday,clear,ola,yes,0,165,direct,315.21
SCV20003333,airport,commercial,22.60,93.80,medium,afternoon,weekday,clear,auto,no,1,942,multimodal,495.77
SCV20003334,residential,metro_station,4.13,51.90,low,night,weekday,cloudy,metro,no,2,1723,multimodal,15.58
SCV20003335,college_area,office_area,6.02,28.00,medium,afternoon,weekday,clear,uber,yes,0,43,direct,360.26
SCV20003336,metro_station,residential,1.99,16.00,medium,evening,weekday,clear,ola,yes,0,61,direct,169.72
SCV20003337,airport,residential,27.99,130.40,medium,morning,weekend,cloudy,metro,yes,1,478,multimodal,47.73
SCV20003338,commercial,office_area,8.01,71.90,high,evening,weekday,rainy,rapido,yes,0,53,direct,244.60
SCV20003339,residential,metro_station,5.34,48.70,high,evening,weekday,rainy,ola,yes,0,51,direct,461.77
SCV20003340,airport,commercial,26.44,107.80,medium,morning,weekend,clear,rapido,yes,0,131,direct,424.83
SCV20003341,commercial,metro_station,5.72,38.90,medium,evening,weekend,rainy,auto,no,0,87,direct,169.93
SCV20003342,residential,shopping_area,6.49,64.90,medium,evening,weekend,clear,rapido,no,2,1660,multimodal,161.50
SCV20003343,metro_station,office_area,5.01,16.80,low,night,weekday,clear,rapido,no,0,88,direct,86.64
SCV20003344,college_area,commercial,6.02,69.30,medium,afternoon,weekday,clear,metro,no,2,1358,multimodal,21.98
SCV20003345,commercial,shopping_area,9.89,25.50,low,night,weekend,cloudy,ola,no,0,123,direct,292.66
SCV20003346,residential,metro_station,5.07,28.70,medium,morning,weekend,rainy,rapido,yes,0,117,direct,108.41
SCV20003347,metro_station,residential,8.22,25.80,low,afternoon,weekend,clear,auto,no,0,59,direct,152.41
SCV20003348,metro_station,residential,8.33,75.00,medium,afternoon,weekday,cloudy,metro,yes,3,1747,multimodal,19.37
SCV20003349,commercial,residential,10.03,100.10,high,evening,weekday,clear,bus,yes,1,1574,multimodal,45.47
SCV20003350,metro_station,office_area,6.74,15.20,low,night,weekday,cloudy,uber,no,0,45,direct,275.82
SCV20003351,college_area,commercial,6.78,54.70,medium,evening,weekday,clear,bus,yes,1,1163,multimodal,28.59
SCV20003352,metro_station,commercial,4.56,48.70,medium,evening,weekday,clear,bus,yes,1,809,multimodal,52.33
SCV20003353,residential,commercial,5.55,36.30,medium,evening,weekday,clear,uber,yes,0,94,direct,380.71
SCV20003354,commercial,residential,9.53,73.00,medium,afternoon,weekday,cloudy,metro,no,2,1699,multimodal,14.04
SCV20003355,residential,office_area,9.99,50.10,medium,morning,weekday,clear,metro,yes,0,113,direct,34.97
SCV20003356,residential,commercial,9.69,86.80,high,evening,weekday,rainy,uber,yes,0,121,direct,1029.12
SCV20003357,metro_station,office_area,3.48,41.00,high,morning,weekday,rainy,ola,yes,0,109,direct,350.44
SCV20003358,residential,commercial,11.37,45.30,medium,morning,weekday,clear,rapido,yes,0,35,direct,184.48
SCV20003359,airport,office_area,21.25,86.30,low,afternoon,weekend,clear,ola,no,2,1099,multimodal,730.92
SCV20003360,commercial,shopping_area,9.87,43.60,low,afternoon,weekday,clear,ola,no,1,684,multimodal,351.29
SCV20003361,metro_station,shopping_area,5.12,16.00,low,afternoon,weekend,cloudy,uber,no,0,127,direct,247.95
SCV20003362,commercial,metro_station,5.86,99.50,high,evening,weekday,clear,metro,yes,3,2220,multimodal,39.12
SCV20003363,metro_station,commercial,8.12,82.10,medium,evening,weekday,clear,metro,yes,2,1401,multimodal,18.25
SCV20003364,residential,metro_station,2.58,19.30,medium,evening,weekday,clear,uber,yes,1,165,direct,239.28
SCV20003365,residential,shopping_area,11.84,80.30,medium,morning,weekday,clear,bus,yes,1,1347,multimodal,45.59
SCV20003366,airport,metro_station,12.57,81.10,medium,morning,weekday,clear,metro,yes,1,1154,multimodal,22.22
SCV20003367,commercial,shopping_area,6.89,39.10,medium,evening,weekend,cloudy,uber,no,0,90,direct,413.36
SCV20003368,airport,metro_station,26.37,71.10,low,night,weekday,cloudy,ola,no,0,138,direct,753.23
SCV20003369,residential,metro_station,2.79,22.50,medium,morning,weekday,clear,auto,yes,0,18,direct,115.93
SCV20003370,residential,office_area,12.00,55.90,low,night,weekend,cloudy,metro,no,2,1129,multimodal,10.47
SCV20003371,college_area,residential,5.40,19.10,low,afternoon,weekday,clear,ola,no,0,7,direct,199.68
SCV20003372,residential,commercial,8.93,62.40,medium,evening,weekend,clear,bus,no,1,890,multimodal,15.15
SCV20003373,metro_station,commercial,5.42,52.60,high,evening,weekday,cloudy,rapido,yes,0,60,direct,171.76
SCV20003374,airport,office_area,19.51,82.20,medium,afternoon,weekday,cloudy,uber,yes,0,0,direct,1098.63
SCV20003375,metro_station,office_area,9.24,97.30,high,evening,weekday,clear,bus,yes,1,1196,multimodal,36.20
SCV20003376,airport,residential,38.79,135.80,medium,afternoon,weekday,rainy,uber,no,1,32,direct,1500.00
SCV20003377,metro_station,commercial,5.36,25.40,medium,afternoon,weekday,cloudy,auto,yes,0,15,direct,181.02
SCV20003378,commercial,office_area,6.57,45.00,medium,evening,weekday,clear,ola,yes,0,86,direct,352.50
SCV20003379,metro_station,office_area,7.70,52.70,low,afternoon,weekend,cloudy,metro,no,2,1830,multimodal,31.29
SCV20003380,college_area,residential,4.05,28.30,medium,evening,weekday,clear,uber,yes,0,0,direct,314.95
SCV20003381,residential,commercial,5.91,24.50,low,afternoon,weekend,clear,rapido,no,0,88,direct,98.08
SCV20003382,college_area,metro_station,5.79,38.90,medium,evening,weekday,clear,uber,yes,1,68,direct,406.39
SCV20003383,residential,commercial,10.63,34.90,low,night,weekday,clear,ola,no,1,62,direct,332.04
SCV20003384,commercial,residential,6.57,27.60,medium,morning,weekday,clear,bus,no,0,187,direct,22.99
SCV20003385,residential,commercial,5.88,28.40,low,evening,weekend,clear,uber,no,0,91,direct,312.34
SCV20003386,commercial,office_area,2.87,23.80,medium,morning,weekday,clear,auto,yes,0,85,direct,130.14
SCV20003387,residential,metro_station,9.14,46.10,medium,evening,weekend,clear,ola,no,0,193,direct,358.02
SCV20003388,residential,metro_station,8.33,47.70,medium,evening,weekday,clear,uber,yes,0,61,direct,521.53
SCV20003389,commercial,office_area,5.69,33.90,medium,evening,weekend,clear,uber,no,0,135,direct,345.64
SCV20003390,residential,office_area,13.22,48.80,low,afternoon,weekend,clear,uber,no,0,38,direct,526.87
SCV20003391,airport,commercial,21.03,52.90,low,night,weekday,clear,rapido,no,0,132,direct,256.65
SCV20003392,metro_station,residential,4.80,56.00,high,evening,weekday,rainy,metro,yes,0,243,direct,29.79
SCV20003393,residential,metro_station,8.28,63.70,medium,morning,weekday,clear,metro,yes,1,1600,multimodal,11.25
SCV20003394,residential,shopping_area,10.61,61.20,low,afternoon,weekend,cloudy,metro,no,1,1360,multimodal,27.30
SCV20003395,residential,commercial,13.09,58.10,low,afternoon,weekend,cloudy,ola,no,1,902,multimodal,471.55
SCV20003396,residential,commercial,13.24,74.40,medium,evening,weekend,clear,rapido,no,0,72,direct,214.73
SCV20003397,residential,metro_station,6.46,72.90,high,evening,weekday,cloudy,bus,yes,0,100,direct,28.81
SCV20003398,metro_station,commercial,5.69,48.80,low,night,weekday,clear,bus,no,2,1480,multimodal,30.27
SCV20003399,metro_station,residential,7.13,34.70,medium,morning,weekday,clear,uber,yes,0,238,direct,388.79
SCV20003400,college_area,commercial,4.94,40.00,low,night,weekday,clear,rapido,no,1,946,multimodal,106.51
SCV20003401,college_area,commercial,13.44,68.10,medium,evening,weekday,clear,uber,yes,0,72,direct,754.02
SCV20003402,residential,metro_station,5.74,57.00,high,evening,weekday,clear,ola,yes,0,18,direct,417.85
SCV20003403,residential,metro_station,8.65,101.90,high,evening,weekday,cloudy,bus,yes,2,1291,multimodal,40.25
SCV20003404,metro_station,shopping_area,7.73,61.50,medium,afternoon,weekday,clear,bus,yes,2,1236,multimodal,31.65
SCV20003405,airport,metro_station,22.84,150.00,high,evening,weekday,clear,uber,yes,0,88,direct,1500.00
SCV20003406,residential,commercial,3.32,9.00,low,afternoon,weekend,cloudy,bus,no,0,310,direct,10.00
SCV20003407,metro_station,shopping_area,4.23,28.30,medium,evening,weekday,clear,bus,yes,0,223,direct,22.63
SCV20003408,metro_station,commercial,4.14,32.00,medium,morning,weekday,rainy,auto,yes,0,90,direct,150.99
SCV20003409,metro_station,commercial,6.41,69.00,high,evening,weekday,clear,rapido,yes,0,74,direct,179.79
SCV20003410,commercial,office_area,7.92,25.60,low,night,weekend,clear,ola,no,0,109,direct,272.27
SCV20003411,commercial,residential,4.91,29.50,medium,evening,weekday,clear,rapido,yes,0,112,direct,88.43
SCV20003412,metro_station,shopping_area,7.54,32.60,low,night,weekday,cloudy,bus,no,1,482,multimodal,27.32
SCV20003413,residential,commercial,11.99,88.60,high,evening,weekday,clear,rapido,yes,0,119,direct,291.45
SCV20003414,residential,office_area,17.45,86.80,medium,evening,weekday,clear,ola,yes,0,93,direct,743.88
SCV20003415,college_area,residential,12.03,77.70,medium,afternoon,weekday,rainy,metro,no,1,1017,multimodal,22.61
SCV20003416,metro_station,residential,6.13,63.80,medium,evening,weekday,clear,rapido,yes,2,1415,multimodal,154.68
SCV20003417,airport,commercial,14.73,44.50,low,night,weekday,clear,uber,no,0,189,direct,582.68
SCV20003418,college_area,office_area,10.05,65.90,medium,evening,weekday,clear,uber,yes,1,1053,multimodal,649.52
SCV20003419,college_area,metro_station,7.93,72.30,high,evening,weekday,clear,bus,yes,0,286,direct,27.64
SCV20003420,residential,shopping_area,10.69,47.40,medium,morning,weekday,rainy,ola,yes,0,69,direct,508.03
SCV20003421,college_area,residential,7.88,33.00,low,afternoon,weekday,clear,bus,yes,1,198,direct,29.33
SCV20003422,commercial,residential,5.93,47.70,medium,morning,weekday,clear,metro,yes,1,530,multimodal,10.00
SCV20003423,residential,commercial,9.92,71.20,medium,morning,weekday,cloudy,ola,yes,2,1149,multimodal,542.81
SCV20003424,metro_station,shopping_area,10.87,37.50,low,afternoon,weekday,clear,rapido,no,0,50,direct,146.21
SCV20003425,college_area,metro_station,3.48,9.80,medium,afternoon,weekday,clear,ola,yes,1,15,direct,185.27
SCV20003426,airport,residential,31.02,149.40,medium,evening,weekday,clear,bus,yes,0,259,direct,68.46
SCV20003427,residential,commercial,4.19,19.00,low,night,weekday,clear,rapido,no,0,97,direct,50.29
SCV20003428,commercial,metro_station,5.45,58.90,medium,afternoon,weekday,clear,bus,yes,2,1503,multimodal,29.66
SCV20003429,residential,shopping_area,10.22,76.60,medium,morning,weekday,clear,bus,yes,1,1053,multimodal,23.16
SCV20003430,metro_station,commercial,4.34,34.60,medium,evening,weekend,rainy,rapido,no,0,137,direct,92.50
SCV20003431,residential,shopping_area,8.20,74.10,medium,evening,weekday,cloudy,rapido,yes,2,569,multimodal,228.75
SCV20003432,commercial,residential,7.73,31.90,low,afternoon,weekend,clear,ola,no,0,220,direct,264.11
SCV20003433,residential,commercial,5.89,30.40,medium,evening,weekday,cloudy,metro,yes,0,232,direct,14.71
SCV20003434,college_area,metro_station,6.11,28.50,medium,afternoon,weekday,rainy,rapido,no,0,115,direct,119.78
SCV20003435,residential,metro_station,3.88,30.00,medium,evening,weekday,rainy,auto,no,0,37,direct,149.59
SCV20003436,metro_station,shopping_area,4.53,20.40,medium,morning,weekend,cloudy,ola,no,0,152,direct,218.85
SCV20003437,commercial,office_area,6.32,78.20,high,evening,weekday,clear,metro,yes,1,1672,multimodal,38.74
SCV20003438,residential,office_area,10.59,76.50,medium,morning,weekday,clear,rapido,yes,3,721,multimodal,269.31
SCV20003439,metro_station,shopping_area,10.40,71.50,medium,morning,weekday,clear,ola,yes,1,957,multimodal,530.40
SCV20003440,metro_station,commercial,4.50,20.30,medium,morning,weekday,clear,rapido,no,0,109,direct,72.54
SCV20003441,college_area,commercial,2.72,19.80,medium,afternoon,weekday,clear,auto,yes,0,29,direct,113.37
SCV20003442,metro_station,residential,4.16,50.60,medium,morning,weekday,cloudy,bus,yes,2,1636,multimodal,26.09
SCV20003443,airport,metro_station,25.72,68.50,low,night,weekday,clear,auto,no,0,22,direct,433.14
SCV20003444,metro_station,commercial,3.21,33.00,medium,morning,weekday,clear,uber,yes,1,929,multimodal,338.88
SCV20003445,residential,office_area,10.19,50.70,medium,morning,weekday,clear,ola,yes,0,51,direct,445.48
SCV20003446,residential,commercial,12.16,51.90,medium,afternoon,weekday,clear,uber,yes,1,918,multimodal,670.40
SCV20003447,residential,metro_station,7.19,98.90,medium,evening,weekend,clear,bus,no,3,1614,multimodal,25.62
SCV20003448,airport,commercial,26.02,128.60,medium,morning,weekday,clear,bus,no,1,750,multimodal,57.31
SCV20003449,commercial,office_area,5.23,38.30,medium,evening,weekday,clear,uber,yes,0,54,direct,387.85
SCV20003450,college_area,metro_station,6.22,32.50,low,afternoon,weekday,clear,auto,no,1,778,multimodal,174.67
SCV20003451,college_area,residential,3.73,55.00,medium,morning,weekday,clear,metro,yes,2,1673,multimodal,10.00
SCV20003452,commercial,metro_station,5.11,20.70,low,night,weekend,clear,auto,no,0,146,direct,131.07
SCV20003453,commercial,metro_station,7.68,57.10,medium,morning,weekday,clear,auto,yes,2,1555,multimodal,270.95
SCV20003454,residential,office_area,10.53,36.20,low,afternoon,weekday,clear,rapido,no,0,106,direct,121.16
SCV20003455,college_area,office_area,6.52,37.90,medium,morning,weekday,cloudy,auto,yes,0,24,direct,190.53
SCV20003456,metro_station,shopping_area,8.62,31.30,low,afternoon,weekday,clear,bus,no,0,276,direct,22.63
SCV20003457,commercial,shopping_area,7.97,35.70,medium,morning,weekday,rainy,metro,yes,0,149,direct,18.26
SCV20003458,airport,metro_station,17.82,91.40,medium,evening,weekday,cloudy,ola,yes,0,171,direct,818.19
SCV20003459,residential,commercial,11.37,28.40,low,night,weekday,clear,uber,no,0,14,direct,436.50
SCV20003460,commercial,office_area,5.83,32.30,low,morning,weekend,clear,uber,no,0,60,direct,333.35
SCV20003461,residential,metro_station,2.58,14.20,low,afternoon,weekday,clear,uber,no,0,89,direct,190.36
SCV20003462,airport,metro_station,23.80,70.80,low,afternoon,weekend,clear,metro,no,0,219,direct,43.97
SCV20003463,commercial,shopping_area,5.86,61.70,low,afternoon,weekday,rainy,ola,no,3,2336,multimodal,355.97
SCV20003464,commercial,shopping_area,6.22,23.60,low,night,weekend,clear,rapido,no,0,0,direct,97.98
SCV20003465,commercial,shopping_area,2.06,22.40,medium,evening,weekday,cloudy,auto,no,0,193,direct,87.52
SCV20003466,commercial,residential,8.27,23.30,low,morning,weekend,clear,metro,no,0,253,direct,35.48
SCV20003467,commercial,metro_station,5.31,34.60,medium,evening,weekday,cloudy,ola,yes,0,200,direct,285.00
SCV20003468,residential,metro_station,5.87,55.70,medium,afternoon,weekday,clear,metro,yes,2,1897,multimodal,10.00
SCV20003469,airport,commercial,17.51,58.40,low,afternoon,weekend,rainy,uber,no,0,110,direct,897.88
SCV20003470,college_area,residential,2.89,16.80,medium,afternoon,weekday,rainy,ola,no,0,47,direct,171.65
SCV20003471,commercial,residential,11.37,35.80,low,night,weekday,clear,ola,no,0,156,direct,346.90
SCV20003472,metro_station,commercial,5.40,30.20,medium,evening,weekday,cloudy,metro,yes,0,262,direct,34.78
SCV20003473,college_area,office_area,12.67,68.30,medium,evening,weekday,clear,auto,yes,0,142,direct,310.79
SCV20003474,residential,metro_station,8.05,34.40,medium,morning,weekday,clear,ola,yes,0,50,direct,335.84
SCV20003475,metro_station,office_area,6.40,58.30,high,evening,weekday,clear,ola,yes,0,75,direct,503.01
SCV20003476,college_area,residential,9.76,19.20,low,afternoon,weekend,clear,rapido,yes,0,132,direct,149.03
SCV20003477,metro_station,shopping_area,8.70,49.10,medium,evening,weekend,rainy,ola,no,0,18,direct,409.65
SCV20003478,commercial,office_area,5.03,22.40,low,afternoon,weekend,rainy,metro,no,0,215,direct,10.00
SCV20003479,commercial,metro_station,4.86,41.10,medium,evening,weekday,clear,bus,yes,0,116,direct,39.34
SCV20003480,commercial,shopping_area,6.92,35.20,medium,evening,weekday,clear,ola,yes,0,73,direct,320.82
SCV20003481,college_area,commercial,4.80,21.80,low,morning,weekend,rainy,ola,no,0,111,direct,218.61
SCV20003482,residential,commercial,7.72,25.80,low,night,weekend,clear,ola,no,0,0,direct,276.08
SCV20003483,residential,commercial,3.37,30.10,medium,evening,weekday,rainy,rapido,no,0,92,direct,64.60
SCV20003484,commercial,residential,13.30,40.40,low,morning,weekend,cloudy,ola,no,0,103,direct,402.06
SCV20003485,residential,office_area,15.29,77.90,medium,evening,weekday,clear,uber,yes,0,96,direct,829.36
SCV20003486,commercial,residential,7.17,20.40,low,night,weekend,clear,bus,no,0,172,direct,13.39
SCV20003487,metro_station,residential,8.29,73.20,high,evening,weekday,clear,auto,yes,1,85,direct,341.09
SCV20003488,airport,residential,33.79,120.20,low,afternoon,weekend,clear,auto,no,2,1586,multimodal,653.71
SCV20003489,metro_station,commercial,2.75,19.70,medium,evening,weekday,cloudy,rapido,yes,0,80,direct,54.35
SCV20003490,college_area,metro_station,2.77,17.90,low,afternoon,weekday,clear,uber,no,0,239,direct,206.38
SCV20003491,commercial,residential,7.96,33.70,medium,afternoon,weekday,clear,auto,yes,1,109,direct,189.51
SCV20003492,metro_station,residential,2.59,32.20,high,evening,weekday,clear,rapido,yes,0,53,direct,115.16
SCV20003493,residential,shopping_area,14.21,95.60,medium,evening,weekday,clear,bus,yes,2,1717,multimodal,44.12
SCV20003494,commercial,shopping_area,1.46,8.70,medium,morning,weekday,cloudy,rapido,yes,0,0,direct,50.92
SCV20003495,commercial,office_area,2.10,15.40,medium,morning,weekday,clear,auto,yes,0,165,direct,100.49
SCV20003496,commercial,office_area,7.47,69.20,medium,morning,weekday,cloudy,bus,yes,2,1166,multimodal,27.60
SCV20003497,metro_station,residential,3.64,18.80,medium,morning,weekday,cloudy,uber,yes,0,33,direct,259.73
SCV20003498,college_area,residential,5.68,21.80,low,afternoon,weekday,cloudy,ola,no,0,35,direct,202.41
SCV20003499,residential,commercial,10.80,82.60,high,evening,weekday,cloudy,uber,yes,0,106,direct,914.60
SCV20003500,airport,metro_station,30.62,78.90,low,night,weekend,cloudy,uber,yes,0,64,direct,1305.05
SCV20003501,residential,commercial,12.05,84.30,high,evening,weekday,clear,auto,yes,0,124,direct,479.61
SCV20003502,college_area,commercial,5.84,22.00,low,afternoon,weekend,cloudy,uber,no,0,123,direct,280.19
SCV20003503,airport,residential,25.48,71.10,low,night,weekday,clear,uber,no,0,93,direct,999.09
SCV20003504,commercial,office_area,6.17,38.60,medium,evening,weekday,clear,rapido,yes,0,121,direct,146.71
SCV20003505,college_area,office_area,10.42,36.30,low,afternoon,weekday,cloudy,uber,no,0,80,direct,439.97
SCV20003506,residential,shopping_area,10.88,42.60,medium,morning,weekday,cloudy,rapido,yes,0,57,direct,172.55
SCV20003507,residential,metro_station,6.96,27.30,low,afternoon,weekday,cloudy,uber,no,0,87,direct,321.33
SCV20003508,residential,commercial,5.51,20.10,low,night,weekday,cloudy,uber,no,0,173,direct,267.76
SCV20003509,residential,office_area,12.59,100.30,high,evening,weekday,clear,rapido,yes,0,0,direct,328.95
SCV20003510,college_area,residential,9.54,82.30,high,evening,weekday,rainy,auto,yes,0,148,direct,449.29
SCV20003511,metro_station,residential,5.61,59.50,high,evening,weekday,cloudy,ola,yes,0,69,direct,496.54
SCV20003512,residential,metro_station,7.35,94.60,high,evening,weekday,rainy,metro,yes,1,1126,multimodal,20.74
SCV20003513,metro_station,office_area,7.15,58.10,medium,morning,weekday,clear,metro,yes,2,1532,multimodal,41.78
SCV20003514,residential,commercial,6.69,19.00,low,afternoon,weekday,clear,auto,no,1,53,direct,140.11
SCV20003515,residential,commercial,2.58,17.40,medium,morning,weekday,clear,rapido,yes,0,27,direct,77.66
SCV20003516,metro_station,commercial,4.30,27.50,medium,evening,weekend,cloudy,ola,no,0,0,direct,213.76
SCV20003517,metro_station,office_area,5.26,20.00,low,afternoon,weekend,clear,rapido,no,0,181,direct,77.99
SCV20003518,college_area,office_area,14.53,86.80,high,morning,weekday,rainy,rapido,yes,0,135,direct,378.82
SCV20003519,college_area,commercial,3.14,14.60,low,night,weekend,cloudy,rapido,no,0,21,direct,51.00
SCV20003520,commercial,shopping_area,10.63,99.80,high,evening,weekday,rainy,uber,yes,1,1206,multimodal,1120.91
SCV20003521,airport,commercial,26.70,130.20,low,evening,weekend,clear,metro,no,1,1194,multimodal,23.70
SCV20003522,residential,metro_station,4.98,24.70,medium,afternoon,weekend,clear,ola,no,0,130,direct,248.67
SCV20003523,residential,office_area,10.75,57.80,medium,morning,weekday,clear,metro,yes,0,302,direct,16.17
SCV20003524,airport,metro_station,15.67,65.60,medium,morning,weekday,clear,ola,no,0,60,direct,613.49
SCV20003525,commercial,office_area,7.88,74.10,high,evening,weekday,cloudy,rapido,yes,0,97,direct,208.19
SCV20003526,airport,residential,20.07,80.90,low,night,weekend,clear,bus,no,1,827,multimodal,33.89
SCV20003527,residential,office_area,12.44,53.60,medium,morning,weekend,clear,rapido,no,0,88,direct,174.91
SCV20003528,residential,metro_station,7.44,66.00,high,evening,weekday,cloudy,rapido,yes,0,124,direct,203.09
SCV20003529,residential,shopping_area,9.74,50.10,medium,evening,weekday,cloudy,ola,yes,0,0,direct,425.73
SCV20003530,residential,metro_station,2.72,30.60,medium,morning,weekday,cloudy,auto,yes,0,127,direct,122.33
SCV20003531,commercial,office_area,10.66,75.10,low,evening,weekend,clear,ola,no,2,1179,multimodal,466.97
SCV20003532,metro_station,office_area,6.83,37.70,medium,evening,weekend,clear,rapido,no,0,77,direct,133.83
SCV20003533,commercial,residential,8.81,24.00,low,afternoon,weekend,clear,ola,no,0,0,direct,284.58
SCV20003534,commercial,office_area,8.42,40.40,medium,morning,weekday,cloudy,ola,yes,0,59,direct,408.73
SCV20003535,metro_station,office_area,5.13,34.50,medium,evening,weekday,clear,uber,yes,0,34,direct,370.41
SCV20003536,airport,metro_station,22.48,113.40,medium,evening,weekend,rainy,uber,no,0,160,direct,1269.56
SCV20003537,commercial,office_area,4.71,30.60,medium,evening,weekday,clear,rapido,yes,0,45,direct,101.67
SCV20003538,airport,commercial,27.15,64.20,low,night,weekend,clear,auto,no,0,0,direct,439.42
SCV20003539,commercial,shopping_area,3.93,26.20,medium,morning,weekend,rainy,rapido,no,0,163,direct,80.32
SCV20003540,commercial,residential,7.06,20.00,low,morning,weekend,clear,uber,no,0,42,direct,303.86
SCV20003541,residential,shopping_area,10.72,75.50,medium,evening,weekend,cloudy,ola,no,1,741,multimodal,520.07
SCV20003542,commercial,shopping_area,5.13,22.50,low,night,weekend,cloudy,uber,no,0,215,direct,315.53
SCV20003543,residential,metro_station,8.30,55.70,medium,morning,weekday,clear,bus,yes,1,1047,multimodal,18.65
SCV20003544,residential,commercial,3.88,18.10,low,night,weekend,clear,uber,no,0,91,direct,219.46
SCV20003545,metro_station,office_area,5.40,23.00,medium,afternoon,weekday,clear,uber,no,0,14,direct,332.99
SCV20003546,residential,metro_station,5.81,45.40,high,morning,weekday,cloudy,rapido,yes,0,38,direct,167.24
SCV20003547,college_area,residential,8.85,48.30,medium,evening,weekday,clear,auto,no,0,137,direct,208.40
SCV20003548,metro_station,commercial,3.35,22.60,medium,morning,weekday,clear,bus,yes,0,87,direct,10.00
SCV20003549,college_area,residential,4.81,24.10,low,evening,weekend,clear,rapido,no,0,108,direct,84.93
SCV20003550,commercial,residential,8.30,59.40,medium,evening,weekday,clear,rapido,yes,1,1302,multimodal,223.30
SCV20003551,residential,commercial,8.52,22.20,low,night,weekday,clear,uber,no,0,130,direct,345.43
SCV20003552,metro_station,commercial,6.17,21.90,low,afternoon,weekday,clear,auto,no,0,73,direct,127.81
SCV20003553,college_area,office_area,9.99,68.30,medium,morning,weekday,rainy,bus,yes,1,1105,multimodal,19.77
SCV20003554,commercial,residential,6.45,25.50,medium,morning,weekday,cloudy,metro,yes,0,304,direct,19.68
SCV20003555,residential,office_area,9.70,32.40,medium,morning,weekday,cloudy,uber,yes,0,79,direct,502.36
SCV20003556,metro_station,office_area,6.62,68.90,medium,morning,weekday,clear,metro,yes,2,1276,multimodal,11.91
SCV20003557,commercial,office_area,5.93,69.40,high,evening,weekday,clear,ola,yes,1,888,multimodal,484.62
SCV20003558,metro_station,shopping_area,4.38,23.70,low,afternoon,weekday,clear,metro,no,0,114,direct,15.91
SCV20003559,college_area,residential,7.28,38.90,medium,evening,weekday,clear,ola,no,0,24,direct,322.47
SCV20003560,metro_station,office_area,10.28,84.70,medium,morning,weekday,clear,auto,yes,3,1642,multimodal,344.60
SCV20003561,college_area,residential,7.35,35.70,medium,afternoon,weekday,rainy,auto,no,0,113,direct,189.65
SCV20003562,commercial,office_area,6.43,40.30,medium,morning,weekday,clear,metro,yes,0,260,direct,18.04
SCV20003563,metro_station,shopping_area,9.47,62.40,medium,evening,weekend,cloudy,auto,no,0,80,direct,268.91
SCV20003564,airport,commercial,18.63,83.50,low,night,weekend,cloudy,bus,no,1,1368,multimodal,41.11
SCV20003565,commercial,shopping_area,4.72,24.00,low,morning,weekend,clear,ola,no,0,83,direct,191.28
SCV20003566,metro_station,residential,6.96,31.50,medium,afternoon,weekend,rainy,uber,no,0,47,direct,418.12
SCV20003567,metro_station,residential,1.94,55.30,high,evening,weekday,rainy,metro,yes,1,754,multimodal,10.00
SCV20003568,commercial,shopping_area,5.63,30.20,medium,morning,weekday,clear,uber,yes,0,59,direct,355.27
SCV20003569,airport,metro_station,30.33,105.50,medium,afternoon,weekday,clear,metro,yes,0,63,direct,39.40
SCV20003570,commercial,metro_station,4.88,43.30,medium,morning,weekday,cloudy,uber,yes,2,1169,multimodal,416.61
SCV20003571,metro_station,shopping_area,4.52,31.30,medium,morning,weekday,clear,rapido,yes,0,171,direct,107.17
SCV20003572,airport,residential,32.87,93.60,low,night,weekend,clear,auto,no,0,147,direct,592.55
SCV20003573,college_area,commercial,6.11,50.80,medium,afternoon,weekday,clear,bus,yes,1,1115,multimodal,18.48
SCV20003574,airport,metro_station,21.83,101.70,medium,morning,weekday,cloudy,metro,yes,1,1338,multimodal,34.60
SCV20003575,college_area,residential,6.46,25.00,low,afternoon,weekday,clear,auto,no,0,121,direct,140.96
SCV20003576,residential,metro_station,4.75,54.30,medium,morning,weekday,clear,ola,yes,2,773,multimodal,353.61
SCV20003577,residential,commercial,11.81,33.60,low,afternoon,weekday,clear,uber,no,0,34,direct,480.37
SCV20003578,airport,office_area,31.06,146.10,medium,morning,weekday,clear,bus,no,2,1615,multimodal,69.11
SCV20003579,metro_station,residential,6.92,43.90,medium,evening,weekday,clear,rapido,no,0,134,direct,111.55
SCV20003580,metro_station,commercial,7.25,26.70,medium,afternoon,weekday,clear,uber,yes,0,102,direct,395.70
SCV20003581,residential,metro_station,6.25,26.40,medium,morning,weekday,clear,ola,yes,0,119,direct,292.96
SCV20003582,college_area,commercial,8.23,22.70,low,afternoon,weekday,clear,metro,no,0,190,direct,31.00
SCV20003583,residential,commercial,10.09,69.70,medium,morning,weekday,clear,metro,yes,2,1912,multimodal,13.89
SCV20003584,metro_station,residential,4.66,40.50,low,afternoon,weekday,cloudy,uber,no,1,1019,multimodal,323.70
SCV20003585,metro_station,shopping_area,2.07,23.10,medium,evening,weekday,clear,metro,yes,0,127,direct,10.00
SCV20003586,commercial,residential,4.50,18.20,low,morning,weekend,cloudy,rapido,no,0,109,direct,78.55
SCV20003587,commercial,metro_station,5.99,27.10,medium,morning,weekday,cloudy,auto,yes,0,0,direct,178.80
SCV20003588,airport,office_area,31.13,150.00,high,evening,weekday,clear,metro,yes,1,175,direct,55.32
SCV20003589,residential,metro_station,3.01,21.10,medium,morning,weekday,clear,uber,yes,0,31,direct,282.01
SCV20003590,college_area,residential,5.07,35.30,medium,evening,weekday,clear,bus,yes,0,309,direct,29.14
SCV20003591,metro_station,residential,3.45,70.60,high,evening,weekday,clear,ola,yes,2,1465,multimodal,442.51
SCV20003592,commercial,residential,6.74,49.10,low,night,weekend,clear,ola,no,1,1064,multimodal,329.35
SCV20003593,college_area,commercial,7.23,37.50,medium,morning,weekday,clear,uber,yes,0,48,direct,462.51
SCV20003594,residential,metro_station,3.60,33.80,high,evening,weekday,cloudy,metro,yes,0,107,direct,26.40
SCV20003595,commercial,residential,9.23,82.10,high,evening,weekday,rainy,uber,yes,0,54,direct,885.99
SCV20003596,commercial,residential,14.35,28.70,low,night,weekday,clear,ola,no,0,179,direct,394.43
SCV20003597,residential,commercial,2.22,18.20,medium,evening,weekday,cloudy,rapido,no,0,130,direct,66.48
SCV20003598,residential,office_area,8.16,45.70,low,night,weekend,cloudy,bus,no,1,1083,multimodal,11.38
SCV20003599,college_area,metro_station,4.58,25.60,medium,afternoon,weekday,cloudy,ola,yes,0,205,direct,262.02
SCV20003600,commercial,shopping_area,5.98,14.70,low,afternoon,weekday,rainy,uber,no,0,3,direct,299.14
SCV20003601,residential,office_area,12.55,28.00,low,night,weekend,clear,ola,yes,0,172,direct,402.93
SCV20003602,commercial,shopping_area,8.22,65.20,high,evening,weekday,clear,ola,yes,0,193,direct,561.72
SCV20003603,commercial,shopping_area,3.27,14.80,low,morning,weekend,clear,ola,no,0,152,direct,168.08
SCV20003604,metro_station,residential,9.01,55.20,medium,morning,weekday,cloudy,metro,yes,1,862,multimodal,24.33
SCV20003605,residential,metro_station,4.41,28.90,medium,morning,weekday,cloudy,ola,yes,0,107,direct,262.36
SCV20003606,commercial,office_area,6.28,71.30,medium,evening,weekday,cloudy,metro,yes,3,2231,multimodal,35.90
SCV20003607,metro_station,commercial,2.79,31.30,medium,morning,weekday,clear,rapido,yes,1,1344,multimodal,99.08
SCV20003608,airport,office_area,30.57,138.70,medium,evening,weekend,clear,ola,no,0,68,direct,1136.41
SCV20003609,college_area,commercial,10.95,104.10,high,evening,weekday,cloudy,bus,yes,1,952,multimodal,35.98
SCV20003610,airport,commercial,25.03,93.40,low,night,weekend,clear,bus,no,2,846,multimodal,35.98
SCV20003611,metro_station,office_area,7.29,43.30,medium,morning,weekday,cloudy,rapido,yes,0,51,direct,129.12
SCV20003612,airport,commercial,20.04,74.40,medium,morning,weekday,clear,bus,yes,0,88,direct,32.82
SCV20003613,residential,commercial,4.59,27.90,low,afternoon,weekday,clear,auto,no,1,662,multimodal,129.82
SCV20003614,residential,commercial,10.06,33.90,low,afternoon,weekday,cloudy,ola,no,0,95,direct,304.96
SCV20003615,college_area,residential,6.45,27.70,medium,afternoon,weekday,clear,auto,yes,0,125,direct,179.38
SCV20003616,metro_station,residential,5.98,25.50,medium,morning,weekday,clear,uber,yes,0,0,direct,352.32
SCV20003617,college_area,residential,6.21,19.90,low,night,weekday,clear,ola,no,0,83,direct,233.20
SCV20003618,residential,commercial,10.90,76.10,high,evening,weekday,cloudy,rapido,yes,0,92,direct,243.30
SCV20003619,metro_station,shopping_area,6.51,50.60,medium,morning,weekday,clear,bus,yes,1,798,multimodal,28.98
SCV20003620,commercial,office_area,7.95,75.80,high,evening,weekend,clear,rapido,yes,0,119,direct,260.55
SCV20003621,commercial,metro_station,4.68,52.50,medium,evening,weekday,clear,bus,yes,1,887,multimodal,34.02
SCV20003622,commercial,office_area,9.67,68.00,medium,evening,weekday,clear,ola,yes,1,320,multimodal,483.59
SCV20003623,residential,metro_station,4.50,79.80,high,evening,weekday,cloudy,uber,yes,2,1153,multimodal,749.18
SCV20003624,commercial,shopping_area,1.87,13.30,medium,morning,weekday,cloudy,rapido,yes,0,137,direct,41.64
SCV20003625,college_area,office_area,11.25,83.80,medium,afternoon,weekend,cloudy,metro,yes,1,1145,multimodal,23.69
SCV20003626,metro_station,commercial,4.46,54.40,medium,morning,weekday,clear,ola,yes,2,1150,multimodal,352.54
SCV20003627,residential,office_area,3.98,63.50,medium,afternoon,weekday,rainy,bus,yes,2,747,multimodal,18.45
SCV20003628,commercial,residential,11.79,52.30,low,night,weekend,clear,uber,no,1,669,multimodal,540.94
SCV20003629,airport,office_area,27.27,101.70,medium,morning,weekend,clear,uber,no,0,154,direct,1228.92
SCV20003630,residential,office_area,11.51,124.50,high,evening,weekday,clear,metro,yes,2,1416,multimodal,48.32
SCV20003631,residential,shopping_area,6.75,33.60,medium,evening,weekday,clear,ola,yes,0,0,direct,335.88
SCV20003632,commercial,office_area,7.86,46.90,low,night,weekend,clear,metro,no,1,1008,multimodal,24.26
SCV20003633,metro_station,shopping_area,9.91,44.10,medium,morning,weekday,cloudy,rapido,yes,0,124,direct,181.61
SCV20003634,commercial,metro_station,4.96,25.70,medium,morning,weekday,clear,ola,yes,0,21,direct,251.03
SCV20003635,metro_station,commercial,4.86,96.10,high,evening,weekday,clear,bus,yes,3,1160,multimodal,38.79
SCV20003636,residential,metro_station,4.07,25.30,medium,morning,weekday,cloudy,ola,yes,0,113,direct,243.59
SCV20003637,college_area,metro_station,4.43,21.00,low,afternoon,weekday,clear,bus,no,0,162,direct,10.00
SCV20003638,commercial,residential,12.32,56.70,medium,morning,weekday,clear,ola,yes,0,74,direct,501.62
SCV20003639,commercial,residential,10.65,44.20,medium,morning,weekday,cloudy,bus,yes,0,236,direct,39.25
SCV20003640,commercial,office_area,6.65,38.70,medium,morning,weekday,clear,rapido,yes,0,73,direct,137.57
SCV20003641,metro_station,office_area,7.50,66.00,high,evening,weekday,cloudy,rapido,yes,0,49,direct,223.59
SCV20003642,airport,office_area,29.23,150.00,high,morning,weekday,clear,uber,yes,1,1379,multimodal,1500.00
SCV20003643,residential,metro_station,8.40,56.40,medium,morning,weekday,clear,metro,yes,2,1276,multimodal,33.97
SCV20003644,college_area,metro_station,4.65,20.10,low,afternoon,weekday,cloudy,auto,no,0,58,direct,113.83
SCV20003645,commercial,metro_station,6.76,77.70,high,morning,weekday,rainy,metro,yes,1,1230,multimodal,38.75
SCV20003646,commercial,metro_station,3.40,18.30,medium,morning,weekday,clear,ola,yes,0,160,direct,195.85
SCV20003647,commercial,shopping_area,5.49,22.20,medium,afternoon,weekday,clear,ola,yes,0,84,direct,265.92
SCV20003648,metro_station,office_area,3.83,32.10,medium,afternoon,weekday,cloudy,bus,yes,1,120,multimodal,38.12
SCV20003649,residential,metro_station,5.48,57.30,low,morning,weekend,clear,metro,no,3,1535,multimodal,14.44
SCV20003650,airport,residential,28.83,146.20,medium,evening,weekend,clear,bus,no,0,130,direct,72.55
SCV20003651,college_area,residential,6.59,33.30,medium,morning,weekday,cloudy,rapido,yes,0,196,direct,132.91
SCV20003652,commercial,metro_station,3.98,18.60,medium,afternoon,weekday,clear,auto,yes,0,106,direct,139.86
SCV20003653,metro_station,office_area,5.30,31.80,medium,evening,weekday,clear,auto,no,0,81,direct,165.76
SCV20003654,airport,metro_station,26.95,80.30,low,afternoon,weekend,clear,uber,no,0,111,direct,1015.71
SCV20003655,airport,office_area,19.94,102.20,medium,evening,weekday,clear,uber,no,0,102,direct,1006.49
SCV20003656,commercial,office_area,3.89,23.10,medium,evening,weekday,clear,bus,yes,0,158,direct,10.24
SCV20003657,residential,shopping_area,5.63,19.60,low,night,weekday,cloudy,bus,yes,0,88,direct,19.98
SCV20003658,residential,commercial,7.43,44.60,medium,evening,weekday,clear,ola,yes,0,0,direct,374.76
SCV20003659,college_area,metro_station,1.26,11.10,medium,afternoon,weekday,clear,uber,yes,0,71,direct,163.20
SCV20003660,metro_station,commercial,4.56,23.40,medium,afternoon,weekday,clear,ola,yes,0,233,direct,240.05
SCV20003661,residential,shopping_area,10.75,79.20,high,evening,weekday,clear,ola,yes,0,62,direct,751.07
SCV20003662,commercial,residential,8.95,45.70,medium,evening,weekend,clear,metro,no,0,185,direct,14.21
SCV20003663,college_area,residential,3.53,27.80,medium,morning,weekday,rainy,auto,yes,0,0,direct,139.77
SCV20003664,commercial,shopping_area,7.43,43.00,medium,evening,weekday,clear,rapido,yes,0,122,direct,141.55
SCV20003665,metro_station,office_area,3.93,26.40,medium,afternoon,weekday,clear,uber,no,0,0,direct,273.26
SCV20003666,airport,office_area,30.56,150.00,high,evening,weekday,clear,uber,yes,0,73,direct,1500.00
SCV20003667,college_area,commercial,3.94,32.40,medium,evening,weekend,rainy,auto,no,0,109,direct,145.55
SCV20003668,commercial,residential,9.73,61.30,medium,morning,weekday,clear,auto,yes,2,1554,multimodal,271.71
SCV20003669,college_area,commercial,7.88,75.50,medium,morning,weekday,clear,metro,yes,2,917,multimodal,25.02
SCV20003670,metro_station,office_area,9.92,82.40,high,evening,weekend,rainy,ola,yes,0,99,direct,816.16
SCV20003671,residential,metro_station,4.88,16.00,low,night,weekend,clear,ola,no,0,0,direct,180.30
SCV20003672,airport,residential,34.81,150.00,medium,evening,weekday,clear,ola,yes,1,383,multimodal,1486.55
SCV20003673,college_area,office_area,8.67,50.60,medium,evening,weekday,cloudy,bus,yes,0,240,direct,37.31
SCV20003674,residential,office_area,16.01,128.80,high,evening,weekday,rainy,ola,yes,0,27,direct,1057.02
SCV20003675,commercial,shopping_area,7.91,55.80,medium,night,weekday,rainy,metro,yes,3,1844,multimodal,10.00
SCV20003676,residential,office_area,7.23,33.20,medium,morning,weekday,clear,rapido,yes,0,89,direct,144.54
SCV20003677,metro_station,residential,4.80,32.40,medium,morning,weekday,clear,metro,yes,0,153,direct,13.22
SCV20003678,metro_station,commercial,3.85,28.40,medium,morning,weekday,cloudy,bus,yes,0,227,direct,10.00
SCV20003679,metro_station,office_area,9.08,61.60,medium,morning,weekday,clear,metro,yes,1,963,multimodal,44.66
SCV20003680,metro_station,shopping_area,2.95,23.20,medium,afternoon,weekday,clear,ola,yes,0,120,direct,193.10
SCV20003681,commercial,office_area,4.20,23.10,medium,morning,weekday,cloudy,metro,yes,1,172,direct,22.54
SCV20003682,commercial,shopping_area,6.72,53.10,medium,afternoon,weekday,cloudy,bus,yes,1,1105,multimodal,35.18
SCV20003683,residential,metro_station,5.82,82.30,high,evening,weekday,rainy,metro,yes,1,1079,multimodal,29.58
SCV20003684,airport,office_area,18.74,98.80,medium,evening,weekend,clear,metro,no,0,313,direct,42.54
SCV20003685,commercial,metro_station,7.44,31.20,low,night,weekday,clear,rapido,no,0,122,direct,103.52
SCV20003686,college_area,metro_station,4.49,15.20,low,night,weekday,rainy,uber,no,0,64,direct,249.18
SCV20003687,residential,office_area,6.30,29.70,medium,morning,weekday,clear,ola,yes,1,50,direct,291.20
SCV20003688,metro_station,shopping_area,5.84,24.10,low,afternoon,weekday,cloudy,rapido,no,0,150,direct,89.34
SCV20003689,residential,shopping_area,8.47,55.70,medium,morning,weekday,clear,auto,yes,1,725,multimodal,270.77
SCV20003690,metro_station,commercial,4.96,50.10,medium,morning,weekday,cloudy,bus,yes,1,1463,multimodal,22.46
SCV20003691,residential,office_area,8.41,65.00,medium,morning,weekday,cloudy,metro,yes,1,1010,multimodal,10.00
SCV20003692,residential,office_area,12.93,74.70,medium,afternoon,weekday,clear,auto,yes,2,1344,multimodal,380.77
SCV20003693,residential,commercial,7.82,63.40,high,evening,weekday,cloudy,uber,yes,0,169,direct,759.44
SCV20003694,residential,office_area,9.10,30.10,low,night,weekday,cloudy,bus,no,0,38,direct,21.53
SCV20003695,college_area,commercial,3.97,52.40,medium,morning,weekday,cloudy,metro,yes,1,851,multimodal,10.84
SCV20003696,airport,residential,38.55,150.00,medium,evening,weekday,clear,uber,yes,0,7,direct,1500.00
SCV20003697,commercial,shopping_area,7.22,33.30,medium,morning,weekday,cloudy,ola,yes,0,119,direct,344.87
SCV20003698,metro_station,residential,4.33,43.40,high,evening,weekday,cloudy,auto,yes,0,125,direct,215.82
SCV20003699,college_area,residential,4.91,35.40,medium,evening,weekend,cloudy,rapido,yes,0,118,direct,97.01
SCV20003700,college_area,metro_station,3.98,20.20,medium,afternoon,weekday,clear,uber,yes,0,166,direct,251.01
SCV20003701,college_area,commercial,10.45,49.20,medium,evening,weekday,clear,ola,yes,0,152,direct,450.09
SCV20003702,commercial,office_area,2.31,32.20,high,morning,weekday,rainy,ola,yes,0,49,direct,288.89
SCV20003703,residential,shopping_area,9.19,29.10,low,morning,weekend,clear,ola,no,0,3,direct,321.61
SCV20003704,airport,office_area,23.66,101.40,medium,morning,weekday,rainy,rapido,no,0,240,direct,356.99
SCV20003705,residential,office_area,16.84,80.70,medium,evening,weekday,cloudy,uber,yes,1,172,direct,870.12
SCV20003706,commercial,shopping_area,5.34,53.80,low,night,weekday,clear,bus,no,2,1296,multimodal,32.27
SCV20003707,commercial,office_area,4.62,37.80,high,morning,weekday,rainy,uber,yes,0,30,direct,499.37
SCV20003708,metro_station,residential,3.33,39.40,medium,morning,weekday,cloudy,bus,yes,1,841,multimodal,28.47
SCV20003709,residential,shopping_area,8.86,49.80,medium,evening,weekday,cloudy,auto,yes,0,130,direct,250.11
SCV20003710,airport,metro_station,28.16,150.00,high,evening,weekday,clear,ola,yes,1,1229,multimodal,1500.00
SCV20003711,metro_station,commercial,3.59,21.20,low,afternoon,weekend,rainy,auto,no,0,185,direct,109.62
SCV20003712,residential,metro_station,4.42,23.80,low,night,weekday,clear,bus,no,0,238,direct,20.55
SCV20003713,residential,office_area,5.55,30.50,low,night,weekend,clear,metro,no,0,215,direct,23.38
SCV20003714,residential,metro_station,6.52,63.90,medium,morning,weekday,cloudy,bus,no,1,647,multimodal,33.16
SCV20003715,metro_station,residential,3.92,24.60,medium,morning,weekday,clear,uber,yes,0,79,direct,293.71
SCV20003716,airport,residential,36.71,150.00,high,morning,weekday,clear,bus,yes,0,217,direct,70.24
SCV20003717,metro_station,shopping_area,5.76,49.30,medium,afternoon,weekday,rainy,metro,no,1,1149,multimodal,16.90
SCV20003718,commercial,office_area,4.34,33.90,medium,evening,weekend,cloudy,rapido,no,0,134,direct,75.16
SCV20003719,airport,commercial,16.29,40.70,low,night,weekend,rainy,uber,no,0,0,direct,702.21
SCV20003720,residential,office_area,14.71,53.10,low,morning,weekend,clear,ola,no,0,77,direct,473.03
SCV20003721,airport,metro_station,23.63,91.60,medium,morning,weekday,clear,rapido,yes,1,160,direct,392.10
SCV20003722,commercial,office_area,12.29,112.00,medium,evening,weekday,cloudy,bus,yes,2,1843,multimodal,37.14
SCV20003723,commercial,metro_station,5.50,48.30,low,night,weekend,clear,metro,yes,1,614,multimodal,10.00
SCV20003724,college_area,residential,9.81,30.10,low,night,weekend,rainy,ola,no,0,65,direct,335.78
SCV20003725,college_area,residential,7.39,36.00,medium,afternoon,weekday,clear,auto,yes,0,140,direct,220.68
SCV20003726,airport,residential,24.43,150.00,high,evening,weekday,clear,auto,yes,0,82,direct,978.52
SCV20003727,metro_station,shopping_area,10.04,41.20,low,morning,weekend,clear,ola,no,0,54,direct,368.68
SCV20003728,residential,shopping_area,8.85,32.40,medium,afternoon,weekday,cloudy,ola,yes,0,102,direct,403.75
SCV20003729,metro_station,office_area,10.28,30.90,low,night,weekday,clear,uber,no,0,37,direct,411.67
SCV20003730,college_area,metro_station,5.76,59.70,medium,evening,weekday,rainy,bus,no,1,1079,multimodal,13.61
SCV20003731,college_area,residential,10.41,67.50,medium,evening,weekday,clear,uber,yes,0,196,direct,648.06
SCV20003732,commercial,shopping_area,11.41,120.10,high,evening,weekday,clear,ola,yes,3,1803,multimodal,921.33
SCV20003733,residential,metro_station,1.21,12.90,medium,morning,weekday,clear,metro,yes,0,274,direct,10.00
SCV20003734,residential,shopping_area,11.71,61.50,medium,evening,weekend,clear,uber,yes,0,108,direct,689.42
SCV20003735,airport,residential,21.75,108.20,medium,evening,weekend,clear,uber,yes,1,3,direct,1254.70
SCV20003736,commercial,residential,11.82,42.70,medium,afternoon,weekday,clear,rapido,no,0,116,direct,153.33
SCV20003737,airport,metro_station,21.81,104.90,medium,evening,weekend,clear,rapido,yes,0,26,direct,380.75
SCV20003738,metro_station,residential,7.41,35.00,medium,morning,weekday,clear,metro,yes,0,214,direct,20.56
SCV20003739,metro_station,residential,6.31,51.90,medium,afternoon,weekday,cloudy,bus,no,1,1172,multimodal,38.40
SCV20003740,metro_station,office_area,5.76,94.60,high,evening,weekday,clear,bus,yes,3,2482,multimodal,39.18
SCV20003741,commercial,office_area,2.93,33.50,medium,afternoon,weekend,cloudy,uber,yes,1,176,direct,330.04
SCV20003742,residential,office_area,9.55,46.20,medium,morning,weekday,clear,bus,yes,0,247,direct,33.54
SCV20003743,college_area,office_area,13.30,49.10,medium,morning,weekday,cloudy,ola,yes,0,54,direct,542.80
SCV20003744,commercial,metro_station,3.61,29.50,medium,evening,weekday,cloudy,auto,no,1,125,direct,121.37
SCV20003745,college_area,metro_station,6.06,61.10,high,evening,weekday,rainy,uber,yes,0,94,direct,704.49
SCV20003746,metro_station,office_area,8.67,29.70,medium,morning,weekday,clear,bus,yes,0,232,direct,37.97
SCV20003747,airport,commercial,24.71,66.60,low,night,weekday,clear,ola,no,0,80,direct,756.54
SCV20003748,college_area,metro_station,6.37,33.90,medium,morning,weekday,clear,uber,yes,0,71,direct,387.00
SCV20003749,commercial,office_area,8.27,55.70,medium,evening,weekday,clear,rapido,yes,0,164,direct,151.83
SCV20003750,commercial,residential,4.35,45.90,low,morning,weekend,clear,metro,no,1,599,multimodal,32.99
SCV20003751,residential,commercial,7.38,67.60,medium,evening,weekend,cloudy,bus,yes,1,1126,multimodal,27.56
SCV20003752,commercial,office_area,8.52,37.60,medium,morning,weekday,clear,auto,yes,1,98,direct,211.53
SCV20003753,college_area,residential,7.68,66.80,medium,evening,weekday,clear,auto,yes,1,706,multimodal,280.79
SCV20003754,commercial,residential,11.51,50.90,medium,morning,weekday,rainy,rapido,no,0,0,direct,167.72
SCV20003755,metro_station,residential,3.81,29.30,medium,evening,weekend,cloudy,ola,yes,0,26,direct,240.40
SCV20003756,residential,commercial,12.88,67.70,low,afternoon,weekday,clear,metro,no,1,405,multimodal,19.13
SCV20003757,airport,metro_station,15.11,78.10,medium,evening,weekend,clear,auto,no,0,63,direct,393.27
SCV20003758,residential,shopping_area,6.71,34.70,medium,morning,weekend,rainy,metro,no,0,281,direct,23.36
SCV20003759,residential,office_area,9.78,48.70,medium,morning,weekday,clear,uber,yes,0,224,direct,571.01
SCV20003760,commercial,shopping_area,6.55,80.50,medium,evening,weekend,clear,bus,no,3,1308,multimodal,27.21
SCV20003761,residential,office_area,4.31,22.20,medium,afternoon,weekday,clear,uber,no,0,223,direct,246.08
SCV20003762,airport,office_area,22.82,69.70,low,afternoon,weekday,cloudy,rapido,no,0,158,direct,272.29
SCV20003763,commercial,office_area,11.02,45.10,medium,night,weekday,rainy,ola,no,0,33,direct,449.46
SCV20003764,college_area,metro_station,3.64,29.40,medium,evening,weekday,cloudy,ola,yes,0,94,direct,231.65
SCV20003765,commercial,office_area,9.40,46.00,medium,morning,weekday,cloudy,uber,yes,0,76,direct,553.54
SCV20003766,college_area,residential,6.00,27.90,medium,morning,weekday,cloudy,uber,yes,0,0,direct,382.61
SCV20003767,airport,metro_station,29.07,87.30,low,afternoon,weekend,clear,rapido,no,0,123,direct,358.12
SCV20003768,metro_station,residential,6.02,24.20,medium,morning,weekday,rainy,uber,yes,0,140,direct,392.75
SCV20003769,metro_station,commercial,5.00,41.50,medium,evening,weekday,clear,auto,no,0,157,direct,149.48
SCV20003770,college_area,residential,5.54,30.10,medium,evening,weekend,cloudy,ola,no,0,163,direct,248.26
SCV20003771,commercial,residential,10.07,25.70,low,afternoon,weekday,cloudy,ola,no,0,147,direct,325.92
SCV20003772,college_area,residential,9.41,37.20,medium,afternoon,weekday,rainy,metro,yes,1,287,direct,27.17
SCV20003773,metro_station,office_area,5.88,51.90,high,evening,weekday,clear,auto,yes,0,43,direct,289.76
SCV20003774,airport,commercial,31.14,150.00,high,evening,weekday,clear,bus,yes,1,1172,multimodal,84.83
SCV20003775,college_area,office_area,6.94,37.10,medium,evening,weekday,clear,ola,yes,0,32,direct,328.27
SCV20003776,commercial,metro_station,3.76,17.50,medium,morning,weekday,clear,rapido,yes,1,117,direct,105.99
SCV20003777,metro_station,office_area,5.17,15.30,low,afternoon,weekend,clear,uber,no,0,110,direct,248.57
SCV20003778,college_area,commercial,6.71,26.70,low,afternoon,weekday,cloudy,ola,no,0,88,direct,261.52
SCV20003779,residential,office_area,7.33,30.20,medium,afternoon,weekday,clear,uber,yes,0,60,direct,443.87
SCV20003780,commercial,metro_station,4.84,22.10,low,afternoon,weekday,clear,rapido,yes,0,116,direct,71.58
SCV20003781,metro_station,residential,5.61,19.70,low,afternoon,weekday,cloudy,bus,no,0,181,direct,10.00
SCV20003782,airport,commercial,24.31,150.00,high,evening,weekday,clear,auto,yes,0,62,direct,836.29
SCV20003783,college_area,residential,4.09,23.70,medium,morning,weekday,clear,auto,yes,0,61,direct,138.89
SCV20003784,metro_station,office_area,5.94,58.40,high,evening,weekday,clear,bus,yes,0,211,direct,47.48
SCV20003785,commercial,shopping_area,7.28,39.10,medium,morning,weekday,clear,bus,yes,0,176,direct,24.85
SCV20003786,college_area,residential,8.68,43.60,low,night,weekday,clear,auto,no,1,1465,multimodal,203.83
SCV20003787,residential,office_area,7.58,41.20,medium,morning,weekday,cloudy,ola,yes,0,65,direct,360.50
SCV20003788,commercial,office_area,6.86,29.50,medium,morning,weekday,clear,rapido,yes,0,137,direct,128.87
SCV20003789,residential,metro_station,5.11,23.40,medium,morning,weekday,clear,auto,yes,0,85,direct,132.24
SCV20003790,residential,metro_station,4.99,39.40,medium,morning,weekday,clear,bus,yes,1,744,multimodal,36.14
SCV20003791,airport,residential,31.25,150.00,medium,evening,weekday,clear,metro,no,1,1137,multimodal,48.46
SCV20003792,college_area,commercial,13.16,32.10,low,afternoon,weekday,clear,uber,no,0,178,direct,478.94
SCV20003793,metro_station,commercial,4.66,25.50,low,night,weekend,cloudy,ola,no,0,63,direct,217.55
SCV20003794,residential,metro_station,7.51,95.40,high,evening,weekday,rainy,metro,yes,1,1079,multimodal,28.29
SCV20003795,commercial,shopping_area,2.64,15.30,low,night,weekday,clear,uber,no,0,63,direct,169.07
SCV20003796,residential,office_area,8.52,55.70,low,night,weekday,clear,metro,no,2,1692,multimodal,43.41
SCV20003797,commercial,office_area,9.78,32.90,low,night,weekend,clear,uber,no,0,214,direct,404.96
SCV20003798,residential,commercial,7.95,29.80,low,afternoon,weekday,clear,rapido,no,1,134,direct,82.14
SCV20003799,commercial,residential,8.80,27.10,low,afternoon,weekday,clear,bus,no,0,134,direct,12.40
SCV20003800,metro_station,commercial,4.48,27.20,medium,afternoon,weekday,cloudy,uber,no,0,113,direct,342.49
SCV20003801,residential,metro_station,4.73,15.80,low,night,weekend,cloudy,bus,no,0,266,direct,10.00
SCV20003802,airport,commercial,20.97,147.50,medium,evening,weekend,rainy,metro,no,2,1203,multimodal,78.13
SCV20003803,airport,metro_station,26.19,72.10,low,afternoon,weekday,clear,ola,no,0,147,direct,757.38
SCV20003804,residential,commercial,5.28,21.70,medium,morning,weekday,cloudy,uber,yes,0,170,direct,399.30
SCV20003805,residential,shopping_area,11.44,43.70,medium,afternoon,weekday,clear,metro,yes,0,238,direct,28.13
SCV20003806,metro_station,office_area,6.66,45.80,medium,morning,weekday,clear,auto,yes,0,133,direct,199.16
SCV20003807,metro_station,commercial,3.80,43.70,high,evening,weekday,cloudy,rapido,yes,0,12,direct,143.70
SCV20003808,residential,shopping_area,9.78,24.80,low,night,weekend,clear,bus,no,0,185,direct,27.32
SCV20003809,college_area,residential,6.03,49.80,medium,afternoon,weekday,clear,bus,yes,1,1252,multimodal,38.64
SCV20003810,college_area,residential,8.46,35.50,medium,morning,weekday,clear,uber,yes,0,95,direct,484.64
SCV20003811,residential,metro_station,2.13,38.30,medium,morning,weekday,clear,bus,yes,1,845,multimodal,23.99
SCV20003812,residential,metro_station,3.52,16.80,low,night,weekend,clear,auto,no,0,79,direct,101.09
SCV20003813,metro_station,shopping_area,5.33,30.40,medium,evening,weekday,clear,bus,yes,0,233,direct,10.00
SCV20003814,commercial,office_area,4.63,38.40,medium,morning,weekday,cloudy,ola,yes,1,896,multimodal,303.50
SCV20003815,residential,commercial,10.58,40.10,medium,morning,weekday,clear,ola,yes,0,96,direct,408.60
SCV20003816,metro_station,shopping_area,9.04,85.60,medium,evening,weekday,clear,metro,yes,2,1848,multimodal,37.57
SCV20003817,metro_station,residential,6.53,43.80,medium,evening,weekday,clear,auto,yes,0,145,direct,196.08
SCV20003818,commercial,office_area,7.07,40.50,medium,afternoon,weekday,cloudy,auto,yes,0,62,direct,195.80
SCV20003819,metro_station,residential,5.04,51.00,low,morning,weekend,cloudy,bus,no,1,1106,multimodal,24.37
SCV20003820,college_area,commercial,6.56,61.60,medium,morning,weekday,clear,rapido,yes,2,1350,multimodal,161.84
SCV20003821,airport,metro_station,31.13,87.20,low,afternoon,weekend,clear,auto,no,0,0,direct,542.40
SCV20003822,residential,commercial,10.32,46.60,low,evening,weekend,clear,auto,no,0,0,direct,205.61
SCV20003823,residential,metro_station,3.42,28.10,medium,morning,weekend,rainy,ola,no,0,61,direct,224.22
SCV20003824,metro_station,residential,4.21,27.10,medium,evening,weekend,cloudy,uber,no,0,15,direct,270.89
SCV20003825,college_area,office_area,14.94,45.90,low,morning,weekend,cloudy,uber,no,0,168,direct,579.49
SCV20003826,metro_station,commercial,6.50,58.90,low,morning,weekend,clear,bus,no,2,1177,multimodal,28.00
SCV20003827,residential,commercial,5.90,70.30,high,evening,weekday,clear,bus,yes,1,1184,multimodal,10.00
SCV20003828,metro_station,residential,5.57,65.40,medium,morning,weekday,clear,metro,yes,1,1544,multimodal,33.18
SCV20003829,airport,commercial,27.24,111.70,medium,afternoon,weekday,clear,metro,no,1,811,multimodal,41.40
SCV20003830,commercial,metro_station,4.65,30.50,medium,morning,weekday,clear,ola,yes,1,133,direct,276.71
SCV20003831,metro_station,residential,5.09,52.20,medium,morning,weekday,clear,metro,yes,1,954,multimodal,17.65
SCV20003832,commercial,shopping_area,4.88,26.70,medium,morning,weekday,cloudy,ola,no,0,91,direct,221.38
SCV20003833,college_area,office_area,8.92,62.40,low,night,weekend,clear,metro,no,2,1240,multimodal,14.26
SCV20003834,college_area,commercial,13.14,58.40,medium,morning,weekday,cloudy,rapido,yes,0,80,direct,209.37
SCV20003835,college_area,office_area,10.95,20.10,low,afternoon,weekday,clear,metro,no,0,87,direct,10.00
SCV20003836,commercial,shopping_area,8.73,65.60,high,evening,weekday,clear,auto,yes,0,207,direct,334.82
SCV20003837,metro_station,commercial,5.27,26.20,low,morning,weekend,clear,bus,no,0,178,direct,28.19
SCV20003838,metro_station,shopping_area,6.97,20.60,low,morning,weekend,cloudy,bus,no,0,297,direct,23.75
SCV20003839,airport,commercial,24.99,123.40,medium,evening,weekend,clear,uber,no,0,85,direct,1233.97
SCV20003840,metro_station,shopping_area,6.08,19.30,low,morning,weekend,clear,rapido,no,1,27,direct,69.16
SCV20003841,commercial,residential,8.86,44.50,low,evening,weekend,clear,metro,no,0,251,direct,17.53
SCV20003842,residential,metro_station,5.83,62.80,medium,evening,weekday,clear,bus,yes,1,1427,multimodal,46.05
SCV20003843,residential,shopping_area,6.46,23.50,low,morning,weekday,clear,bus,no,0,228,direct,22.84
SCV20003844,metro_station,shopping_area,6.46,19.30,low,night,weekday,clear,uber,no,0,156,direct,269.44
SCV20003845,college_area,office_area,14.16,89.90,medium,evening,weekday,clear,auto,yes,1,989,multimodal,360.41
SCV20003846,commercial,metro_station,4.69,50.00,high,evening,weekday,cloudy,auto,yes,0,92,direct,276.88
SCV20003847,commercial,residential,7.19,27.40,medium,afternoon,weekday,rainy,rapido,yes,0,127,direct,132.39
SCV20003848,metro_station,residential,4.19,12.90,medium,morning,weekday,clear,bus,yes,1,244,direct,15.12
SCV20003849,metro_station,office_area,5.96,56.30,medium,morning,weekday,clear,bus,yes,1,1425,multimodal,32.46
SCV20003850,college_area,metro_station,3.84,24.10,medium,morning,weekday,clear,metro,yes,0,169,direct,13.13
SCV20003851,metro_station,residential,5.19,32.10,low,afternoon,weekday,cloudy,metro,no,0,284,direct,10.00
SCV20003852,college_area,metro_station,4.74,42.00,low,morning,weekend,clear,auto,yes,2,1211,multimodal,170.46
SCV20003853,commercial,shopping_area,2.32,13.40,medium,morning,weekday,clear,rapido,yes,0,36,direct,63.65
SCV20003854,commercial,shopping_area,10.74,51.50,low,night,weekday,clear,metro,no,1,1073,multimodal,10.00
SCV20003855,airport,metro_station,30.58,91.80,low,afternoon,weekday,rainy,uber,no,0,98,direct,1364.19
SCV20003856,college_area,office_area,4.10,27.60,medium,morning,weekday,clear,bus,yes,0,131,direct,21.23
SCV20003857,commercial,residential,13.20,75.20,medium,morning,weekday,clear,bus,yes,1,394,multimodal,28.64
SCV20003858,metro_station,residential,4.30,20.50,low,night,weekday,clear,rapido,no,0,53,direct,84.29
SCV20003859,residential,office_area,14.35,85.40,medium,evening,weekend,rainy,ola,no,0,39,direct,638.51
SCV20003860,residential,commercial,8.94,39.00,medium,afternoon,weekday,cloudy,uber,yes,0,0,direct,499.45
SCV20003861,college_area,commercial,5.03,22.20,low,night,weekday,clear,ola,no,0,47,direct,210.30
SCV20003862,airport,metro_station,20.54,117.80,medium,evening,weekend,clear,auto,no,1,1000,multimodal,545.92
SCV20003863,college_area,residential,6.39,20.80,low,afternoon,weekday,cloudy,auto,no,0,0,direct,139.20
SCV20003864,residential,commercial,8.12,29.20,medium,morning,weekday,cloudy,metro,yes,1,210,direct,28.73
SCV20003865,metro_station,shopping_area,8.05,32.80,medium,morning,weekday,cloudy,bus,yes,0,130,direct,38.06
SCV20003866,airport,office_area,26.59,103.70,low,night,weekend,clear,auto,no,2,1801,multimodal,568.68
SCV20003867,college_area,residential,7.09,34.90,low,morning,weekday,clear,auto,yes,0,174,direct,182.61
SCV20003868,college_area,commercial,11.30,52.60,medium,morning,weekday,clear,uber,yes,0,19,direct,639.92
SCV20003869,college_area,metro_station,3.72,21.80,low,afternoon,weekday,clear,ola,no,0,31,direct,174.25
SCV20003870,college_area,commercial,5.70,50.00,high,evening,weekday,cloudy,uber,yes,0,95,direct,595.47
SCV20003871,airport,residential,32.19,141.30,medium,afternoon,weekday,rainy,bus,no,2,596,multimodal,54.30
SCV20003872,airport,metro_station,25.84,105.10,low,afternoon,weekday,clear,bus,no,1,841,multimodal,40.00
SCV20003873,airport,metro_station,25.10,150.00,high,evening,weekday,cloudy,uber,yes,0,39,direct,1500.00
SCV20003874,metro_station,residential,4.81,34.60,medium,evening,weekday,clear,ola,yes,0,123,direct,283.13
SCV20003875,residential,shopping_area,5.93,37.90,low,morning,weekend,cloudy,metro,no,1,1263,multimodal,29.01
SCV20003876,college_area,residential,8.42,40.50,medium,morning,weekday,cloudy,bus,yes,0,84,direct,13.69
SCV20003877,commercial,office_area,3.89,47.20,medium,morning,weekday,clear,rapido,yes,3,1531,multimodal,133.64
SCV20003878,metro_station,shopping_area,7.38,43.20,medium,evening,weekend,clear,ola,yes,0,46,direct,389.98
SCV20003879,residential,commercial,7.63,53.30,medium,morning,weekday,clear,rapido,yes,1,1190,multimodal,151.57
SCV20003880,commercial,shopping_area,3.92,17.00,medium,morning,weekday,clear,bus,yes,0,181,direct,15.96
SCV20003881,commercial,office_area,6.91,74.60,medium,morning,weekday,clear,metro,no,2,1463,multimodal,10.00
SCV20003882,commercial,shopping_area,8.54,29.60,low,morning,weekend,clear,ola,no,0,85,direct,296.74
SCV20003883,metro_station,office_area,4.56,46.90,low,morning,weekday,clear,metro,no,1,894,multimodal,23.36
SCV20003884,college_area,residential,2.22,36.60,low,afternoon,weekday,clear,ola,no,1,580,multimodal,186.55
SCV20003885,college_area,commercial,8.23,67.30,medium,evening,weekday,clear,bus,yes,1,1041,multimodal,18.84
SCV20003886,residential,commercial,8.69,44.00,medium,evening,weekday,clear,uber,yes,0,114,direct,497.26
SCV20003887,metro_station,residential,5.76,59.50,high,evening,weekday,clear,uber,yes,0,81,direct,616.17
SCV20003888,commercial,residential,4.87,50.80,medium,evening,weekday,cloudy,bus,yes,1,1092,multimodal,17.15
SCV20003889,residential,office_area,17.20,150.00,high,evening,weekday,rainy,metro,yes,1,1217,multimodal,65.88
SCV20003890,residential,metro_station,6.02,59.50,medium,evening,weekday,cloudy,metro,yes,1,961,multimodal,29.40
SCV20003891,commercial,shopping_area,7.75,40.30,medium,morning,weekend,cloudy,auto,yes,1,262,direct,208.49
SCV20003892,residential,office_area,8.71,41.40,medium,morning,weekday,cloudy,ola,yes,1,106,direct,381.42
SCV20003893,college_area,residential,8.28,46.60,medium,morning,weekday,clear,metro,yes,0,338,direct,23.69
SCV20003894,airport,commercial,27.06,78.90,low,night,weekday,rainy,uber,no,0,65,direct,1157.27
SCV20003895,commercial,metro_station,7.27,38.90,medium,morning,weekday,cloudy,uber,yes,0,45,direct,478.40
SCV20003896,metro_station,office_area,7.61,33.00,medium,morning,weekday,cloudy,ola,yes,0,69,direct,348.90
SCV20003897,airport,commercial,32.95,86.30,low,night,weekend,clear,metro,no,0,212,direct,33.46
SCV20003898,residential,office_area,5.31,34.50,medium,afternoon,weekday,clear,uber,yes,0,66,direct,381.42
SCV20003899,residential,office_area,7.19,31.60,low,afternoon,weekday,cloudy,rapido,no,0,129,direct,129.58
SCV20003900,residential,metro_station,4.74,23.40,medium,morning,weekday,clear,metro,yes,0,330,direct,10.00
SCV20003901,college_area,commercial,13.16,39.70,low,afternoon,weekday,cloudy,uber,no,0,86,direct,531.27
SCV20003902,commercial,office_area,4.88,48.70,high,morning,weekday,cloudy,ola,yes,0,53,direct,432.77
SCV20003903,residential,office_area,8.81,82.50,high,evening,weekday,rainy,bus,yes,0,125,direct,40.20
SCV20003904,metro_station,shopping_area,5.24,24.50,medium,morning,weekend,clear,auto,yes,0,44,direct,160.09
SCV20003905,residential,metro_station,4.49,24.20,medium,evening,weekday,clear,ola,yes,0,90,direct,245.99
SCV20003906,metro_station,shopping_area,5.00,26.60,low,night,weekend,clear,metro,no,0,162,direct,10.12
SCV20003907,metro_station,residential,6.49,36.80,medium,morning,weekday,clear,ola,yes,0,156,direct,331.33
SCV20003908,residential,metro_station,6.61,61.90,high,evening,weekday,clear,auto,yes,0,72,direct,283.89
SCV20003909,airport,commercial,30.52,150.00,high,evening,weekend,rainy,metro,yes,1,436,multimodal,63.98
SCV20003910,college_area,office_area,4.54,49.10,medium,evening,weekday,clear,metro,yes,1,974,multimodal,11.14
SCV20003911,residential,office_area,9.87,83.90,high,evening,weekday,clear,rapido,yes,0,87,direct,246.46
SCV20003912,residential,commercial,8.04,38.20,medium,afternoon,weekday,cloudy,ola,no,0,87,direct,329.31
SCV20003913,metro_station,commercial,2.23,55.40,medium,evening,weekend,cloudy,rapido,no,3,1648,multimodal,122.81
SCV20003914,commercial,shopping_area,6.29,36.20,low,night,weekend,clear,rapido,no,1,1084,multimodal,107.31
SCV20003915,college_area,commercial,7.30,51.80,medium,afternoon,weekday,rainy,rapido,no,1,651,multimodal,145.55
SCV20003916,metro_station,office_area,6.03,51.10,medium,morning,weekday,clear,metro,yes,1,1053,multimodal,14.55
SCV20003917,residential,metro_station,6.74,31.30,medium,morning,weekday,clear,rapido,yes,0,135,direct,119.37
SCV20003918,residential,metro_station,9.46,45.40,medium,morning,weekday,clear,rapido,yes,0,73,direct,172.15
SCV20003919,residential,office_area,7.16,73.90,medium,morning,weekday,rainy,metro,no,2,1470,multimodal,16.82
SCV20003920,airport,residential,19.34,119.10,medium,evening,weekend,cloudy,auto,no,1,881,multimodal,513.00
SCV20003921,commercial,shopping_area,9.00,71.00,low,afternoon,weekend,clear,metro,no,3,1252,multimodal,40.21
SCV20003922,residential,metro_station,4.95,44.90,low,night,weekday,clear,auto,no,3,1464,multimodal,174.87
SCV20003923,commercial,office_area,10.01,86.00,high,evening,weekday,cloudy,auto,yes,0,269,direct,414.02
SCV20003924,college_area,commercial,7.01,65.10,medium,evening,weekday,cloudy,bus,yes,2,1376,multimodal,26.74
SCV20003925,commercial,shopping_area,6.32,88.00,high,evening,weekday,rainy,metro,yes,2,1233,multimodal,21.80
SCV20003926,residential,office_area,11.74,56.90,medium,evening,weekend,cloudy,auto,no,0,52,direct,287.06
SCV20003927,metro_station,shopping_area,6.12,48.00,low,afternoon,weekend,rainy,bus,no,1,1014,multimodal,31.64
SCV20003928,commercial,metro_station,2.10,38.60,low,night,weekend,clear,bus,no,2,1277,multimodal,11.89
SCV20003929,metro_station,office_area,7.14,34.70,medium,morning,weekday,cloudy,metro,yes,0,222,direct,22.37
SCV20003930,commercial,shopping_area,3.23,41.00,medium,evening,weekday,clear,rapido,yes,1,1071,multimodal,105.58
SCV20003931,metro_station,shopping_area,2.84,11.30,low,night,weekend,clear,ola,no,0,85,direct,139.24
SCV20003932,commercial,shopping_area,5.63,32.60,medium,afternoon,weekday,clear,ola,no,0,93,direct,256.47
SCV20003933,airport,residential,28.71,95.50,medium,afternoon,weekday,clear,auto,no,0,71,direct,599.29
SCV20003934,residential,office_area,10.49,46.90,medium,morning,weekday,clear,rapido,yes,0,52,direct,183.41
SCV20003935,college_area,metro_station,3.05,23.20,medium,morning,weekday,clear,ola,yes,0,103,direct,185.21
SCV20003936,college_area,residential,9.90,40.50,medium,morning,weekday,clear,ola,yes,0,84,direct,429.61
SCV20003937,airport,residential,33.73,124.80,low,afternoon,weekday,cloudy,ola,no,2,1263,multimodal,1111.71
SCV20003938,residential,office_area,6.46,61.50,high,evening,weekday,clear,ola,yes,0,18,direct,538.39
SCV20003939,residential,metro_station,4.70,51.80,medium,evening,weekend,clear,metro,yes,1,1099,multimodal,30.08
SCV20003940,airport,residential,20.02,97.60,medium,evening,weekend,clear,ola,no,1,46,direct,755.50
SCV20003941,college_area,office_area,9.99,68.20,medium,afternoon,weekday,clear,bus,yes,1,555,multimodal,27.24
SCV20003942,metro_station,commercial,6.11,45.20,medium,evening,weekday,clear,uber,yes,0,134,direct,445.09
SCV20003943,commercial,shopping_area,10.28,78.90,high,evening,weekday,clear,ola,yes,0,75,direct,668.47
SCV20003944,commercial,residential,6.26,30.40,medium,afternoon,weekday,clear,ola,yes,1,97,direct,289.89
SCV20003945,airport,commercial,25.95,106.30,medium,afternoon,weekday,rainy,ola,no,1,899,multimodal,1055.20
SCV20003946,airport,commercial,21.71,109.10,medium,evening,weekend,clear,auto,no,0,0,direct,558.68
SCV20003947,commercial,metro_station,4.05,55.80,medium,evening,weekend,cloudy,rapido,no,2,1459,multimodal,123.89
SCV20003948,metro_station,commercial,4.74,35.40,medium,morning,weekday,clear,uber,yes,0,172,direct,361.75
SCV20003949,commercial,residential,6.23,31.70,medium,morning,weekday,cloudy,rapido,no,0,46,direct,95.37
SCV20003950,commercial,office_area,6.81,37.80,medium,morning,weekday,clear,auto,yes,0,87,direct,184.82
SCV20003951,commercial,metro_station,6.72,64.60,high,evening,weekday,clear,auto,yes,0,8,direct,293.20
SCV20003952,residential,office_area,7.96,74.70,medium,morning,weekday,clear,metro,yes,3,2500,multimodal,33.91
SCV20003953,residential,commercial,3.43,47.40,medium,evening,weekday,clear,rapido,yes,1,1033,multimodal,95.57
SCV20003954,residential,metro_station,5.67,32.60,medium,morning,weekday,clear,auto,yes,0,28,direct,178.80
SCV20003955,metro_station,office_area,8.60,26.70,low,afternoon,weekend,clear,ola,yes,0,136,direct,308.93
SCV20003956,commercial,residential,7.53,72.10,medium,evening,weekday,clear,auto,yes,2,1533,multimodal,273.12
SCV20003957,residential,metro_station,4.54,34.10,high,morning,weekday,rainy,rapido,yes,0,57,direct,137.30
SCV20003958,residential,commercial,6.92,31.80,low,night,weekday,rainy,uber,no,0,25,direct,361.40
SCV20003959,airport,residential,30.01,108.00,low,night,weekend,clear,metro,no,1,1499,multimodal,58.96
SCV20003960,college_area,residential,6.06,20.90,low,afternoon,weekday,clear,uber,no,0,87,direct,278.76
SCV20003961,college_area,office_area,12.20,87.70,medium,afternoon,weekday,clear,bus,yes,2,1864,multimodal,36.06
SCV20003962,commercial,shopping_area,6.92,51.90,medium,morning,weekday,clear,metro,yes,2,1508,multimodal,17.10
SCV20003963,commercial,metro_station,3.09,24.10,medium,evening,weekday,cloudy,bus,no,0,201,direct,10.18
SCV20003964,airport,residential,21.08,96.40,medium,afternoon,weekend,clear,ola,yes,1,901,multimodal,970.14
SCV20003965,commercial,office_area,6.58,82.00,high,evening,weekday,rainy,uber,yes,1,1282,multimodal,884.84
SCV20003966,commercial,metro_station,3.86,27.60,medium,morning,weekday,rainy,ola,yes,0,75,direct,258.33
SCV20003967,college_area,residential,5.78,58.50,medium,evening,weekday,clear,metro,yes,1,1375,multimodal,12.71
SCV20003968,metro_station,residential,4.40,44.30,high,evening,weekday,cloudy,uber,yes,0,35,direct,515.39
SCV20003969,metro_station,commercial,3.56,33.40,low,afternoon,weekday,clear,bus,no,1,641,multimodal,13.68
SCV20003970,commercial,residential,7.88,58.70,medium,morning,weekday,clear,rapido,yes,2,1246,multimodal,181.66
SCV20003971,college_area,commercial,5.90,29.60,medium,evening,weekday,clear,ola,yes,0,53,direct,268.69
SCV20003972,college_area,residential,7.27,28.50,medium,morning,weekday,clear,rapido,yes,0,78,direct,117.32
SCV20003973,commercial,residential,10.94,34.10,low,afternoon,weekday,clear,metro,no,0,240,direct,17.11
SCV20003974,airport,office_area,26.00,135.50,medium,morning,weekend,rainy,bus,no,1,1202,multimodal,83.39
SCV20003975,residential,shopping_area,8.25,30.10,medium,afternoon,weekday,clear,ola,yes,0,65,direct,348.95
SCV20003976,metro_station,commercial,5.75,63.80,medium,morning,weekday,clear,metro,yes,1,1731,multimodal,44.30
SCV20003977,residential,office_area,5.89,24.80,medium,afternoon,weekday,clear,auto,yes,0,46,direct,169.45
SCV20003978,commercial,office_area,6.81,37.80,medium,afternoon,weekday,rainy,rapido,no,0,167,direct,123.83
SCV20003979,college_area,metro_station,8.33,30.20,medium,afternoon,weekday,clear,ola,yes,0,67,direct,359.25
SCV20003980,college_area,office_area,5.49,46.80,low,afternoon,weekend,clear,metro,yes,1,1223,multimodal,10.00
SCV20003981,residential,commercial,11.43,41.40,low,afternoon,weekday,clear,uber,no,0,134,direct,462.74
SCV20003982,commercial,shopping_area,7.20,27.90,low,night,weekend,clear,ola,no,0,23,direct,258.74
SCV20003983,residential,metro_station,5.40,26.00,medium,afternoon,weekend,clear,rapido,yes,0,120,direct,106.18
SCV20003984,residential,office_area,11.09,46.20,medium,morning,weekday,cloudy,auto,yes,0,0,direct,274.87
SCV20003985,airport,residential,20.45,52.70,low,night,weekday,clear,rapido,no,0,39,direct,224.16
SCV20003986,residential,metro_station,9.21,48.30,medium,evening,weekend,clear,rapido,yes,0,96,direct,166.08
SCV20003987,commercial,metro_station,3.15,39.10,medium,evening,weekday,clear,uber,yes,1,104,direct,341.29
SCV20003988,residential,office_area,11.22,78.50,high,morning,weekday,rainy,ola,yes,0,84,direct,795.55
SCV20003989,commercial,shopping_area,6.17,34.70,medium,evening,weekend,rainy,bus,no,0,245,direct,30.96
SCV20003990,airport,commercial,22.76,117.00,medium,evening,weekday,clear,ola,no,0,81,direct,895.80
SCV20003991,commercial,shopping_area,4.76,53.60,medium,evening,weekday,clear,auto,yes,1,878,multimodal,211.15
SCV20003992,commercial,metro_station,6.06,60.30,medium,afternoon,weekday,clear,bus,yes,1,1128,multimodal,31.49
SCV20003993,commercial,office_area,4.47,30.00,medium,morning,weekday,clear,bus,yes,0,152,direct,37.92
SCV20003994,commercial,residential,12.01,44.50,medium,afternoon,weekday,clear,ola,yes,0,129,direct,458.61
SCV20003995,residential,office_area,8.06,64.00,medium,morning,weekday,clear,uber,yes,2,1088,multimodal,579.16
SCV20003996,airport,commercial,24.35,68.20,low,afternoon,weekend,clear,ola,no,0,150,direct,745.99
SCV20003997,residential,office_area,15.63,64.10,medium,morning,weekday,cloudy,ola,yes,0,81,direct,610.88
SCV20003998,metro_station,office_area,6.25,54.70,high,evening,weekday,rainy,ola,yes,0,0,direct,495.77
SCV20003999,residential,office_area,7.43,59.30,medium,evening,weekend,cloudy,ola,yes,1,1129,multimodal,424.29
SCV20004000,metro_station,residential,5.28,35.10,medium,morning,weekday,clear,metro,yes,0,297,direct,21.15
SCV20004001,metro_station,office_area,9.13,44.60,medium,morning,weekday,clear,uber,yes,0,28,direct,541.27
SCV20004002,residential,office_area,5.18,76.80,high,evening,weekday,clear,rapido,yes,2,784,multimodal,189.59
SCV20004003,residential,office_area,9.25,73.50,high,evening,weekday,clear,ola,yes,0,68,direct,659.00
SCV20004004,residential,office_area,8.45,40.90,medium,evening,weekday,clear,auto,yes,0,64,direct,229.23
SCV20004005,commercial,shopping_area,7.57,47.40,medium,morning,weekday,clear,auto,yes,0,133,direct,224.54
SCV20004006,metro_station,residential,5.55,56.20,high,evening,weekday,cloudy,ola,yes,0,28,direct,493.38
SCV20004007,college_area,office_area,9.10,51.70,medium,evening,weekday,clear,ola,no,0,55,direct,372.65
SCV20004008,residential,office_area,11.26,76.80,medium,morning,weekday,cloudy,metro,no,1,1114,multimodal,43.26
SCV20004009,commercial,shopping_area,8.22,86.70,medium,evening,weekday,cloudy,bus,yes,2,1166,multimodal,32.74
SCV20004010,college_area,metro_station,2.44,21.50,medium,evening,weekday,cloudy,auto,yes,0,0,direct,105.64
SCV20004011,metro_station,shopping_area,5.42,38.10,medium,evening,weekday,clear,auto,no,0,0,direct,154.25
SCV20004012,metro_station,commercial,3.75,40.90,high,evening,weekday,clear,rapido,yes,0,0,direct,143.93
SCV20004013,commercial,shopping_area,3.98,26.10,low,afternoon,weekday,clear,uber,no,1,128,direct,239.45
SCV20004014,residential,metro_station,6.13,57.30,medium,evening,weekday,clear,auto,yes,2,1048,multimodal,250.61
SCV20004015,college_area,commercial,4.75,39.20,medium,morning,weekday,clear,ola,yes,0,44,direct,298.32
SCV20004016,residential,office_area,13.48,43.50,low,afternoon,weekday,clear,ola,no,0,102,direct,387.22
SCV20004017,commercial,metro_station,5.41,54.70,medium,evening,weekday,clear,bus,yes,1,354,multimodal,24.38
SCV20004018,commercial,residential,6.88,74.30,medium,morning,weekday,clear,metro,yes,2,1899,multimodal,29.57
SCV20004019,metro_station,shopping_area,9.00,51.20,low,morning,weekend,clear,rapido,no,2,1595,multimodal,143.96
SCV20004020,commercial,metro_station,6.79,55.50,medium,evening,weekday,cloudy,auto,no,0,0,direct,208.12
SCV20004021,metro_station,commercial,8.73,45.40,medium,evening,weekday,clear,ola,no,0,128,direct,343.22
SCV20004022,metro_station,commercial,6.22,26.90,low,afternoon,weekday,clear,bus,no,0,167,direct,15.62
SCV20004023,metro_station,shopping_area,3.40,33.50,medium,evening,weekday,cloudy,bus,yes,0,250,direct,26.72
SCV20004024,college_area,residential,4.50,24.90,medium,afternoon,weekday,clear,ola,yes,0,37,direct,256.89
SCV20004025,residential,commercial,11.59,49.40,medium,afternoon,weekday,rainy,ola,yes,0,136,direct,530.35
SCV20004026,commercial,metro_station,7.36,36.60,medium,morning,weekday,clear,uber,yes,0,132,direct,445.94
SCV20004027,airport,commercial,30.61,104.10,medium,afternoon,weekday,cloudy,metro,yes,0,184,direct,64.43
SCV20004028,commercial,shopping_area,1.70,15.70,medium,afternoon,weekday,clear,ola,yes,0,185,direct,160.49
SCV20004029,residential,commercial,11.08,36.20,low,night,weekday,cloudy,auto,no,0,88,direct,240.43
SCV20004030,metro_station,office_area,5.54,26.70,medium,morning,weekday,clear,auto,yes,0,35,direct,155.78
SCV20004031,metro_station,commercial,6.81,45.40,low,night,weekend,clear,metro,no,1,1134,multimodal,17.68
SCV20004032,college_area,office_area,11.83,76.70,medium,evening,weekday,clear,rapido,yes,1,453,multimodal,200.02
SCV20004033,commercial,office_area,8.78,29.60,low,night,weekend,cloudy,uber,no,0,98,direct,393.96
SCV20004034,residential,metro_station,4.10,47.90,medium,afternoon,weekday,clear,bus,no,1,1110,multimodal,34.82
SCV20004035,airport,metro_station,24.80,150.00,high,evening,weekend,clear,auto,yes,0,101,direct,932.07
SCV20004036,metro_station,shopping_area,4.64,23.80,medium,afternoon,weekday,cloudy,rapido,yes,0,88,direct,88.94
SCV20004037,metro_station,residential,3.44,28.50,medium,evening,weekday,clear,metro,yes,0,171,direct,25.37
SCV20004038,airport,commercial,14.73,94.30,medium,evening,weekend,clear,metro,yes,1,818,multimodal,33.94
SCV20004039,commercial,residential,3.13,53.90,low,evening,weekend,clear,bus,no,2,1549,multimodal,38.14
SCV20004040,commercial,residential,7.66,30.20,medium,morning,weekday,clear,uber,yes,0,171,direct,436.80
SCV20004041,college_area,office_area,8.89,36.90,medium,morning,weekday,clear,uber,yes,0,96,direct,468.44
SCV20004042,residential,metro_station,4.78,25.90,medium,morning,weekday,clear,rapido,yes,0,131,direct,88.35
SCV20004043,commercial,shopping_area,6.59,27.30,medium,afternoon,weekday,rainy,uber,no,0,4,direct,409.23
SCV20004044,metro_station,commercial,3.84,34.90,medium,morning,weekday,cloudy,uber,yes,0,90,direct,342.26
SCV20004045,commercial,shopping_area,6.24,55.00,high,evening,weekday,clear,uber,yes,0,117,direct,601.60
SCV20004046,commercial,residential,9.42,39.30,medium,afternoon,weekday,clear,rapido,yes,0,190,direct,150.83
SCV20004047,metro_station,shopping_area,8.39,52.20,medium,morning,weekday,clear,metro,yes,1,886,multimodal,10.00
SCV20004048,residential,commercial,7.81,37.20,medium,evening,weekend,clear,ola,no,0,136,direct,340.42
SCV20004049,commercial,residential,6.17,22.60,low,night,weekday,clear,rapido,no,0,151,direct,90.43
SCV20004050,college_area,commercial,8.83,49.40,medium,evening,weekend,cloudy,ola,no,0,0,direct,367.30
SCV20004051,residential,commercial,7.26,30.40,medium,morning,weekday,cloudy,uber,yes,0,62,direct,419.92
SCV20004052,residential,metro_station,5.75,22.30,low,morning,weekend,clear,uber,no,0,0,direct,285.83
SCV20004053,commercial,residential,10.47,29.60,low,night,weekday,cloudy,auto,no,0,17,direct,210.62
SCV20004054,college_area,residential,8.74,22.90,low,afternoon,weekday,clear,ola,yes,0,0,direct,301.52
SCV20004055,metro_station,shopping_area,4.11,34.10,medium,evening,weekend,clear,auto,yes,0,92,direct,112.72
SCV20004056,metro_station,shopping_area,5.63,27.70,low,afternoon,weekend,clear,uber,yes,0,29,direct,331.28
SCV20004057,commercial,shopping_area,7.73,73.50,high,evening,weekday,cloudy,ola,yes,0,55,direct,647.66
SCV20004058,commercial,shopping_area,4.18,14.60,low,afternoon,weekday,clear,auto,no,0,140,direct,92.54
SCV20004059,metro_station,office_area,7.89,63.90,high,morning,weekday,rainy,auto,yes,0,56,direct,331.41
SCV20004060,residential,metro_station,4.07,27.40,medium,morning,weekday,cloudy,ola,no,0,145,direct,233.49
SCV20004061,commercial,shopping_area,8.55,30.00,low,morning,weekend,clear,auto,no,0,73,direct,149.09
SCV20004062,metro_station,commercial,5.52,65.30,medium,afternoon,weekday,cloudy,metro,yes,2,1149,multimodal,31.07
SCV20004063,college_area,metro_station,8.74,67.60,medium,morning,weekday,clear,bus,yes,1,1244,multimodal,34.11
SCV20004064,commercial,metro_station,3.62,22.20,medium,morning,weekday,clear,ola,no,0,51,direct,184.63
SCV20004065,college_area,commercial,7.78,27.20,low,afternoon,weekday,clear,auto,no,0,89,direct,165.64
SCV20004066,metro_station,commercial,6.30,41.10,medium,morning,weekday,clear,ola,yes,0,0,direct,350.04
SCV20004067,metro_station,residential,2.94,17.30,medium,morning,weekday,clear,auto,yes,0,101,direct,109.64
SCV20004068,residential,office_area,9.16,31.40,low,afternoon,weekend,clear,auto,no,1,70,direct,180.73
SCV20004069,residential,office_area,6.94,44.60,medium,morning,weekday,clear,metro,yes,1,170,direct,21.56
SCV20004070,metro_station,residential,4.86,36.40,medium,afternoon,weekday,clear,bus,yes,1,1021,multimodal,31.05
SCV20004071,metro_station,commercial,2.24,20.10,medium,morning,weekday,clear,ola,yes,0,17,direct,177.72
SCV20004072,airport,office_area,28.47,113.50,low,evening,weekend,clear,rapido,no,0,129,direct,357.53
SCV20004073,metro_station,commercial,6.72,51.30,high,morning,weekday,rainy,ola,yes,0,80,direct,549.57
SCV20004074,metro_station,office_area,8.37,55.00,low,night,weekend,cloudy,bus,no,1,975,multimodal,24.00
SCV20004075,commercial,office_area,7.41,46.00,medium,evening,weekday,clear,uber,yes,1,25,direct,598.97
SCV20004076,airport,office_area,32.24,109.90,low,night,weekend,clear,metro,no,1,833,multimodal,22.65
SCV20004077,residential,office_area,8.89,27.80,low,afternoon,weekend,clear,uber,no,0,172,direct,375.57
SCV20004078,residential,metro_station,5.65,41.50,medium,evening,weekday,clear,rapido,yes,1,93,direct,122.66
SCV20004079,commercial,residential,10.88,46.70,medium,afternoon,weekday,clear,auto,yes,0,55,direct,283.45
SCV20004080,metro_station,commercial,1.65,28.90,high,evening,weekday,clear,uber,yes,0,51,direct,286.96
SCV20004081,commercial,metro_station,7.82,69.80,medium,evening,weekday,clear,metro,yes,2,1101,multimodal,26.55
SCV20004082,residential,metro_station,7.88,76.80,high,morning,weekday,cloudy,uber,yes,1,817,multimodal,855.82
SCV20004083,metro_station,office_area,10.66,33.00,low,afternoon,weekday,clear,uber,no,0,41,direct,412.58
SCV20004084,residential,metro_station,6.55,85.20,high,evening,weekday,clear,auto,yes,2,895,multimodal,375.07
SCV20004085,residential,commercial,6.29,48.60,high,evening,weekday,clear,ola,yes,0,0,direct,450.45
SCV20004086,residential,metro_station,8.28,69.10,high,evening,weekday,clear,uber,yes,0,115,direct,798.22
SCV20004087,metro_station,commercial,7.22,37.90,medium,morning,weekday,clear,ola,yes,0,124,direct,363.45
SCV20004088,residential,office_area,11.02,63.70,medium,evening,weekday,clear,ola,yes,0,28,direct,509.73
SCV20004089,commercial,metro_station,7.42,38.00,medium,evening,weekday,cloudy,uber,no,0,35,direct,428.90
SCV20004090,college_area,commercial,5.08,25.00,medium,morning,weekday,clear,bus,yes,0,209,direct,12.19
SCV20004091,commercial,residential,12.33,63.70,medium,evening,weekend,cloudy,rapido,no,0,57,direct,203.99
SCV20004092,residential,office_area,15.07,81.50,medium,morning,weekend,cloudy,auto,no,1,1014,multimodal,384.88
SCV20004093,metro_station,residential,3.34,36.50,high,evening,weekday,rainy,uber,yes,0,44,direct,574.25
SCV20004094,airport,metro_station,28.43,76.40,low,night,weekend,clear,auto,no,0,90,direct,518.80
SCV20004095,metro_station,commercial,5.18,42.80,medium,morning,weekday,clear,metro,yes,0,284,direct,14.75
SCV20004096,metro_station,shopping_area,4.85,44.30,low,afternoon,weekend,clear,metro,no,2,1033,multimodal,15.91
SCV20004097,residential,commercial,7.05,61.90,high,evening,weekday,clear,ola,yes,1,0,direct,505.57
SCV20004098,college_area,residential,7.87,54.20,medium,evening,weekday,clear,metro,yes,1,1347,multimodal,26.44
SCV20004099,commercial,shopping_area,4.07,29.60,medium,morning,weekend,rainy,auto,no,0,197,direct,118.47
SCV20004100,commercial,shopping_area,8.86,71.70,high,evening,weekday,rainy,rapido,yes,0,90,direct,233.36
SCV20004101,residential,metro_station,8.98,56.60,medium,morning,weekday,rainy,auto,yes,1,1371,multimodal,292.78
SCV20004102,residential,metro_station,4.50,26.50,medium,morning,weekday,clear,ola,no,0,70,direct,277.71
SCV20004103,airport,commercial,25.47,70.70,low,night,weekday,cloudy,uber,no,0,62,direct,1015.39
SCV20004104,residential,office_area,8.43,28.50,low,afternoon,weekday,clear,uber,no,0,94,direct,367.47
SCV20004105,commercial,metro_station,3.54,24.80,medium,morning,weekday,cloudy,ola,yes,0,101,direct,241.00
SCV20004106,college_area,residential,9.03,51.60,medium,evening,weekday,clear,ola,yes,0,0,direct,444.23
SCV20004107,residential,metro_station,6.43,101.70,high,evening,weekday,clear,bus,yes,3,2311,multimodal,32.88
SCV20004108,college_area,office_area,6.44,68.80,medium,evening,weekday,cloudy,bus,yes,1,1143,multimodal,10.00
SCV20004109,airport,commercial,17.54,79.10,low,night,weekend,clear,ola,no,2,1493,multimodal,666.41
SCV20004110,residential,commercial,7.16,26.10,low,afternoon,weekend,clear,rapido,no,0,103,direct,102.56
SCV20004111,residential,commercial,8.79,102.80,high,evening,weekday,clear,auto,yes,2,1882,multimodal,413.74
SCV20004112,college_area,residential,8.41,46.00,medium,evening,weekday,clear,uber,yes,0,52,direct,505.96
SCV20004113,commercial,residential,9.96,46.20,medium,morning,weekday,clear,bus,no,0,189,direct,21.80
SCV20004114,residential,metro_station,5.18,16.00,low,night,weekend,clear,uber,no,0,145,direct,252.42
SCV20004115,residential,metro_station,3.74,30.20,medium,evening,weekday,clear,auto,yes,0,100,direct,146.65
SCV20004116,residential,shopping_area,10.21,83.30,high,evening,weekday,cloudy,metro,yes,0,222,direct,40.28
SCV20004117,airport,metro_station,20.55,99.30,low,afternoon,weekday,clear,ola,no,3,1219,multimodal,873.51
SCV20004118,residential,metro_station,5.75,65.40,high,evening,weekday,rainy,uber,yes,0,14,direct,701.49
SCV20004119,commercial,residential,5.10,18.60,low,night,weekend,clear,metro,no,0,159,direct,10.00
SCV20004120,metro_station,residential,7.29,36.60,medium,morning,weekday,clear,ola,yes,0,131,direct,360.65
SCV20004121,metro_station,shopping_area,5.93,38.60,medium,morning,weekday,cloudy,metro,yes,0,69,direct,10.00
SCV20004122,commercial,metro_station,3.10,25.50,medium,morning,weekday,rainy,rapido,yes,0,102,direct,77.57
SCV20004123,residential,office_area,8.20,33.10,low,night,weekday,clear,metro,no,0,286,direct,13.82
SCV20004124,college_area,office_area,8.72,35.00,medium,afternoon,weekday,cloudy,bus,yes,0,104,direct,36.26
SCV20004125,residential,commercial,9.09,65.90,medium,morning,weekday,clear,metro,yes,1,1401,multimodal,15.37
SCV20004126,college_area,metro_station,5.75,25.30,medium,afternoon,weekday,rainy,uber,no,0,108,direct,364.81
SCV20004127,residential,metro_station,5.12,55.80,medium,morning,weekday,clear,metro,yes,3,1340,multimodal,10.00
SCV20004128,commercial,residential,7.58,62.00,low,night,weekday,clear,metro,no,2,1197,multimodal,22.85
SCV20004129,airport,residential,23.32,64.80,low,night,weekday,clear,auto,no,0,92,direct,420.74
SCV20004130,commercial,residential,9.48,32.30,low,night,weekday,clear,uber,no,0,40,direct,407.06
SCV20004131,commercial,residential,9.05,35.40,low,evening,weekend,clear,ola,no,0,155,direct,322.23
SCV20004132,residential,commercial,4.69,22.30,low,night,weekday,cloudy,uber,no,0,108,direct,254.19
SCV20004133,metro_station,office_area,2.42,19.90,medium,evening,weekday,clear,uber,no,0,1,direct,182.53
SCV20004134,college_area,office_area,6.75,23.20,low,morning,weekday,clear,ola,no,0,83,direct,225.50
SCV20004135,residential,office_area,14.45,71.10,medium,afternoon,weekday,clear,bus,yes,1,489,multimodal,26.03
SCV20004136,college_area,commercial,7.46,31.60,medium,afternoon,weekday,clear,uber,yes,0,48,direct,439.24
SCV20004137,metro_station,commercial,1.58,21.60,medium,evening,weekday,clear,uber,no,0,91,direct,185.24
SCV20004138,college_area,office_area,8.74,45.20,medium,morning,weekday,clear,auto,yes,0,73,direct,236.52
SCV20004139,commercial,metro_station,6.46,30.90,medium,afternoon,weekday,clear,rapido,yes,0,0,direct,125.74
SCV20004140,commercial,office_area,5.84,31.70,medium,evening,weekday,clear,uber,yes,1,126,direct,399.32
SCV20004141,residential,metro_station,4.24,19.60,medium,morning,weekday,clear,uber,yes,1,64,direct,285.20
SCV20004142,airport,commercial,24.25,99.20,low,night,weekend,clear,metro,no,1,1083,multimodal,33.73
SCV20004143,commercial,office_area,7.79,80.40,high,evening,weekday,rainy,bus,yes,1,248,direct,57.10
SCV20004144,residential,office_area,4.78,48.70,low,morning,weekday,clear,bus,no,1,1310,multimodal,14.75
SCV20004145,college_area,commercial,8.72,63.70,low,morning,weekend,cloudy,bus,no,1,1433,multimodal,29.93
SCV20004146,commercial,residential,9.59,54.00,low,night,weekday,clear,metro,no,2,1280,multimodal,24.84
SCV20004147,residential,office_area,9.12,26.80,low,night,weekday,clear,uber,no,0,110,direct,364.27
SCV20004148,airport,commercial,29.01,150.00,medium,evening,weekend,clear,rapido,no,2,1750,multimodal,440.43
SCV20004149,commercial,office_area,3.29,26.10,medium,evening,weekend,clear,metro,no,0,187,direct,14.80
SCV20004150,commercial,metro_station,4.65,8.90,low,night,weekend,clear,uber,no,0,68,direct,211.14
SCV20004151,airport,commercial,27.05,150.00,high,evening,weekday,clear,rapido,yes,0,113,direct,642.89
SCV20004152,college_area,residential,7.25,45.20,medium,evening,weekday,clear,bus,yes,0,198,direct,25.11
SCV20004153,residential,office_area,9.79,48.10,medium,morning,weekday,clear,uber,no,0,109,direct,468.06
SCV20004154,residential,office_area,8.56,81.30,high,evening,weekday,cloudy,ola,yes,0,94,direct,688.57
SCV20004155,residential,metro_station,6.89,68.80,medium,evening,weekday,cloudy,bus,yes,1,914,multimodal,28.03
SCV20004156,commercial,office_area,6.32,46.10,high,morning,weekday,cloudy,uber,yes,0,2,direct,552.66
SCV20004157,commercial,metro_station,7.07,31.90,medium,morning,weekday,clear,ola,yes,0,103,direct,315.25
SCV20004158,commercial,metro_station,3.56,18.60,medium,morning,weekday,clear,ola,yes,0,28,direct,189.75
SCV20004159,metro_station,commercial,4.01,72.40,low,afternoon,weekday,cloudy,metro,no,3,1753,multimodal,22.45
SCV20004160,metro_station,shopping_area,7.51,26.70,low,afternoon,weekday,clear,ola,no,0,154,direct,239.64
SCV20004161,residential,office_area,10.98,59.70,medium,evening,weekday,clear,metro,yes,0,188,direct,33.60
SCV20004162,residential,commercial,8.97,53.10,medium,evening,weekday,clear,uber,yes,0,80,direct,539.78
SCV20004163,airport,residential,25.13,79.30,medium,night,weekday,rainy,uber,yes,0,84,direct,1381.90
SCV20004164,airport,residential,19.17,51.10,low,night,weekday,clear,auto,no,0,55,direct,331.24
SCV20004165,commercial,office_area,3.38,22.60,medium,morning,weekday,clear,auto,yes,1,85,direct,142.66
SCV20004166,commercial,metro_station,3.83,18.20,medium,morning,weekday,clear,auto,yes,0,102,direct,127.88
SCV20004167,metro_station,residential,6.43,60.70,low,night,weekday,clear,metro,no,3,1806,multimodal,10.00
SCV20004168,college_area,metro_station,3.84,15.10,medium,morning,weekday,cloudy,ola,yes,0,56,direct,209.67
SCV20004169,residential,metro_station,2.51,20.70,medium,morning,weekday,clear,ola,yes,0,3,direct,186.38
SCV20004170,residential,shopping_area,5.82,24.90,medium,morning,weekend,rainy,rapido,no,1,212,direct,98.00
SCV20004171,airport,office_area,17.65,128.10,medium,evening,weekend,cloudy,metro,no,2,1530,multimodal,37.19
SCV20004172,residential,office_area,10.55,45.80,medium,morning,weekday,rainy,ola,yes,0,107,direct,493.18
SCV20004173,college_area,metro_station,4.35,36.20,medium,evening,weekday,clear,ola,yes,0,76,direct,285.13
SCV20004174,metro_station,residential,5.76,69.90,medium,evening,weekday,clear,bus,yes,2,1116,multimodal,10.00
SCV20004175,commercial,metro_station,5.30,69.50,high,evening,weekend,rainy,uber,yes,1,1052,multimodal,727.54
SCV20004176,college_area,commercial,12.13,37.30,low,afternoon,weekday,clear,uber,no,0,192,direct,467.23
SCV20004177,commercial,metro_station,3.86,35.20,medium,evening,weekend,cloudy,rapido,no,0,52,direct,79.13
SCV20004178,metro_station,office_area,6.61,23.00,low,afternoon,weekday,clear,auto,no,0,91,direct,132.80
SCV20004179,commercial,shopping_area,7.44,17.00,low,night,weekday,clear,auto,no,0,44,direct,140.22
SCV20004180,commercial,shopping_area,5.09,39.70,medium,evening,weekend,clear,rapido,yes,1,707,multimodal,130.27
SCV20004181,commercial,metro_station,3.58,14.60,low,afternoon,weekend,rainy,ola,no,0,13,direct,190.29
SCV20004182,airport,residential,27.24,150.00,medium,evening,weekend,clear,metro,no,1,1610,multimodal,42.28
SCV20004183,commercial,shopping_area,7.13,21.50,low,afternoon,weekday,clear,rapido,yes,1,156,direct,106.82
SCV20004184,residential,metro_station,7.00,58.10,medium,evening,weekday,clear,rapido,yes,1,1131,multimodal,148.32
SCV20004185,college_area,office_area,3.63,22.50,medium,evening,weekday,clear,uber,yes,0,165,direct,279.43
SCV20004186,residential,commercial,10.67,54.90,medium,evening,weekday,clear,rapido,yes,0,11,direct,182.65
SCV20004187,college_area,residential,6.33,39.00,medium,morning,weekend,cloudy,metro,yes,0,266,direct,18.80
SCV20004188,residential,metro_station,4.71,56.30,low,afternoon,weekday,cloudy,rapido,no,3,1497,multimodal,118.75
SCV20004189,metro_station,residential,4.39,50.50,medium,morning,weekday,cloudy,metro,yes,1,1584,multimodal,25.02
SCV20004190,airport,commercial,28.40,150.00,medium,evening,weekday,clear,rapido,yes,3,1888,multimodal,528.16
SCV20004191,residential,commercial,6.38,21.40,low,night,weekday,clear,ola,no,0,11,direct,227.28
SCV20004192,residential,commercial,9.56,52.10,medium,evening,weekday,clear,auto,yes,0,131,direct,249.17
SCV20004193,metro_station,commercial,5.10,45.70,high,evening,weekday,clear,rapido,yes,0,107,direct,148.80
SCV20004194,commercial,shopping_area,5.36,22.00,medium,evening,weekday,clear,uber,no,0,110,direct,256.22
SCV20004195,metro_station,office_area,5.46,20.40,low,night,weekend,clear,ola,no,0,149,direct,270.49
SCV20004196,residential,commercial,13.27,52.10,medium,morning,weekday,clear,ola,yes,0,0,direct,540.15
SCV20004197,commercial,metro_station,3.62,23.10,medium,morning,weekday,cloudy,auto,yes,0,176,direct,139.52
SCV20004198,commercial,shopping_area,6.51,23.90,low,night,weekend,clear,ola,no,0,64,direct,243.91
SCV20004199,airport,commercial,30.42,75.80,low,night,weekend,clear,metro,no,0,159,direct,34.67
SCV20004200,college_area,office_area,8.86,36.90,medium,afternoon,weekday,cloudy,ola,yes,0,190,direct,393.75
SCV20004201,commercial,residential,12.70,91.60,medium,evening,weekday,clear,bus,no,2,925,multimodal,46.61
SCV20004202,metro_station,commercial,4.44,33.00,medium,evening,weekday,clear,auto,yes,0,213,direct,153.96
SCV20004203,metro_station,commercial,6.52,36.00,medium,afternoon,weekday,rainy,auto,yes,0,110,direct,228.89
SCV20004204,college_area,commercial,8.90,45.70,medium,evening,weekday,cloudy,auto,yes,0,96,direct,218.80
SCV20004205,airport,residential,19.54,69.90,low,night,weekday,clear,metro,no,1,891,multimodal,26.08
SCV20004206,metro_station,office_area,10.46,140.50,high,evening,weekday,rainy,metro,yes,3,1477,multimodal,46.53
SCV20004207,commercial,metro_station,4.53,25.40,medium,morning,weekday,clear,auto,yes,0,75,direct,139.84
SCV20004208,metro_station,commercial,2.18,33.80,high,evening,weekend,clear,rapido,yes,0,63,direct,113.59
SCV20004209,commercial,shopping_area,8.54,43.00,medium,evening,weekday,cloudy,bus,yes,0,170,direct,15.83
SCV20004210,metro_station,residential,6.37,71.40,medium,morning,weekday,clear,metro,yes,2,1485,multimodal,36.99
SCV20004211,metro_station,office_area,6.51,49.40,medium,evening,weekend,clear,uber,yes,0,171,direct,473.63
SCV20004212,metro_station,residential,5.38,25.70,low,morning,weekend,clear,uber,no,0,108,direct,304.81
SCV20004213,residential,office_area,5.20,28.40,low,evening,weekend,clear,ola,no,0,76,direct,234.87
SCV20004214,residential,office_area,13.96,64.80,medium,morning,weekday,clear,auto,yes,0,62,direct,341.81
SCV20004215,commercial,office_area,6.30,60.50,high,evening,weekday,clear,ola,yes,0,0,direct,475.27
SCV20004216,airport,metro_station,22.30,63.90,low,night,weekday,clear,auto,no,0,129,direct,410.39
SCV20004217,metro_station,commercial,6.21,28.30,medium,morning,weekday,clear,auto,no,0,0,direct,176.81
SCV20004218,college_area,commercial,7.13,58.40,medium,evening,weekday,cloudy,rapido,yes,1,793,multimodal,199.25
SCV20004219,college_area,office_area,8.72,31.40,medium,morning,weekday,clear,ola,yes,0,75,direct,367.45
SCV20004220,residential,commercial,10.28,26.60,low,night,weekday,cloudy,rapido,no,0,173,direct,135.15
SCV20004221,residential,office_area,15.60,60.90,medium,afternoon,weekday,clear,ola,no,0,127,direct,534.00
SCV20004222,metro_station,office_area,7.22,31.30,medium,morning,weekday,cloudy,ola,yes,1,0,direct,332.01
SCV20004223,metro_station,residential,3.13,16.60,medium,afternoon,weekday,rainy,uber,no,0,50,direct,242.01
SCV20004224,residential,metro_station,4.88,54.20,high,evening,weekday,clear,ola,yes,0,58,direct,442.13
SCV20004225,commercial,shopping_area,5.86,45.10,medium,evening,weekday,clear,auto,yes,0,28,direct,192.33
SCV20004226,metro_station,office_area,7.89,57.20,low,afternoon,weekend,cloudy,bus,no,1,1410,multimodal,21.53
SCV20004227,metro_station,commercial,2.76,17.30,low,afternoon,weekend,cloudy,metro,no,0,96,direct,10.00
SCV20004228,residential,metro_station,3.98,51.00,medium,morning,weekday,clear,metro,yes,1,1202,multimodal,10.00
SCV20004229,airport,commercial,20.50,70.60,low,morning,weekend,clear,ola,no,0,52,direct,677.49
SCV20004230,residential,shopping_area,9.99,50.80,medium,evening,weekday,clear,uber,yes,0,67,direct,589.07
SCV20004231,residential,shopping_area,10.87,55.10,medium,evening,weekday,clear,ola,yes,0,173,direct,507.74
SCV20004232,airport,residential,18.49,90.30,low,afternoon,weekend,cloudy,metro,no,2,1574,multimodal,22.78
SCV20004233,metro_station,residential,6.81,60.20,high,evening,weekday,rainy,bus,yes,0,193,direct,37.93
SCV20004234,college_area,residential,5.59,30.90,medium,morning,weekday,cloudy,auto,yes,1,84,direct,169.94
SCV20004235,metro_station,office_area,9.40,92.00,high,evening,weekday,clear,ola,yes,1,881,multimodal,698.47
SCV20004236,metro_station,shopping_area,6.07,17.50,low,afternoon,weekday,clear,uber,yes,0,50,direct,313.23
SCV20004237,residential,metro_station,5.42,21.90,low,night,weekday,clear,bus,no,0,28,direct,11.86
SCV20004238,airport,residential,32.65,90.70,low,night,weekday,rainy,bus,no,0,176,direct,62.88
SCV20004239,commercial,metro_station,2.27,14.50,low,afternoon,weekend,clear,rapido,no,0,112,direct,64.61
SCV20004240,commercial,metro_station,9.19,62.60,medium,morning,weekday,rainy,metro,yes,1,1461,multimodal,32.34
SCV20004241,metro_station,residential,2.38,22.80,high,evening,weekday,clear,auto,yes,1,140,direct,144.19
SCV20004242,college_area,commercial,13.37,91.70,medium,evening,weekday,clear,bus,no,1,1215,multimodal,48.83
SCV20004243,residential,shopping_area,8.78,35.60,low,afternoon,weekday,rainy,uber,no,1,1221,multimodal,440.35
SCV20004244,college_area,commercial,6.14,20.50,medium,morning,weekday,clear,uber,yes,0,183,direct,366.52
SCV20004245,metro_station,commercial,6.73,28.60,medium,morning,weekday,clear,uber,yes,0,77,direct,402.27
SCV20004246,residential,shopping_area,8.71,45.40,medium,morning,weekday,cloudy,metro,yes,0,365,direct,20.97
SCV20004247,residential,metro_station,8.45,35.20,medium,morning,weekday,clear,rapido,yes,0,37,direct,144.78
SCV20004248,college_area,metro_station,4.45,26.30,medium,afternoon,weekday,clear,bus,yes,0,245,direct,10.00
SCV20004249,college_area,metro_station,6.17,60.60,medium,afternoon,weekday,rainy,bus,yes,2,992,multimodal,25.47
SCV20004250,commercial,metro_station,2.99,21.70,medium,morning,weekday,clear,bus,yes,0,250,direct,18.75
SCV20004251,commercial,metro_station,6.25,23.30,low,afternoon,weekday,clear,bus,no,0,109,direct,14.91
SCV20004252,commercial,metro_station,2.54,41.40,high,evening,weekday,cloudy,metro,yes,0,179,direct,24.89
SCV20004253,college_area,office_area,12.58,54.80,medium,morning,weekday,clear,ola,yes,0,117,direct,624.55
SCV20004254,commercial,residential,8.07,41.90,medium,afternoon,weekday,rainy,uber,yes,0,145,direct,496.94
SCV20004255,commercial,metro_station,5.53,24.10,medium,afternoon,weekday,rainy,rapido,no,0,19,direct,112.33
SCV20004256,commercial,shopping_area,9.34,35.20,medium,afternoon,weekday,rainy,uber,yes,0,0,direct,562.96
SCV20004257,commercial,shopping_area,4.50,33.20,medium,morning,weekend,cloudy,bus,no,0,270,direct,17.82
SCV20004258,residential,shopping_area,5.49,16.20,low,night,weekday,cloudy,ola,no,0,49,direct,195.98
SCV20004259,commercial,metro_station,5.35,49.40,high,evening,weekday,clear,rapido,yes,1,23,direct,168.62
SCV20004260,commercial,office_area,9.69,45.50,medium,morning,weekday,cloudy,rapido,no,0,90,direct,172.72
SCV20004261,residential,commercial,12.09,47.00,medium,afternoon,weekday,cloudy,auto,yes,0,0,direct,292.33
SCV20004262,airport,office_area,27.53,145.50,high,morning,weekday,clear,metro,yes,0,124,direct,70.10
SCV20004263,airport,residential,22.21,139.60,medium,evening,weekday,cloudy,metro,no,1,934,multimodal,60.55
SCV20004264,metro_station,commercial,5.06,52.10,high,evening,weekday,cloudy,ola,yes,0,14,direct,427.20
SCV20004265,residential,commercial,9.70,42.50,medium,morning,weekday,clear,uber,yes,0,111,direct,534.75
SCV20004266,residential,commercial,6.33,59.20,medium,morning,weekday,clear,uber,no,2,952,multimodal,466.72
SCV20004267,residential,commercial,9.23,24.60,low,afternoon,weekend,clear,uber,no,0,93,direct,358.49
SCV20004268,metro_station,shopping_area,6.11,71.00,medium,evening,weekday,clear,auto,yes,2,1796,multimodal,240.11
SCV20004269,residential,shopping_area,4.16,25.70,medium,evening,weekend,cloudy,ola,yes,0,6,direct,246.61
SCV20004270,metro_station,residential,4.30,39.80,high,evening,weekday,cloudy,metro,yes,0,203,direct,19.66
SCV20004271,college_area,commercial,4.16,28.00,low,night,weekday,clear,uber,no,1,447,multimodal,234.55
SCV20004272,residential,office_area,11.76,94.50,high,evening,weekday,clear,ola,yes,0,166,direct,767.46
SCV20004273,metro_station,office_area,10.22,52.80,medium,evening,weekday,clear,uber,yes,1,61,direct,621.35
SCV20004274,metro_station,commercial,6.92,48.80,low,night,weekend,cloudy,auto,no,1,898,multimodal,201.68
SCV20004275,college_area,residential,7.71,35.20,medium,morning,weekday,clear,uber,yes,0,179,direct,473.01
SCV20004276,residential,office_area,14.09,109.90,medium,evening,weekend,rainy,metro,no,3,1841,multimodal,24.81
SCV20004277,commercial,shopping_area,6.46,26.40,low,evening,weekend,clear,bus,no,0,313,direct,17.45
SCV20004278,commercial,residential,11.31,36.30,low,night,weekday,clear,auto,yes,1,44,direct,227.18
SCV20004279,metro_station,office_area,8.19,43.70,high,morning,weekday,rainy,ola,yes,0,135,direct,616.23
SCV20004280,college_area,residential,7.63,26.30,low,afternoon,weekday,clear,auto,no,0,52,direct,153.65
SCV20004281,airport,commercial,23.15,105.30,medium,afternoon,weekend,cloudy,bus,no,1,1431,multimodal,62.75
SCV20004282,commercial,shopping_area,7.53,50.30,low,night,weekend,cloudy,bus,no,2,1067,multimodal,33.72
SCV20004283,airport,residential,30.59,82.10,low,afternoon,weekend,clear,bus,no,0,287,direct,48.26
SCV20004284,residential,office_area,5.76,21.60,low,night,weekend,clear,rapido,no,0,105,direct,105.63
SCV20004285,residential,office_area,7.19,47.70,low,evening,weekend,clear,ola,no,1,960,multimodal,317.27
SCV20004286,college_area,commercial,12.09,42.70,medium,afternoon,weekday,cloudy,ola,yes,0,139,direct,480.50
SCV20004287,metro_station,residential,4.32,46.70,medium,morning,weekend,rainy,rapido,yes,2,942,multimodal,144.33
SCV20004288,residential,metro_station,8.97,48.70,medium,evening,weekday,clear,ola,yes,0,141,direct,415.40
SCV20004289,airport,metro_station,21.30,150.00,high,evening,weekday,rainy,bus,yes,1,596,multimodal,53.54
SCV20004290,metro_station,residential,6.07,45.90,medium,morning,weekday,cloudy,auto,yes,1,561,multimodal,210.21
SCV20004291,residential,metro_station,6.19,58.70,medium,morning,weekday,clear,metro,no,1,1071,multimodal,17.90
SCV20004292,commercial,residential,3.92,43.20,high,evening,weekday,clear,bus,yes,0,144,direct,17.35
SCV20004293,residential,office_area,4.84,19.90,medium,morning,weekday,clear,rapido,yes,0,163,direct,95.50
SCV20004294,commercial,shopping_area,3.74,31.00,medium,evening,weekend,clear,rapido,no,0,105,direct,78.97
SCV20004295,airport,metro_station,26.31,127.40,medium,evening,weekend,cloudy,uber,no,0,26,direct,1325.82
SCV20004296,residential,office_area,17.61,66.50,medium,afternoon,weekday,rainy,metro,yes,0,204,direct,34.20
SCV20004297,commercial,office_area,10.72,65.10,medium,evening,weekday,cloudy,uber,no,0,101,direct,600.29
SCV20004298,metro_station,office_area,6.62,46.30,high,morning,weekday,rainy,ola,yes,0,75,direct,462.72
SCV20004299,airport,residential,15.10,104.70,medium,evening,weekday,cloudy,ola,yes,2,1221,multimodal,829.85
SCV20004300,college_area,residential,8.41,34.30,medium,evening,weekend,clear,rapido,no,0,95,direct,134.10
SCV20004301,metro_station,residential,5.00,14.80,low,afternoon,weekday,clear,rapido,no,0,110,direct,60.18
SCV20004302,residential,office_area,7.32,51.30,medium,afternoon,weekday,clear,auto,yes,2,1000,multimodal,241.07
SCV20004303,commercial,office_area,10.53,25.80,low,afternoon,weekend,clear,rapido,yes,0,24,direct,133.46
SCV20004304,airport,metro_station,27.22,150.00,medium,evening,weekday,cloudy,uber,no,2,1088,multimodal,1442.12
SCV20004305,commercial,office_area,5.51,20.10,medium,morning,weekday,clear,rapido,yes,0,154,direct,75.62
SCV20004306,commercial,office_area,6.23,32.20,low,night,weekend,rainy,rapido,no,1,1120,multimodal,100.91
SCV20004307,metro_station,residential,4.21,32.30,medium,evening,weekday,cloudy,uber,yes,1,41,direct,330.02
SCV20004308,residential,commercial,4.36,45.80,high,evening,weekday,clear,uber,yes,0,143,direct,492.57
SCV20004309,residential,commercial,9.76,75.70,high,evening,weekday,cloudy,ola,yes,0,59,direct,673.03
SCV20004310,commercial,office_area,7.77,31.10,medium,morning,weekday,clear,auto,yes,0,93,direct,197.22
SCV20004311,commercial,office_area,7.87,56.30,medium,morning,weekday,clear,rapido,yes,1,965,multimodal,138.04
SCV20004312,college_area,commercial,7.06,22.90,low,night,weekday,clear,ola,no,0,134,direct,216.24
SCV20004313,airport,residential,37.14,128.90,medium,afternoon,weekday,rainy,uber,yes,0,182,direct,1500.00
SCV20004314,commercial,metro_station,6.41,32.70,medium,morning,weekday,rainy,uber,yes,0,83,direct,439.28
SCV20004315,airport,residential,21.21,131.90,medium,evening,weekend,rainy,rapido,no,1,915,multimodal,393.77
SCV20004316,college_area,residential,5.91,23.00,low,afternoon,weekend,rainy,uber,no,0,25,direct,342.29
SCV20004317,residential,shopping_area,9.02,28.70,low,afternoon,weekday,clear,uber,yes,0,49,direct,426.82
SCV20004318,residential,metro_station,8.70,43.80,medium,morning,weekday,cloudy,rapido,yes,0,110,direct,157.09
SCV20004319,residential,commercial,6.87,17.20,low,night,weekend,rainy,uber,yes,0,85,direct,379.90
SCV20004320,metro_station,shopping_area,6.49,13.50,low,night,weekday,rainy,ola,no,0,48,direct,226.95
SCV20004321,college_area,residential,6.59,26.00,low,afternoon,weekday,clear,ola,no,0,124,direct,237.58
SCV20004322,college_area,commercial,9.12,31.20,low,night,weekend,rainy,rapido,yes,0,53,direct,158.19
SCV20004323,residential,metro_station,5.54,45.50,medium,morning,weekday,clear,ola,yes,2,584,multimodal,323.65
SCV20004324,metro_station,office_area,8.80,44.50,medium,afternoon,weekend,clear,auto,yes,0,111,direct,215.61
SCV20004325,residential,office_area,9.65,58.40,medium,evening,weekday,clear,uber,yes,1,131,direct,572.26
SCV20004326,residential,shopping_area,12.69,121.90,high,evening,weekday,clear,bus,yes,1,1742,multimodal,47.31
SCV20004327,airport,office_area,20.11,123.30,medium,morning,weekday,rainy,metro,no,2,1076,multimodal,25.96
SCV20004328,commercial,office_area,6.03,48.20,medium,morning,weekday,rainy,rapido,yes,1,1387,multimodal,138.62
SCV20004329,commercial,shopping_area,6.20,46.60,high,morning,weekday,rainy,uber,yes,1,158,direct,608.57
SCV20004330,residential,metro_station,6.62,51.70,low,night,weekend,clear,auto,yes,2,1258,multimodal,216.27
SCV20004331,college_area,residential,9.35,35.00,medium,morning,weekday,cloudy,rapido,yes,0,0,direct,170.28
SCV20004332,residential,commercial,11.15,71.60,medium,evening,weekday,clear,ola,yes,1,1094,multimodal,541.70
SCV20004333,commercial,metro_station,7.23,61.10,high,evening,weekday,rainy,bus,yes,0,285,direct,28.29
SCV20004334,metro_station,office_area,4.89,70.40,high,evening,weekday,clear,metro,yes,1,986,multimodal,10.00
SCV20004335,metro_station,residential,2.92,22.90,medium,morning,weekday,clear,bus,no,0,224,direct,10.00
SCV20004336,commercial,office_area,3.97,46.30,medium,morning,weekday,clear,bus,yes,1,893,multimodal,16.93
SCV20004337,residential,metro_station,6.19,40.40,medium,evening,weekday,clear,rapido,yes,0,114,direct,142.19
SCV20004338,college_area,office_area,9.58,38.20,low,morning,weekday,clear,rapido,no,0,61,direct,116.29
SCV20004339,college_area,commercial,11.00,91.90,medium,evening,weekday,clear,bus,yes,2,1720,multimodal,44.28
SCV20004340,metro_station,shopping_area,3.22,15.90,low,night,weekend,clear,auto,no,0,18,direct,72.38
SCV20004341,metro_station,shopping_area,7.16,26.60,low,afternoon,weekday,clear,rapido,no,0,78,direct,105.88
SCV20004342,metro_station,residential,2.70,19.90,medium,morning,weekday,clear,uber,yes,0,0,direct,252.57
SCV20004343,metro_station,office_area,4.24,17.90,low,night,weekday,clear,auto,no,0,77,direct,108.05
SCV20004344,airport,commercial,19.87,98.60,medium,evening,weekday,cloudy,metro,yes,0,267,direct,27.21
SCV20004345,college_area,residential,5.90,32.20,medium,afternoon,weekday,clear,rapido,yes,0,265,direct,116.19
SCV20004346,airport,commercial,24.88,150.00,medium,evening,weekend,clear,rapido,yes,3,1180,multimodal,494.43
SCV20004347,commercial,office_area,6.65,31.30,medium,morning,weekend,rainy,auto,yes,0,69,direct,212.50
SCV20004348,residential,shopping_area,4.48,17.80,low,afternoon,weekday,clear,bus,no,0,302,direct,17.00
SCV20004349,residential,commercial,8.02,43.30,medium,evening,weekend,rainy,rapido,no,0,77,direct,145.23
SCV20004350,residential,commercial,6.81,22.10,low,afternoon,weekend,cloudy,uber,no,0,50,direct,301.09
SCV20004351,residential,commercial,10.17,56.00,medium,evening,weekday,clear,ola,yes,0,23,direct,463.87
SCV20004352,residential,metro_station,4.55,55.40,medium,evening,weekday,clear,uber,yes,3,1398,multimodal,487.17
SCV20004353,metro_station,shopping_area,7.40,40.60,low,afternoon,weekend,clear,metro,no,1,1010,multimodal,31.03
SCV20004354,residential,shopping_area,7.65,37.10,medium,morning,weekday,cloudy,metro,yes,0,32,direct,17.94
SCV20004355,metro_station,office_area,8.73,40.90,medium,morning,weekday,clear,auto,yes,0,3,direct,225.71
SCV20004356,commercial,metro_station,2.92,15.00,medium,evening,weekday,clear,uber,yes,0,82,direct,224.80
SCV20004357,metro_station,commercial,5.43,39.30,high,morning,weekday,clear,rapido,yes,0,73,direct,125.14
SCV20004358,metro_station,commercial,4.87,23.90,low,night,weekend,cloudy,rapido,no,0,36,direct,81.69
SCV20004359,residential,metro_station,6.54,34.30,medium,afternoon,weekday,clear,bus,yes,0,90,direct,47.93
SCV20004360,college_area,office_area,7.73,27.70,low,afternoon,weekday,cloudy,metro,no,1,197,direct,18.13
SCV20004361,metro_station,residential,5.84,29.30,medium,afternoon,weekday,clear,auto,yes,0,51,direct,151.57
SCV20004362,college_area,metro_station,6.64,11.60,low,night,weekday,clear,uber,no,0,131,direct,276.31
SCV20004363,residential,office_area,7.85,36.90,medium,morning,weekday,rainy,uber,yes,0,117,direct,503.46
SCV20004364,metro_station,office_area,10.59,48.80,medium,morning,weekday,clear,auto,yes,0,98,direct,236.74
SCV20004365,commercial,residential,3.03,11.10,low,afternoon,weekday,clear,rapido,no,0,61,direct,66.97
SCV20004366,commercial,metro_station,6.11,61.30,medium,morning,weekday,clear,auto,yes,3,1453,multimodal,224.49
SCV20004367,commercial,metro_station,6.84,39.30,low,afternoon,weekday,clear,auto,no,1,889,multimodal,144.08
SCV20004368,metro_station,office_area,9.95,85.10,high,evening,weekday,rainy,ola,yes,0,153,direct,758.47
SCV20004369,college_area,residential,4.36,30.60,low,evening,weekend,clear,auto,no,0,128,direct,124.01
SCV20004370,metro_station,shopping_area,5.59,23.20,medium,afternoon,weekday,rainy,rapido,no,0,71,direct,94.66
SCV20004371,commercial,residential,12.36,59.10,medium,evening,weekend,clear,uber,no,0,66,direct,590.65
SCV20004372,commercial,residential,8.91,65.70,medium,evening,weekend,cloudy,metro,yes,1,964,multimodal,19.02
SCV20004373,residential,office_area,17.27,134.30,high,evening,weekday,clear,metro,yes,1,48,direct,38.84
SCV20004374,college_area,office_area,12.16,88.10,medium,evening,weekday,clear,metro,no,1,1261,multimodal,12.85
SCV20004375,commercial,office_area,8.28,38.60,medium,morning,weekday,clear,auto,yes,0,0,direct,247.28
SCV20004376,commercial,shopping_area,7.59,23.70,low,night,weekend,clear,rapido,no,1,91,direct,84.26
SCV20004377,commercial,shopping_area,5.84,22.70,medium,morning,weekday,clear,rapido,yes,0,165,direct,118.98
SCV20004378,college_area,commercial,9.51,32.70,low,afternoon,weekday,rainy,ola,no,0,199,direct,351.02
SCV20004379,metro_station,commercial,4.29,15.70,low,afternoon,weekend,cloudy,rapido,no,0,103,direct,75.71
SCV20004380,metro_station,office_area,7.97,26.60,low,night,weekend,rainy,uber,no,0,207,direct,367.29
SCV20004381,residential,shopping_area,5.48,32.70,medium,morning,weekday,cloudy,ola,yes,0,46,direct,312.84
SCV20004382,metro_station,commercial,4.14,20.10,low,afternoon,weekday,clear,auto,no,0,150,direct,108.28
SCV20004383,commercial,office_area,8.39,42.30,medium,morning,weekend,rainy,ola,no,0,142,direct,383.12
SCV20004384,residential,metro_station,7.67,63.00,medium,evening,weekday,clear,bus,no,1,1439,multimodal,26.93
SCV20004385,residential,shopping_area,9.03,58.50,low,night,weekday,clear,bus,no,2,1198,multimodal,35.36
SCV20004386,airport,residential,24.49,143.70,medium,morning,weekday,clear,uber,yes,3,1705,multimodal,1478.93
SCV20004387,college_area,metro_station,6.33,52.30,medium,evening,weekday,cloudy,bus,yes,1,1227,multimodal,20.20
SCV20004388,metro_station,commercial,3.62,46.00,high,evening,weekday,clear,uber,yes,0,196,direct,421.04
SCV20004389,commercial,office_area,6.70,21.40,medium,afternoon,weekday,rainy,bus,no,0,279,direct,10.00
SCV20004390,airport,residential,34.92,150.00,medium,evening,weekend,clear,bus,no,1,730,multimodal,69.58
SCV20004391,metro_station,commercial,6.00,39.00,medium,morning,weekday,clear,ola,yes,1,0,direct,334.73
SCV20004392,metro_station,office_area,10.54,41.20,medium,afternoon,weekday,clear,rapido,yes,0,11,direct,179.75
SCV20004393,college_area,office_area,7.90,47.10,medium,evening,weekend,cloudy,ola,yes,0,39,direct,397.03
SCV20004394,airport,residential,18.32,89.90,medium,night,weekday,rainy,bus,no,1,1013,multimodal,56.10
SCV20004395,residential,shopping_area,10.64,55.60,medium,evening,weekday,clear,ola,yes,0,123,direct,487.41
SCV20004396,metro_station,commercial,4.56,31.00,medium,morning,weekday,clear,ola,no,0,135,direct,243.49
SCV20004397,residential,shopping_area,3.69,6.70,low,afternoon,weekday,cloudy,ola,no,0,149,direct,165.86
SCV20004398,commercial,shopping_area,7.85,24.90,low,morning,weekday,clear,bus,no,0,194,direct,10.34
SCV20004399,residential,shopping_area,10.59,42.00,medium,afternoon,weekday,rainy,bus,no,0,215,direct,29.49
SCV20004400,residential,commercial,10.51,28.90,low,night,weekend,rainy,uber,no,0,33,direct,479.74
SCV20004401,residential,office_area,17.25,83.20,medium,evening,weekday,clear,auto,yes,0,72,direct,434.70
SCV20004402,commercial,shopping_area,8.93,31.50,low,afternoon,weekend,cloudy,auto,no,1,129,direct,169.92
SCV20004403,commercial,office_area,5.19,46.70,low,afternoon,weekday,clear,bus,no,1,1200,multimodal,29.23
SCV20004404,college_area,office_area,6.25,64.70,low,morning,weekend,clear,bus,no,3,883,multimodal,18.77
SCV20004405,commercial,shopping_area,8.70,104.10,high,evening,weekday,rainy,metro,yes,1,986,multimodal,29.24
SCV20004406,residential,metro_station,5.40,22.30,low,afternoon,weekday,clear,uber,no,0,19,direct,270.33
SCV20004407,metro_station,commercial,6.94,68.70,high,evening,weekday,clear,uber,yes,0,97,direct,682.53
SCV20004408,residential,commercial,2.55,15.80,medium,morning,weekend,clear,uber,yes,0,58,direct,242.37
SCV20004409,commercial,shopping_area,8.89,58.70,medium,evening,weekday,cloudy,uber,yes,0,11,direct,565.52
SCV20004410,airport,residential,31.02,150.00,high,evening,weekday,clear,bus,yes,3,1753,multimodal,88.47
SCV20004411,residential,shopping_area,14.21,52.20,medium,morning,weekday,clear,rapido,yes,0,61,direct,206.96
SCV20004412,residential,metro_station,5.67,50.00,medium,morning,weekday,cloudy,metro,yes,1,1289,multimodal,10.00
SCV20004413,commercial,shopping_area,5.17,71.40,high,evening,weekday,rainy,ola,yes,1,686,multimodal,558.10
SCV20004414,airport,metro_station,24.81,150.00,medium,evening,weekday,clear,metro,no,2,1517,multimodal,65.68
SCV20004415,metro_station,office_area,6.86,27.00,low,night,weekend,clear,auto,no,0,88,direct,174.01
SCV20004416,airport,metro_station,29.00,76.40,low,night,weekend,clear,auto,no,0,60,direct,601.32
SCV20004417,commercial,shopping_area,7.54,23.80,low,night,weekend,clear,ola,no,0,158,direct,261.38
SCV20004418,residential,metro_station,3.54,23.00,medium,afternoon,weekday,clear,uber,no,0,130,direct,222.74
SCV20004419,commercial,office_area,3.52,38.70,high,evening,weekday,clear,uber,yes,0,122,direct,417.33
SCV20004420,residential,office_area,13.74,76.40,medium,evening,weekend,clear,rapido,no,0,156,direct,208.11
SCV20004421,metro_station,office_area,5.05,37.20,medium,morning,weekday,clear,uber,yes,0,218,direct,359.72
SCV20004422,college_area,residential,6.67,58.80,low,evening,weekend,cloudy,auto,no,2,1366,multimodal,222.59
SCV20004423,commercial,office_area,7.49,71.80,high,evening,weekday,rainy,ola,yes,0,46,direct,614.10
SCV20004424,airport,metro_station,21.26,97.30,medium,afternoon,weekday,rainy,rapido,no,1,1322,multimodal,337.79
SCV20004425,residential,metro_station,3.94,26.20,medium,evening,weekend,rainy,auto,no,0,137,direct,143.09
SCV20004426,commercial,residential,8.18,52.80,medium,evening,weekday,rainy,ola,no,0,0,direct,424.76
SCV20004427,college_area,commercial,6.19,27.20,low,morning,weekday,clear,ola,no,0,0,direct,247.52
SCV20004428,commercial,shopping_area,9.99,51.20,medium,afternoon,weekday,clear,rapido,yes,1,1095,multimodal,173.56
SCV20004429,residential,metro_station,5.19,31.30,medium,morning,weekday,clear,uber,yes,0,41,direct,354.30
SCV20004430,commercial,office_area,5.92,27.30,low,afternoon,weekend,rainy,uber,no,0,100,direct,318.05
SCV20004431,residential,commercial,8.81,65.00,medium,morning,weekend,clear,bus,yes,1,773,multimodal,28.95
SCV20004432,residential,metro_station,6.22,34.00,medium,morning,weekday,clear,auto,yes,0,75,direct,161.86
SCV20004433,airport,residential,37.41,103.00,low,night,weekday,clear,auto,no,0,89,direct,666.27
SCV20004434,metro_station,residential,2.76,25.20,low,morning,weekend,clear,auto,no,1,697,multimodal,127.29
SCV20004435,residential,metro_station,6.88,54.80,medium,evening,weekday,clear,auto,yes,1,585,multimodal,212.07
SCV20004436,college_area,office_area,7.60,51.10,medium,evening,weekday,clear,rapido,yes,0,37,direct,135.07
SCV20004437,metro_station,commercial,3.16,24.20,medium,evening,weekday,rainy,auto,no,1,0,direct,148.18
SCV20004438,metro_station,office_area,9.38,46.10,medium,morning,weekday,clear,auto,yes,0,214,direct,223.66
SCV20004439,commercial,metro_station,4.62,43.00,high,morning,weekday,rainy,rapido,yes,0,122,direct,161.95
SCV20004440,residential,shopping_area,14.38,36.00,low,afternoon,weekday,clear,ola,no,0,33,direct,427.70
SCV20004441,metro_station,shopping_area,6.84,21.50,medium,afternoon,weekday,clear,uber,yes,0,29,direct,375.93
SCV20004442,residential,metro_station,5.03,24.50,low,night,weekday,clear,auto,no,0,147,direct,125.81
SCV20004443,metro_station,commercial,8.08,63.50,medium,evening,weekday,clear,metro,yes,1,886,multimodal,33.07
SCV20004444,residential,metro_station,1.51,33.50,high,morning,weekday,cloudy,bus,yes,0,262,direct,10.00
SCV20004445,college_area,commercial,10.94,45.20,medium,morning,weekday,clear,uber,yes,0,80,direct,551.88
SCV20004446,commercial,office_area,6.39,66.90,high,evening,weekday,cloudy,auto,yes,0,110,direct,315.12
SCV20004447,metro_station,commercial,5.15,32.90,medium,evening,weekday,clear,rapido,yes,0,20,direct,105.40
SCV20004448,commercial,office_area,6.65,34.10,medium,afternoon,weekday,clear,metro,yes,0,129,direct,10.00
SCV20004449,metro_station,commercial,4.08,70.60,high,evening,weekday,rainy,bus,yes,1,706,multimodal,14.14
SCV20004450,commercial,residential,11.76,51.60,medium,afternoon,weekday,cloudy,bus,yes,0,208,direct,47.50
SCV20004451,residential,commercial,8.89,25.40,low,night,weekday,clear,uber,no,0,15,direct,330.21
SCV20004452,college_area,metro_station,3.37,41.50,medium,afternoon,weekday,rainy,ola,yes,1,773,multimodal,328.16
SCV20004453,commercial,office_area,6.98,64.00,medium,morning,weekday,clear,uber,yes,2,1175,multimodal,547.48
SCV20004454,residential,commercial,8.59,44.80,medium,evening,weekday,clear,uber,no,0,94,direct,443.83
SCV20004455,commercial,office_area,2.99,20.70,medium,afternoon,weekend,cloudy,bus,yes,0,239,direct,10.00
SCV20004456,metro_station,residential,3.13,40.60,high,evening,weekend,cloudy,ola,yes,0,71,direct,369.20
SCV20004457,residential,metro_station,3.67,16.90,low,evening,weekend,clear,uber,no,0,102,direct,207.46
SCV20004458,residential,metro_station,7.25,23.70,low,afternoon,weekend,clear,bus,yes,0,250,direct,10.00
SCV20004459,commercial,residential,6.15,93.80,high,evening,weekday,rainy,auto,yes,3,1584,multimodal,402.56
SCV20004460,metro_station,commercial,7.39,14.20,low,night,weekend,rainy,uber,no,0,76,direct,305.52
SCV20004461,airport,metro_station,26.87,86.30,low,night,weekend,clear,bus,no,1,1015,multimodal,36.53
SCV20004462,college_area,metro_station,3.58,18.40,low,morning,weekday,cloudy,metro,no,0,285,direct,27.29
SCV20004463,residential,shopping_area,8.98,38.40,medium,afternoon,weekday,rainy,rapido,yes,0,44,direct,160.52
SCV20004464,commercial,shopping_area,8.14,74.60,medium,morning,weekend,clear,metro,yes,1,1449,multimodal,14.51
SCV20004465,metro_station,office_area,9.01,56.80,medium,evening,weekday,clear,bus,yes,0,211,direct,38.26
SCV20004466,residential,shopping_area,10.59,30.10,low,night,weekday,clear,auto,no,0,128,direct,174.72
SCV20004467,residential,shopping_area,8.21,31.90,low,night,weekend,cloudy,metro,no,0,250,direct,10.00
SCV20004468,residential,shopping_area,12.14,40.20,low,afternoon,weekend,clear,metro,no,0,218,direct,16.46
SCV20004469,metro_station,commercial,5.35,56.50,high,evening,weekday,rainy,auto,yes,0,36,direct,284.78
SCV20004470,metro_station,shopping_area,7.17,28.10,low,night,weekday,clear,ola,no,0,155,direct,289.36
SCV20004471,metro_station,shopping_area,6.44,47.30,medium,evening,weekend,cloudy,ola,yes,0,100,direct,331.09
SCV20004472,metro_station,commercial,2.20,9.80,low,night,weekend,cloudy,ola,no,0,132,direct,157.28
SCV20004473,metro_station,commercial,6.81,38.20,medium,morning,weekday,clear,metro,yes,0,244,direct,28.52
SCV20004474,residential,metro_station,4.03,19.20,low,afternoon,weekday,clear,uber,no,0,157,direct,232.54
SCV20004475,metro_station,residential,4.81,32.70,medium,afternoon,weekday,rainy,ola,yes,0,104,direct,276.04
SCV20004476,metro_station,residential,4.17,50.80,high,evening,weekday,clear,bus,yes,0,221,direct,36.80
SCV20004477,residential,metro_station,7.27,55.40,medium,morning,weekday,clear,bus,yes,1,1042,multimodal,37.67
SCV20004478,college_area,commercial,6.14,44.70,medium,morning,weekday,clear,bus,yes,1,733,multimodal,10.00
SCV20004479,residential,office_area,13.41,50.40,medium,morning,weekday,clear,uber,yes,1,46,direct,655.59
SCV20004480,metro_station,office_area,5.10,28.10,medium,morning,weekday,rainy,rapido,yes,0,37,direct,129.61
SCV20004481,metro_station,residential,5.20,54.60,high,evening,weekday,rainy,rapido,yes,0,102,direct,174.31
SCV20004482,residential,metro_station,9.13,55.20,medium,evening,weekday,clear,bus,no,0,197,direct,23.35
SCV20004483,metro_station,commercial,5.53,47.60,medium,morning,weekday,clear,rapido,yes,1,780,multimodal,131.95
SCV20004484,residential,office_area,7.87,27.10,low,night,weekend,clear,uber,no,0,80,direct,371.23
SCV20004485,residential,office_area,8.22,45.90,medium,evening,weekend,clear,metro,no,0,91,direct,34.88
SCV20004486,residential,shopping_area,11.95,32.90,low,afternoon,weekend,clear,uber,no,0,0,direct,472.06
SCV20004487,college_area,residential,5.08,26.60,medium,evening,weekday,clear,rapido,yes,0,121,direct,105.08
SCV20004488,airport,commercial,20.69,150.00,high,evening,weekday,clear,bus,yes,0,0,direct,65.26
SCV20004489,airport,metro_station,24.77,150.00,high,evening,weekday,cloudy,metro,yes,1,1301,multimodal,58.85
SCV20004490,residential,metro_station,5.39,17.30,low,night,weekend,clear,auto,no,0,82,direct,121.89
SCV20004491,metro_station,shopping_area,2.70,16.00,low,afternoon,weekend,clear,bus,no,0,246,direct,10.00
SCV20004492,college_area,commercial,4.90,30.20,medium,morning,weekday,clear,metro,yes,0,203,direct,20.53
SCV20004493,metro_station,office_area,7.98,94.80,high,evening,weekday,clear,metro,yes,1,1053,multimodal,24.10
SCV20004494,residential,office_area,16.54,56.90,low,afternoon,weekend,clear,ola,no,0,81,direct,515.50
SCV20004495,commercial,office_area,5.27,66.90,medium,evening,weekday,cloudy,bus,yes,2,705,multimodal,34.15
SCV20004496,residential,office_area,15.83,79.80,low,afternoon,weekend,clear,metro,no,1,1454,multimodal,30.95
SCV20004497,commercial,metro_station,3.94,19.10,low,afternoon,weekend,rainy,ola,no,0,193,direct,187.59
SCV20004498,college_area,residential,9.88,34.00,low,afternoon,weekday,clear,rapido,no,0,129,direct,128.91
SCV20004499,commercial,residential,6.60,51.00,low,afternoon,weekend,cloudy,metro,no,1,1052,multimodal,28.98
SCV20004500,commercial,shopping_area,4.11,7.90,low,night,weekday,rainy,rapido,no,1,72,direct,43.65
SCV20004501,metro_station,residential,4.75,23.40,medium,morning,weekday,clear,ola,yes,0,14,direct,245.78
SCV20004502,airport,residential,38.97,150.00,medium,afternoon,weekend,rainy,rapido,yes,1,1051,multimodal,651.29
SCV20004503,metro_station,residential,3.92,48.90,low,night,weekday,rainy,bus,no,2,1736,multimodal,28.98
SCV20004504,commercial,shopping_area,2.64,33.80,low,night,weekday,cloudy,metro,no,1,825,multimodal,22.90
SCV20004505,airport,commercial,28.51,79.90,low,afternoon,weekend,clear,uber,no,0,91,direct,1136.92
SCV20004506,commercial,residential,5.15,24.10,medium,morning,weekday,cloudy,ola,yes,0,59,direct,256.67
SCV20004507,commercial,residential,10.71,24.00,low,afternoon,weekday,clear,rapido,no,1,99,direct,142.50
SCV20004508,commercial,shopping_area,5.73,36.30,medium,evening,weekend,clear,uber,yes,0,182,direct,433.23
SCV20004509,commercial,metro_station,3.99,14.90,low,afternoon,weekday,clear,ola,no,0,128,direct,172.66
SCV20004510,airport,metro_station,19.81,61.50,low,night,weekend,clear,rapido,no,0,44,direct,249.50
SCV20004511,residential,commercial,9.56,25.30,low,afternoon,weekday,cloudy,auto,no,0,0,direct,198.41
SCV20004512,metro_station,residential,3.75,27.60,medium,evening,weekday,clear,uber,yes,0,31,direct,294.24
SCV20004513,college_area,residential,6.19,27.40,low,afternoon,weekday,clear,auto,no,0,111,direct,136.90
SCV20004514,metro_station,commercial,8.05,65.70,medium,evening,weekday,clear,bus,yes,2,791,multimodal,33.45
SCV20004515,metro_station,commercial,4.57,51.40,high,evening,weekday,clear,bus,yes,0,225,direct,26.69
SCV20004516,metro_station,commercial,6.89,35.90,medium,evening,weekend,clear,ola,yes,0,164,direct,340.38
SCV20004517,commercial,metro_station,4.48,39.20,medium,morning,weekday,cloudy,rapido,yes,1,832,multimodal,100.11
SCV20004518,airport,metro_station,22.43,71.20,low,afternoon,weekend,clear,metro,no,0,127,direct,37.95
SCV20004519,college_area,residential,4.14,29.80,medium,afternoon,weekday,clear,uber,yes,0,101,direct,319.32
SCV20004520,airport,commercial,29.09,149.00,medium,evening,weekday,rainy,auto,no,0,59,direct,722.55
SCV20004521,commercial,residential,9.25,44.60,medium,afternoon,weekday,rainy,uber,no,0,44,direct,534.98
SCV20004522,college_area,residential,6.70,16.60,low,afternoon,weekday,clear,uber,no,0,116,direct,265.66
SCV20004523,residential,shopping_area,6.16,36.50,medium,evening,weekday,clear,uber,no,0,204,direct,365.39
SCV20004524,airport,commercial,32.24,150.00,medium,evening,weekday,clear,ola,yes,0,190,direct,1369.35
SCV20004525,residential,office_area,12.62,69.90,medium,evening,weekday,clear,uber,yes,0,75,direct,722.90
SCV20004526,airport,metro_station,21.25,94.80,low,afternoon,weekend,clear,uber,no,2,1529,multimodal,965.86
SCV20004527,residential,office_area,13.09,69.10,medium,evening,weekday,clear,auto,yes,0,108,direct,342.95
SCV20004528,commercial,office_area,5.31,34.50,medium,afternoon,weekday,rainy,ola,yes,1,162,direct,308.89
SCV20004529,commercial,office_area,10.25,84.70,high,evening,weekday,cloudy,uber,yes,0,124,direct,920.37
SCV20004530,commercial,residential,8.74,25.00,low,afternoon,weekend,clear,ola,no,0,123,direct,288.25
SCV20004531,commercial,office_area,5.56,27.10,medium,afternoon,weekday,clear,rapido,yes,0,108,direct,115.93
SCV20004532,commercial,office_area,8.44,83.10,high,evening,weekday,rainy,ola,yes,0,124,direct,699.17
SCV20004533,residential,commercial,9.35,47.60,medium,evening,weekday,clear,auto,yes,0,76,direct,243.64
SCV20004534,commercial,residential,5.65,24.80,low,night,weekend,clear,rapido,no,0,71,direct,77.95
SCV20004535,college_area,commercial,4.25,14.30,low,night,weekend,clear,rapido,no,0,139,direct,71.89
SCV20004536,commercial,residential,8.20,16.20,low,afternoon,weekday,clear,auto,no,0,185,direct,153.60
SCV20004537,commercial,metro_station,5.31,19.60,low,night,weekday,rainy,uber,no,0,50,direct,299.50
SCV20004538,metro_station,office_area,4.66,40.90,medium,evening,weekday,cloudy,rapido,yes,0,127,direct,108.37
SCV20004539,college_area,commercial,8.97,61.50,medium,morning,weekday,cloudy,uber,yes,1,602,multimodal,618.60
SCV20004540,metro_station,residential,4.77,37.00,low,night,weekend,clear,bus,no,1,993,multimodal,18.13
SCV20004541,metro_station,shopping_area,7.83,69.00,medium,evening,weekday,clear,metro,yes,1,923,multimodal,38.39
SCV20004542,metro_station,office_area,4.93,40.90,low,morning,weekend,clear,uber,no,1,774,multimodal,302.41
SCV20004543,residential,office_area,7.49,38.40,low,evening,weekend,clear,ola,no,0,145,direct,301.63
SCV20004544,commercial,shopping_area,5.07,42.50,low,morning,weekend,clear,bus,no,1,927,multimodal,10.00
SCV20004545,residential,metro_station,4.94,56.20,high,evening,weekday,cloudy,metro,yes,0,121,direct,34.47
SCV20004546,commercial,residential,12.40,76.70,medium,afternoon,weekday,rainy,bus,no,1,1050,multimodal,45.40
SCV20004547,commercial,office_area,6.80,96.90,high,evening,weekday,clear,bus,yes,2,1574,multimodal,23.89
SCV20004548,metro_station,residential,3.63,35.10,medium,evening,weekday,clear,uber,no,0,53,direct,303.09
SCV20004549,residential,commercial,12.44,68.70,high,morning,weekday,rainy,uber,yes,0,9,direct,1213.37
SCV20004550,residential,metro_station,6.45,58.70,low,afternoon,weekday,clear,metro,no,2,1350,multimodal,11.55
SCV20004551,residential,office_area,12.55,27.20,low,night,weekday,clear,auto,no,0,0,direct,186.27
SCV20004552,commercial,residential,13.64,66.30,medium,evening,weekday,clear,uber,yes,0,171,direct,733.01
SCV20004553,metro_station,office_area,9.57,45.50,medium,evening,weekday,clear,auto,yes,0,128,direct,296.96
SCV20004554,commercial,residential,7.66,44.30,medium,morning,weekday,cloudy,metro,yes,0,0,direct,28.15
SCV20004555,metro_station,office_area,3.91,30.50,medium,morning,weekday,clear,auto,yes,0,93,direct,148.22
SCV20004556,metro_station,shopping_area,7.01,31.80,low,afternoon,weekday,clear,uber,no,0,0,direct,326.88
SCV20004557,residential,office_area,11.65,99.00,high,morning,weekday,clear,bus,yes,1,774,multimodal,48.88
SCV20004558,commercial,office_area,9.03,65.60,low,afternoon,weekend,clear,auto,no,3,1385,multimodal,241.49
SCV20004559,college_area,residential,8.86,43.70,medium,evening,weekday,clear,ola,yes,0,138,direct,402.59
SCV20004560,metro_station,commercial,4.60,25.20,medium,afternoon,weekend,rainy,ola,no,0,89,direct,235.66
SCV20004561,airport,metro_station,23.22,108.70,medium,afternoon,weekday,rainy,metro,no,1,1047,multimodal,25.31
SCV20004562,residential,commercial,6.03,51.70,medium,morning,weekday,clear,ola,yes,1,1346,multimodal,358.62
SCV20004563,metro_station,residential,4.14,37.30,medium,evening,weekday,clear,rapido,yes,0,129,direct,104.61
SCV20004564,commercial,shopping_area,6.68,32.90,medium,morning,weekday,clear,ola,yes,0,81,direct,297.07
SCV20004565,commercial,metro_station,6.16,31.70,medium,morning,weekday,clear,ola,yes,0,0,direct,317.67
SCV20004566,commercial,metro_station,6.79,70.60,high,evening,weekday,cloudy,auto,yes,0,212,direct,296.96
SCV20004567,metro_station,commercial,4.50,29.60,medium,morning,weekday,clear,uber,yes,0,88,direct,330.05
SCV20004568,residential,office_area,7.38,62.70,high,evening,weekday,cloudy,uber,yes,0,136,direct,691.80
SCV20004569,commercial,office_area,7.00,31.60,medium,afternoon,weekday,rainy,auto,no,0,54,direct,192.37
SCV20004570,residential,office_area,9.50,62.90,high,morning,weekday,clear,auto,yes,0,62,direct,361.54
SCV20004571,airport,residential,14.93,65.30,low,night,weekend,rainy,bus,no,1,1328,multimodal,25.94
SCV20004572,metro_station,residential,6.77,42.90,medium,evening,weekend,rainy,ola,no,0,115,direct,324.52
SCV20004573,college_area,residential,7.85,48.70,medium,evening,weekday,clear,uber,yes,0,87,direct,497.72
SCV20004574,residential,shopping_area,8.61,34.30,medium,morning,weekday,cloudy,uber,yes,0,15,direct,494.40
SCV20004575,commercial,residential,5.53,33.80,medium,morning,weekday,clear,bus,yes,0,366,direct,29.95
SCV20004576,metro_station,commercial,4.91,20.50,medium,morning,weekday,clear,rapido,yes,1,136,direct,104.43
SCV20004577,commercial,shopping_area,6.49,21.90,low,afternoon,weekday,clear,uber,no,0,14,direct,292.42
SCV20004578,metro_station,residential,6.21,20.00,low,morning,weekend,rainy,bus,no,0,145,direct,18.54
SCV20004579,college_area,residential,8.42,41.50,medium,morning,weekday,clear,uber,yes,0,75,direct,493.07
SCV20004580,college_area,residential,6.82,51.30,low,afternoon,weekday,cloudy,bus,no,1,633,multimodal,35.88
SCV20004581,college_area,metro_station,4.25,15.60,low,afternoon,weekday,clear,rapido,no,0,0,direct,56.35
SCV20004582,airport,residential,35.58,150.00,high,evening,weekday,clear,uber,yes,1,141,direct,1500.00
SCV20004583,college_area,residential,7.66,37.00,medium,afternoon,weekday,clear,auto,yes,0,86,direct,204.69
SCV20004584,residential,shopping_area,13.27,89.90,medium,evening,weekday,clear,metro,yes,2,928,multimodal,32.46
SCV20004585,college_area,commercial,13.57,85.30,medium,morning,weekday,clear,metro,yes,3,1241,multimodal,33.76
SCV20004586,residential,metro_station,8.83,66.80,medium,evening,weekday,clear,rapido,yes,2,1381,multimodal,183.05
SCV20004587,commercial,residential,12.19,69.90,low,morning,weekend,cloudy,metro,no,2,1666,multimodal,29.46
SCV20004588,residential,office_area,15.33,126.00,high,evening,weekday,rainy,rapido,yes,0,130,direct,443.82
SCV20004589,airport,metro_station,24.00,140.70,medium,evening,weekday,clear,metro,no,1,1329,multimodal,57.86
SCV20004590,residential,metro_station,2.44,28.10,high,evening,weekday,clear,auto,yes,0,93,direct,144.73
SCV20004591,metro_station,shopping_area,9.15,75.60,medium,morning,weekday,clear,bus,yes,2,1230,multimodal,34.44
SCV20004592,commercial,office_area,4.62,17.40,low,night,weekday,rainy,uber,no,0,138,direct,252.21
SCV20004593,commercial,residential,8.97,50.00,medium,evening,weekday,clear,ola,yes,0,81,direct,426.88
SCV20004594,metro_station,residential,4.85,48.90,high,evening,weekday,cloudy,ola,yes,0,12,direct,404.45
SCV20004595,airport,metro_station,22.89,80.30,low,afternoon,weekend,cloudy,bus,no,1,482,multimodal,57.94
SCV20004596,residential,metro_station,5.94,51.20,high,morning,weekday,rainy,uber,yes,0,84,direct,638.16
SCV20004597,metro_station,residential,6.29,25.80,medium,afternoon,weekday,rainy,auto,no,0,0,direct,163.85
SCV20004598,residential,office_area,9.02,45.70,medium,evening,weekday,clear,rapido,no,0,80,direct,140.25
SCV20004599,airport,office_area,19.19,150.00,high,evening,weekday,cloudy,auto,yes,0,105,direct,760.84
SCV20004600,residential,shopping_area,4.87,25.10,medium,afternoon,weekday,cloudy,uber,yes,0,135,direct,403.77
SCV20004601,commercial,shopping_area,10.42,47.60,low,afternoon,weekday,cloudy,rapido,no,2,1705,multimodal,146.52
SCV20004602,commercial,office_area,4.33,39.10,medium,evening,weekday,clear,ola,yes,0,0,direct,267.12
SCV20004603,metro_station,office_area,4.79,33.70,medium,evening,weekday,clear,ola,yes,0,97,direct,283.20
SCV20004604,college_area,commercial,10.78,61.40,low,afternoon,weekday,clear,metro,no,1,820,multimodal,12.97
SCV20004605,metro_station,commercial,5.86,76.10,medium,evening,weekend,clear,metro,yes,3,1589,multimodal,10.00
SCV20004606,commercial,metro_station,2.85,37.30,medium,afternoon,weekday,clear,bus,yes,1,659,multimodal,34.63
SCV20004607,commercial,office_area,5.06,55.80,high,evening,weekday,clear,bus,yes,0,179,direct,12.90
SCV20004608,residential,metro_station,5.02,58.20,high,evening,weekday,cloudy,uber,yes,0,105,direct,734.59
SCV20004609,metro_station,commercial,7.22,34.70,medium,morning,weekday,cloudy,auto,yes,0,59,direct,226.32
SCV20004610,college_area,office_area,12.76,92.30,medium,evening,weekday,clear,bus,yes,2,1292,multimodal,41.98
SCV20004611,college_area,metro_station,2.12,21.60,medium,evening,weekday,clear,auto,yes,0,128,direct,93.22
SCV20004612,airport,metro_station,32.02,150.00,medium,evening,weekday,cloudy,metro,yes,0,170,direct,58.36
SCV20004613,metro_station,commercial,3.55,33.90,medium,evening,weekday,clear,rapido,yes,0,186,direct,86.10
SCV20004614,residential,office_area,11.88,83.80,high,evening,weekday,cloudy,ola,yes,0,63,direct,757.87
SCV20004615,college_area,metro_station,7.79,31.80,medium,morning,weekday,clear,ola,yes,1,0,direct,321.06
SCV20004616,metro_station,shopping_area,5.66,14.90,low,night,weekday,cloudy,rapido,yes,1,125,direct,100.66
SCV20004617,commercial,office_area,8.42,76.60,high,evening,weekday,rainy,bus,yes,0,162,direct,30.53
SCV20004618,commercial,shopping_area,5.89,38.40,low,night,weekday,cloudy,metro,no,1,1164,multimodal,18.13
SCV20004619,residential,shopping_area,5.22,74.00,medium,evening,weekend,clear,rapido,yes,3,947,multimodal,176.95
SCV20004620,residential,commercial,7.20,37.20,medium,evening,weekday,clear,rapido,yes,0,108,direct,116.98
SCV20004621,commercial,office_area,6.48,36.40,medium,morning,weekday,cloudy,metro,no,0,24,direct,29.40
SCV20004622,college_area,metro_station,6.10,54.50,medium,evening,weekday,rainy,metro,yes,1,1244,multimodal,42.73
SCV20004623,college_area,office_area,7.66,34.70,low,morning,weekday,cloudy,rapido,no,0,38,direct,113.79
SCV20004624,commercial,office_area,3.31,20.20,medium,morning,weekday,clear,auto,yes,0,88,direct,105.81
SCV20004625,commercial,residential,7.45,37.70,medium,evening,weekday,cloudy,rapido,no,0,36,direct,119.94
SCV20004626,residential,office_area,8.66,61.80,medium,morning,weekday,clear,metro,yes,1,884,multimodal,13.87
SCV20004627,college_area,residential,6.22,21.60,low,morning,weekend,clear,auto,no,0,69,direct,162.70
SCV20004628,metro_station,office_area,4.72,19.80,low,afternoon,weekday,clear,ola,no,0,37,direct,196.29
SCV20004629,commercial,metro_station,5.31,72.80,medium,evening,weekday,clear,metro,yes,2,1243,multimodal,31.44
SCV20004630,college_area,office_area,11.94,52.20,medium,morning,weekday,cloudy,uber,yes,0,67,direct,659.02
SCV20004631,airport,metro_station,26.00,87.60,low,night,weekday,clear,uber,no,1,851,multimodal,1088.04
SCV20004632,residential,office_area,10.91,51.80,medium,morning,weekday,clear,rapido,no,1,97,direct,174.22
SCV20004633,metro_station,residential,3.22,23.10,medium,morning,weekday,clear,ola,yes,0,14,direct,182.57
SCV20004634,college_area,metro_station,4.39,33.20,medium,morning,weekday,clear,auto,yes,0,87,direct,150.08
SCV20004635,commercial,shopping_area,3.30,11.40,low,afternoon,weekday,clear,rapido,no,0,144,direct,28.95
SCV20004636,college_area,office_area,9.92,48.20,medium,morning,weekday,rainy,auto,no,0,82,direct,242.53
SCV20004637,residential,commercial,12.68,35.00,low,night,weekend,cloudy,rapido,no,0,100,direct,136.87
SCV20004638,residential,office_area,12.09,92.20,high,evening,weekday,cloudy,uber,yes,0,96,direct,971.19
SCV20004639,college_area,commercial,9.82,47.00,medium,afternoon,weekday,cloudy,ola,yes,0,108,direct,461.57
SCV20004640,residential,shopping_area,11.39,28.40,low,afternoon,weekend,cloudy,auto,no,0,143,direct,183.94
SCV20004641,residential,office_area,14.96,150.00,high,evening,weekday,clear,metro,yes,3,1933,multimodal,42.72
SCV20004642,commercial,office_area,5.10,28.00,medium,morning,weekday,clear,uber,yes,0,33,direct,328.75
SCV20004643,residential,metro_station,7.48,65.70,medium,morning,weekday,cloudy,metro,yes,1,1187,multimodal,24.32
SCV20004644,commercial,shopping_area,5.16,27.30,low,evening,weekend,clear,ola,no,0,95,direct,226.28
SCV20004645,residential,office_area,8.22,70.50,high,evening,weekday,cloudy,metro,yes,0,104,direct,33.67
SCV20004646,college_area,residential,6.29,46.50,low,afternoon,weekday,rainy,rapido,no,2,1213,multimodal,143.79
SCV20004647,residential,metro_station,4.35,55.50,high,evening,weekday,rainy,uber,yes,0,257,direct,647.35
SCV20004648,commercial,office_area,6.30,58.40,medium,evening,weekday,clear,uber,yes,1,1148,multimodal,514.70
SCV20004649,college_area,residential,7.78,55.30,medium,afternoon,weekday,cloudy,rapido,yes,2,1573,multimodal,179.92
SCV20004650,residential,commercial,12.24,31.90,low,afternoon,weekday,clear,ola,no,0,104,direct,343.41
SCV20004651,metro_station,office_area,4.46,14.50,low,night,weekday,clear,bus,no,0,85,direct,19.39
SCV20004652,commercial,shopping_area,5.48,59.80,high,evening,weekday,rainy,rapido,yes,0,81,direct,214.54
SCV20004653,residential,office_area,10.68,44.20,medium,morning,weekday,clear,ola,yes,0,217,direct,446.34
SCV20004654,college_area,office_area,8.93,23.70,low,afternoon,weekday,clear,ola,no,0,20,direct,246.61
SCV20004655,commercial,office_area,8.43,73.30,high,evening,weekday,clear,ola,yes,0,221,direct,598.75
SCV20004656,metro_station,commercial,4.82,55.30,medium,morning,weekday,clear,rapido,yes,2,906,multimodal,141.56
SCV20004657,residential,shopping_area,10.71,47.80,medium,morning,weekday,cloudy,rapido,yes,0,221,direct,168.56
SCV20004658,residential,office_area,16.52,108.40,medium,evening,weekday,clear,bus,no,1,1504,multimodal,37.13
SCV20004659,metro_station,office_area,3.49,33.90,medium,afternoon,weekday,rainy,uber,yes,1,1225,multimodal,370.21
SCV20004660,airport,metro_station,25.65,126.20,medium,evening,weekday,clear,rapido,yes,0,62,direct,409.47
SCV20004661,residential,shopping_area,7.85,17.70,low,night,weekday,clear,uber,no,0,101,direct,324.85
SCV20004662,commercial,residential,4.42,12.50,low,afternoon,weekday,clear,rapido,yes,0,25,direct,78.50
SCV20004663,commercial,metro_station,6.14,89.00,high,evening,weekday,clear,metro,yes,3,1593,multimodal,29.56
SCV20004664,metro_station,residential,4.73,57.80,medium,morning,weekday,clear,auto,yes,2,1321,multimodal,233.16
SCV20004665,commercial,office_area,3.95,54.80,medium,morning,weekday,clear,bus,yes,1,802,multimodal,23.81
SCV20004666,metro_station,residential,2.22,10.60,low,morning,weekend,clear,ola,no,0,108,direct,130.26
SCV20004667,airport,office_area,27.36,135.60,medium,evening,weekend,cloudy,uber,no,0,27,direct,1357.72
SCV20004668,airport,office_area,23.56,115.60,medium,evening,weekday,cloudy,uber,yes,0,117,direct,1322.52
SCV20004669,commercial,office_area,5.49,59.10,high,evening,weekday,rainy,ola,yes,0,141,direct,512.78
SCV20004670,residential,metro_station,7.83,30.10,medium,afternoon,weekday,rainy,auto,no,0,246,direct,190.03
SCV20004671,commercial,office_area,6.45,35.50,low,night,weekend,clear,bus,no,1,749,multimodal,10.00
SCV20004672,residential,office_area,11.81,69.90,medium,evening,weekday,clear,rapido,no,0,0,direct,174.21
SCV20004673,college_area,residential,3.86,10.90,low,night,weekday,clear,auto,no,0,79,direct,119.21
SCV20004674,residential,office_area,10.51,78.90,medium,evening,weekday,cloudy,auto,yes,1,669,multimodal,332.64
SCV20004675,commercial,residential,8.77,68.20,medium,evening,weekend,clear,uber,yes,1,1058,multimodal,658.69
SCV20004676,commercial,office_area,10.65,115.90,high,evening,weekday,rainy,ola,yes,2,1844,multimodal,960.40
SCV20004677,metro_station,office_area,9.06,43.80,medium,morning,weekday,cloudy,auto,no,0,126,direct,212.18
SCV20004678,metro_station,commercial,7.78,24.70,low,night,weekend,clear,auto,no,0,107,direct,155.07
SCV20004679,residential,commercial,9.04,50.60,medium,morning,weekday,clear,ola,yes,0,155,direct,418.58
SCV20004680,commercial,office_area,9.66,59.20,high,morning,weekday,rainy,uber,yes,1,0,direct,889.68
SCV20004681,residential,shopping_area,7.32,41.60,medium,evening,weekday,clear,ola,yes,0,102,direct,365.55
SCV20004682,airport,residential,27.91,150.00,high,evening,weekday,rainy,uber,yes,1,774,multimodal,1500.00
SCV20004683,college_area,commercial,6.29,23.50,low,afternoon,weekday,cloudy,ola,no,0,190,direct,234.01
SCV20004684,residential,metro_station,3.65,17.90,medium,morning,weekday,clear,uber,yes,0,131,direct,282.57
SCV20004685,college_area,office_area,11.86,30.70,low,afternoon,weekday,clear,uber,no,1,43,direct,456.76
SCV20004686,commercial,shopping_area,5.02,17.50,low,night,weekend,clear,auto,no,0,83,direct,116.78
SCV20004687,metro_station,office_area,8.65,108.80,high,evening,weekday,clear,rapido,yes,3,2117,multimodal,342.41
SCV20004688,college_area,residential,6.32,48.00,medium,evening,weekday,clear,auto,yes,0,162,direct,231.05
SCV20004689,airport,metro_station,26.89,133.70,medium,evening,weekend,rainy,ola,no,0,132,direct,1216.31
SCV20004690,commercial,residential,9.01,126.30,high,evening,weekday,clear,metro,yes,3,1839,multimodal,44.72
SCV20004691,residential,office_area,10.20,51.00,low,afternoon,weekend,cloudy,rapido,no,1,1300,multimodal,139.45
SCV20004692,residential,commercial,8.42,61.30,medium,evening,weekday,clear,bus,yes,1,810,multimodal,16.55
SCV20004693,commercial,shopping_area,5.39,52.50,medium,afternoon,weekday,clear,uber,no,2,1314,multimodal,435.81
SCV20004694,commercial,shopping_area,9.09,30.70,low,afternoon,weekday,clear,uber,no,0,176,direct,395.16
SCV20004695,commercial,office_area,9.59,48.00,medium,morning,weekend,rainy,uber,no,0,40,direct,561.99
SCV20004696,metro_station,office_area,9.81,76.60,high,evening,weekday,clear,auto,yes,0,116,direct,406.03
SCV20004697,metro_station,residential,5.83,38.70,medium,evening,weekday,clear,ola,no,0,125,direct,270.50
SCV20004698,metro_station,commercial,5.83,63.40,medium,evening,weekend,cloudy,rapido,yes,1,1043,multimodal,140.39
SCV20004699,college_area,commercial,10.25,44.00,medium,morning,weekday,clear,rapido,yes,0,87,direct,187.73
SCV20004700,residential,shopping_area,7.81,18.70,low,night,weekend,cloudy,bus,no,0,117,direct,10.00
SCV20004701,airport,residential,30.53,150.00,high,evening,weekday,rainy,auto,yes,0,161,direct,1085.20
SCV20004702,residential,commercial,9.45,93.60,medium,evening,weekday,clear,bus,yes,2,1578,multimodal,27.52
SCV20004703,commercial,residential,8.20,76.30,medium,afternoon,weekday,clear,bus,yes,3,1529,multimodal,28.66
SCV20004704,residential,office_area,7.18,64.20,medium,morning,weekday,cloudy,rapido,yes,2,1650,multimodal,175.73
SCV20004705,residential,commercial,4.24,14.10,low,morning,weekend,rainy,auto,no,0,184,direct,130.90
SCV20004706,metro_station,commercial,6.80,31.10,medium,afternoon,weekday,clear,uber,no,0,118,direct,366.34
SCV20004707,airport,metro_station,21.49,150.00,high,evening,weekday,rainy,bus,yes,0,174,direct,85.72
SCV20004708,residential,office_area,6.38,46.20,medium,evening,weekend,cloudy,uber,no,0,0,direct,428.65
SCV20004709,commercial,metro_station,1.28,39.00,high,evening,weekday,rainy,auto,yes,0,0,direct,193.28
SCV20004710,metro_station,commercial,5.36,24.80,medium,afternoon,weekday,cloudy,auto,yes,0,162,direct,169.94
SCV20004711,residential,office_area,7.13,37.20,medium,morning,weekday,clear,metro,yes,0,243,direct,11.47
SCV20004712,college_area,office_area,11.22,76.50,medium,evening,weekday,clear,uber,yes,1,873,multimodal,751.63
SCV20004713,metro_station,commercial,5.60,48.00,low,night,weekday,clear,rapido,no,2,913,multimodal,107.92
SCV20004714,residential,commercial,5.64,26.20,medium,morning,weekday,clear,uber,yes,0,150,direct,341.73
SCV20004715,metro_station,residential,3.19,43.10,medium,morning,weekday,cloudy,bus,yes,1,520,multimodal,14.95
SCV20004716,residential,metro_station,8.17,49.60,high,morning,weekday,cloudy,metro,yes,0,325,direct,23.01
SCV20004717,metro_station,residential,5.02,35.20,medium,afternoon,weekday,rainy,uber,no,0,97,direct,382.31
SCV20004718,commercial,office_area,7.45,42.20,medium,morning,weekday,clear,metro,yes,0,245,direct,25.81
SCV20004719,airport,metro_station,27.47,72.30,low,night,weekday,cloudy,auto,no,0,58,direct,469.79
SCV20004720,college_area,commercial,5.00,29.30,low,evening,weekend,clear,auto,no,0,92,direct,123.12
SCV20004721,residential,metro_station,7.59,51.60,medium,morning,weekday,clear,uber,yes,1,998,multimodal,549.85
SCV20004722,residential,commercial,13.44,50.40,medium,morning,weekday,clear,ola,yes,0,101,direct,536.04
SCV20004723,college_area,office_area,9.45,54.40,low,afternoon,weekday,clear,metro,no,1,930,multimodal,21.09
SCV20004724,metro_station,office_area,6.19,66.30,high,evening,weekday,rainy,rapido,yes,1,14,direct,201.53
SCV20004725,metro_station,residential,3.24,16.50,low,night,weekend,clear,ola,no,0,135,direct,152.23
SCV20004726,airport,commercial,29.83,99.60,low,afternoon,weekend,cloudy,metro,no,1,1426,multimodal,46.20
SCV20004727,airport,metro_station,25.53,110.20,medium,morning,weekday,clear,ola,yes,1,717,multimodal,1077.44
SCV20004728,college_area,residential,6.92,22.00,low,afternoon,weekday,clear,rapido,no,0,111,direct,100.78
SCV20004729,commercial,metro_station,8.80,45.60,medium,evening,weekday,cloudy,ola,yes,0,29,direct,430.27
SCV20004730,college_area,metro_station,7.05,42.80,medium,morning,weekday,clear,rapido,yes,0,6,direct,150.15
SCV20004731,residential,shopping_area,12.02,64.90,medium,evening,weekday,clear,uber,yes,0,92,direct,675.90
SCV20004732,airport,metro_station,24.15,61.10,low,night,weekend,clear,uber,no,0,104,direct,937.52
SCV20004733,airport,metro_station,25.11,150.00,high,evening,weekday,clear,auto,yes,0,158,direct,844.45
SCV20004734,residential,metro_station,5.90,37.90,medium,morning,weekday,cloudy,ola,yes,0,0,direct,341.34
SCV20004735,metro_station,residential,3.24,33.70,medium,evening,weekday,clear,uber,yes,0,184,direct,306.51
SCV20004736,metro_station,commercial,6.50,32.60,medium,morning,weekday,clear,ola,yes,0,66,direct,310.14
SCV20004737,residential,commercial,7.45,31.60,medium,afternoon,weekday,rainy,rapido,yes,0,45,direct,138.47
SCV20004738,residential,commercial,7.60,87.80,high,evening,weekday,rainy,metro,yes,1,518,multimodal,45.36
SCV20004739,residential,metro_station,6.54,41.40,medium,evening,weekend,rainy,ola,no,0,20,direct,322.95
SCV20004740,metro_station,office_area,10.78,47.40,medium,morning,weekday,cloudy,bus,yes,0,235,direct,18.70
SCV20004741,college_area,residential,5.88,59.40,medium,morning,weekday,rainy,auto,no,2,1605,multimodal,237.49
SCV20004742,metro_station,residential,4.48,25.80,low,night,weekend,clear,uber,no,0,24,direct,241.55
SCV20004743,residential,office_area,7.84,48.20,medium,evening,weekday,cloudy,uber,no,0,95,direct,465.46
SCV20004744,commercial,residential,8.01,42.30,medium,evening,weekend,clear,metro,yes,0,205,direct,10.00
SCV20004745,commercial,shopping_area,6.48,44.20,medium,evening,weekday,clear,auto,yes,0,11,direct,206.32
SCV20004746,college_area,metro_station,7.49,45.40,medium,morning,weekday,clear,ola,yes,0,15,direct,392.09
SCV20004747,college_area,office_area,7.46,32.40,low,night,weekend,cloudy,uber,no,0,88,direct,339.39
SCV20004748,airport,office_area,22.86,113.40,medium,evening,weekend,clear,metro,yes,0,196,direct,51.28
SCV20004749,commercial,residential,7.47,32.50,low,afternoon,weekend,clear,uber,no,0,138,direct,367.42
SCV20004750,college_area,commercial,11.25,60.60,medium,evening,weekday,cloudy,ola,no,1,63,direct,464.85
SCV20004751,commercial,metro_station,3.40,17.50,medium,afternoon,weekday,rainy,bus,no,0,223,direct,10.00
SCV20004752,residential,shopping_area,9.42,27.30,low,afternoon,weekday,clear,rapido,no,0,48,direct,104.23
SCV20004753,residential,commercial,9.70,56.50,medium,evening,weekend,clear,rapido,no,0,14,direct,168.59
SCV20004754,commercial,metro_station,4.57,19.60,medium,afternoon,weekend,clear,rapido,yes,0,0,direct,102.91
SCV20004755,college_area,commercial,9.71,50.50,medium,morning,weekday,cloudy,uber,yes,0,17,direct,578.53
SCV20004756,metro_station,residential,5.81,35.80,medium,morning,weekday,clear,rapido,yes,0,29,direct,105.37
SCV20004757,airport,metro_station,15.12,61.90,medium,afternoon,weekday,clear,uber,yes,0,52,direct,807.56
SCV20004758,airport,office_area,19.21,122.20,medium,evening,weekday,clear,metro,no,1,1065,multimodal,41.42
SCV20004759,metro_station,residential,2.61,18.60,medium,afternoon,weekday,clear,rapido,yes,0,117,direct,66.52
SCV20004760,commercial,shopping_area,2.39,5.00,low,night,weekend,clear,uber,no,0,196,direct,145.19
SCV20004761,residential,metro_station,8.73,43.20,medium,afternoon,weekday,clear,rapido,yes,0,131,direct,164.00
SCV20004762,residential,shopping_area,5.32,48.00,medium,afternoon,weekday,rainy,metro,yes,2,1409,multimodal,11.95
SCV20004763,metro_station,residential,4.41,28.00,medium,afternoon,weekday,cloudy,rapido,yes,0,5,direct,111.77
SCV20004764,metro_station,residential,4.76,16.00,low,afternoon,weekday,clear,bus,no,0,192,direct,13.52
SCV20004765,residential,metro_station,9.26,30.70,low,afternoon,weekend,clear,rapido,no,0,28,direct,123.51
SCV20004766,commercial,metro_station,3.52,13.40,medium,afternoon,weekday,clear,ola,no,0,137,direct,171.52
SCV20004767,airport,commercial,19.77,95.60,medium,morning,weekday,clear,metro,yes,1,1143,multimodal,50.44
SCV20004768,commercial,shopping_area,2.92,12.30,low,morning,weekend,clear,ola,no,0,0,direct,145.84
SCV20004769,residential,metro_station,5.23,28.70,medium,afternoon,weekday,clear,uber,yes,0,114,direct,352.13
SCV20004770,residential,office_area,8.53,48.80,medium,morning,weekday,clear,auto,yes,1,110,direct,233.43
SCV20004771,airport,office_area,22.02,86.30,medium,morning,weekday,clear,uber,yes,0,137,direct,1157.58
SCV20004772,airport,metro_station,20.62,123.20,medium,evening,weekend,clear,auto,no,1,517,multimodal,543.16
SCV20004773,metro_station,residential,4.62,38.20,medium,evening,weekday,clear,rapido,yes,0,163,direct,123.02
SCV20004774,college_area,commercial,12.02,54.20,medium,evening,weekday,cloudy,rapido,yes,0,45,direct,206.01
SCV20004775,residential,metro_station,4.94,38.10,medium,evening,weekday,clear,ola,yes,0,112,direct,268.63
SCV20004776,metro_station,office_area,3.68,24.60,medium,morning,weekday,clear,ola,yes,0,201,direct,244.93
SCV20004777,commercial,residential,6.62,30.90,low,night,weekday,rainy,uber,no,0,88,direct,374.92
SCV20004778,commercial,residential,4.08,24.60,medium,evening,weekday,clear,ola,yes,0,177,direct,233.01
SCV20004779,commercial,residential,9.57,54.30,low,morning,weekend,cloudy,metro,no,2,1019,multimodal,20.92
SCV20004780,residential,office_area,4.11,23.60,medium,evening,weekday,clear,ola,yes,0,43,direct,230.52
SCV20004781,metro_station,residential,4.23,26.90,medium,morning,weekday,clear,uber,yes,0,77,direct,309.06
SCV20004782,metro_station,shopping_area,6.14,39.90,medium,evening,weekend,clear,uber,no,0,50,direct,362.91
SCV20004783,airport,residential,33.35,150.00,medium,evening,weekend,cloudy,bus,no,2,1652,multimodal,70.40
SCV20004784,residential,metro_station,5.21,57.10,low,morning,weekend,clear,metro,no,1,832,multimodal,32.04
SCV20004785,commercial,residential,12.99,33.20,low,night,weekday,clear,bus,no,0,138,direct,30.97
SCV20004786,residential,office_area,15.64,125.20,high,evening,weekday,cloudy,bus,yes,0,142,direct,60.84
SCV20004787,residential,office_area,14.54,92.70,low,afternoon,weekday,clear,metro,no,3,1626,multimodal,37.67
SCV20004788,college_area,commercial,4.43,18.60,low,night,weekday,clear,ola,no,0,60,direct,177.28
SCV20004789,airport,metro_station,21.01,150.00,high,evening,weekday,clear,ola,yes,0,176,direct,1310.75
SCV20004790,metro_station,shopping_area,5.73,27.60,medium,morning,weekday,clear,ola,yes,0,14,direct,296.97
SCV20004791,commercial,shopping_area,4.90,30.70,medium,evening,weekday,cloudy,auto,yes,0,95,direct,138.65
SCV20004792,airport,commercial,28.82,150.00,medium,evening,weekend,clear,metro,yes,1,1397,multimodal,42.46
SCV20004793,residential,office_area,10.40,56.60,low,morning,weekend,clear,bus,no,1,1435,multimodal,33.01
SCV20004794,residential,metro_station,5.71,72.20,high,evening,weekday,cloudy,bus,yes,1,866,multimodal,27.31
SCV20004795,residential,commercial,7.79,69.60,medium,evening,weekday,rainy,metro,yes,1,1060,multimodal,29.83
SCV20004796,commercial,office_area,8.48,47.30,medium,evening,weekday,clear,ola,yes,0,72,direct,382.33
SCV20004797,airport,metro_station,26.99,113.20,medium,afternoon,weekday,clear,rapido,no,2,1438,multimodal,400.27
SCV20004798,commercial,shopping_area,3.19,27.20,medium,morning,weekday,clear,auto,yes,1,341,multimodal,141.54
SCV20004799,metro_station,shopping_area,3.37,39.80,low,evening,weekend,clear,auto,no,1,1087,multimodal,153.64
SCV20004800,airport,residential,27.46,150.00,high,evening,weekday,clear,rapido,yes,0,97,direct,588.30
SCV20004801,airport,office_area,29.38,113.90,low,night,weekend,clear,rapido,no,3,1721,multimodal,404.16
SCV20004802,college_area,residential,11.79,56.50,medium,morning,weekday,rainy,uber,yes,0,185,direct,760.30
SCV20004803,residential,metro_station,6.96,33.50,medium,morning,weekday,clear,uber,no,0,88,direct,380.96
SCV20004804,residential,metro_station,4.96,20.70,low,night,weekday,cloudy,uber,no,0,84,direct,255.21
SCV20004805,commercial,metro_station,4.72,52.60,high,evening,weekday,rainy,ola,yes,0,99,direct,462.83
SCV20004806,residential,metro_station,3.11,27.20,medium,morning,weekend,rainy,ola,yes,0,71,direct,247.09
SCV20004807,college_area,office_area,12.70,31.40,low,afternoon,weekday,clear,ola,no,0,58,direct,375.89
SCV20004808,commercial,residential,8.77,63.40,medium,morning,weekday,rainy,bus,yes,1,701,multimodal,46.21
SCV20004809,commercial,shopping_area,8.25,32.90,low,afternoon,weekend,clear,uber,yes,1,84,direct,413.30
SCV20004810,residential,commercial,12.94,67.80,medium,evening,weekend,clear,uber,no,0,64,direct,671.69
SCV20004811,residential,commercial,9.68,29.50,low,afternoon,weekday,clear,auto,no,0,34,direct,163.37
SCV20004812,commercial,metro_station,4.88,28.60,medium,morning,weekday,clear,rapido,no,0,128,direct,101.78
SCV20004813,airport,metro_station,16.57,150.00,high,evening,weekday,rainy,bus,yes,1,1064,multimodal,49.30
SCV20004814,college_area,office_area,13.66,71.20,medium,morning,weekday,clear,ola,yes,1,1177,multimodal,599.72
SCV20004815,airport,office_area,24.42,93.90,medium,morning,weekday,cloudy,ola,yes,0,97,direct,1044.43
SCV20004816,commercial,shopping_area,4.14,38.20,medium,morning,weekday,clear,rapido,yes,1,599,multimodal,114.75
SCV20004817,metro_station,office_area,4.61,14.50,low,morning,weekday,clear,uber,no,0,149,direct,204.74
SCV20004818,metro_station,office_area,4.65,29.80,medium,evening,weekend,clear,auto,yes,0,24,direct,152.63
SCV20004819,commercial,residential,10.96,48.00,medium,morning,weekend,cloudy,rapido,yes,0,92,direct,206.63
SCV20004820,metro_station,office_area,8.22,55.70,medium,morning,weekday,rainy,bus,yes,1,524,multimodal,14.10
SCV20004821,commercial,metro_station,8.40,71.70,high,evening,weekday,clear,ola,yes,0,151,direct,584.45
SCV20004822,college_area,commercial,10.73,40.70,low,afternoon,weekday,clear,auto,no,0,136,direct,223.72
SCV20004823,metro_station,commercial,5.56,32.70,medium,afternoon,weekend,rainy,metro,yes,0,344,direct,32.43
SCV20004824,residential,metro_station,7.88,33.70,medium,morning,weekday,cloudy,uber,yes,0,0,direct,464.40
SCV20004825,commercial,shopping_area,7.35,30.50,medium,morning,weekday,cloudy,rapido,yes,0,132,direct,150.05
SCV20004826,residential,commercial,10.86,27.80,low,night,weekday,clear,auto,no,0,41,direct,202.81
SCV20004827,residential,commercial,10.88,74.10,low,night,weekday,clear,metro,no,2,1543,multimodal,35.38
SCV20004828,commercial,residential,7.07,59.70,low,night,weekend,rainy,auto,no,2,1675,multimodal,218.42
SCV20004829,commercial,shopping_area,7.23,23.80,low,night,weekend,clear,ola,no,0,176,direct,240.17
SCV20004830,metro_station,office_area,5.85,40.20,medium,evening,weekday,clear,ola,yes,0,190,direct,321.94
SCV20004831,commercial,office_area,3.27,27.10,medium,evening,weekday,cloudy,rapido,yes,0,0,direct,87.68
SCV20004832,commercial,office_area,6.86,29.10,medium,afternoon,weekday,rainy,rapido,yes,1,134,direct,143.31
SCV20004833,residential,metro_station,3.30,17.30,low,afternoon,weekend,rainy,auto,no,0,49,direct,91.62
SCV20004834,metro_station,commercial,3.99,25.30,medium,morning,weekday,clear,uber,yes,0,41,direct,280.68
SCV20004835,residential,metro_station,5.38,49.20,low,afternoon,weekday,clear,ola,no,2,1318,multimodal,285.48
SCV20004836,residential,office_area,14.97,93.10,medium,morning,weekday,rainy,bus,yes,1,801,multimodal,36.36
SCV20004837,residential,office_area,6.73,44.90,medium,evening,weekday,clear,bus,yes,0,266,direct,20.37
SCV20004838,residential,commercial,5.20,37.40,medium,afternoon,weekday,rainy,metro,no,0,204,direct,11.56
SCV20004839,airport,metro_station,27.93,124.00,medium,morning,weekend,rainy,auto,no,1,823,multimodal,672.68
SCV20004840,metro_station,residential,5.93,54.40,high,evening,weekday,clear,uber,yes,0,123,direct,557.60
SCV20004841,residential,metro_station,5.75,38.10,medium,evening,weekday,clear,metro,yes,0,220,direct,48.58
SCV20004842,commercial,metro_station,2.51,25.20,high,morning,weekday,rainy,bus,yes,0,232,direct,15.36
SCV20004843,commercial,shopping_area,7.33,39.90,medium,morning,weekday,clear,auto,yes,1,511,multimodal,216.20
SCV20004844,commercial,shopping_area,6.55,37.80,medium,morning,weekend,clear,ola,yes,0,93,direct,330.33
SCV20004845,commercial,shopping_area,6.09,51.90,medium,afternoon,weekday,clear,bus,yes,1,1183,multimodal,22.82
SCV20004846,college_area,office_area,9.29,43.70,medium,morning,weekend,clear,ola,yes,0,21,direct,410.20
SCV20004847,airport,commercial,26.75,148.10,medium,evening,weekday,clear,uber,yes,1,1045,multimodal,1500.00
SCV20004848,college_area,metro_station,4.76,31.60,medium,evening,weekday,cloudy,ola,yes,0,136,direct,248.53
SCV20004849,metro_station,commercial,6.41,32.90,medium,afternoon,weekday,clear,uber,yes,0,80,direct,416.97
SCV20004850,metro_station,office_area,5.00,15.50,low,afternoon,weekday,clear,auto,no,0,98,direct,112.27
SCV20004851,residential,office_area,11.72,91.00,high,evening,weekday,cloudy,ola,yes,0,65,direct,805.77
SCV20004852,commercial,metro_station,6.88,68.30,high,evening,weekday,rainy,ola,yes,0,17,direct,632.94
SCV20004853,airport,residential,29.27,150.00,high,evening,weekday,rainy,uber,yes,3,1320,multimodal,1500.00
SCV20004854,commercial,residential,5.00,31.60,medium,morning,weekday,clear,bus,yes,0,257,direct,22.15
SCV20004855,residential,metro_station,3.35,20.50,medium,afternoon,weekday,rainy,rapido,no,1,196,direct,83.07
SCV20004856,commercial,residential,3.75,40.00,medium,evening,weekday,cloudy,bus,yes,0,268,direct,31.03
SCV20004857,college_area,commercial,8.43,53.40,medium,evening,weekday,rainy,auto,no,1,105,direct,239.27
SCV20004858,metro_station,residential,3.28,20.60,medium,morning,weekday,cloudy,uber,no,0,80,direct,246.86
SCV20004859,metro_station,shopping_area,5.19,27.80,low,evening,weekend,clear,uber,no,0,105,direct,276.35
SCV20004860,residential,office_area,18.24,103.50,medium,evening,weekend,clear,uber,yes,0,87,direct,1036.83
SCV20004861,residential,commercial,8.28,34.90,low,morning,weekend,cloudy,ola,no,1,96,direct,314.16
SCV20004862,commercial,shopping_area,2.88,6.30,low,afternoon,weekend,cloudy,uber,no,0,12,direct,182.74
SCV20004863,commercial,office_area,6.01,34.60,medium,evening,weekend,clear,rapido,yes,0,0,direct,130.56
SCV20004864,college_area,commercial,8.77,38.30,medium,afternoon,weekday,cloudy,ola,yes,0,41,direct,385.58
SCV20004865,metro_station,office_area,5.29,34.90,medium,morning,weekend,cloudy,rapido,no,0,82,direct,100.73
SCV20004866,commercial,residential,13.71,53.00,medium,morning,weekday,cloudy,uber,no,0,0,direct,620.48
SCV20004867,airport,office_area,23.58,150.00,high,evening,weekday,rainy,metro,yes,1,1036,multimodal,53.60
SCV20004868,metro_station,commercial,5.18,35.50,medium,evening,weekday,cloudy,uber,yes,0,117,direct,393.78
SCV20004869,commercial,shopping_area,7.13,26.40,medium,afternoon,weekend,rainy,ola,yes,0,92,direct,361.39
SCV20004870,commercial,shopping_area,5.58,47.80,high,evening,weekday,cloudy,ola,yes,0,56,direct,473.16
SCV20004871,airport,commercial,23.58,71.50,low,afternoon,weekend,clear,ola,no,0,3,direct,741.58
SCV20004872,metro_station,residential,3.06,20.10,medium,night,weekday,cloudy,rapido,yes,0,54,direct,58.26
SCV20004873,residential,shopping_area,14.08,69.80,low,afternoon,weekday,cloudy,rapido,no,2,1379,multimodal,205.92
SCV20004874,metro_station,residential,5.82,47.70,medium,evening,weekday,clear,uber,yes,1,960,multimodal,464.15
SCV20004875,residential,office_area,12.19,39.50,low,afternoon,weekday,cloudy,ola,no,0,40,direct,367.04
SCV20004876,college_area,commercial,8.18,37.10,medium,morning,weekday,cloudy,uber,yes,0,50,direct,469.19
SCV20004877,commercial,shopping_area,2.75,32.10,medium,evening,weekday,clear,uber,yes,0,199,direct,285.98
SCV20004878,residential,metro_station,7.71,55.70,high,morning,weekday,cloudy,auto,yes,0,138,direct,272.18
SCV20004879,college_area,residential,4.82,8.80,low,afternoon,weekend,rainy,ola,no,0,59,direct,192.46
SCV20004880,commercial,office_area,5.29,19.30,low,afternoon,weekend,clear,rapido,no,0,251,direct,99.77
SCV20004881,metro_station,commercial,4.63,30.00,medium,afternoon,weekend,cloudy,rapido,no,0,134,direct,88.51
SCV20004882,commercial,metro_station,6.19,56.40,high,evening,weekday,clear,bus,yes,0,241,direct,17.44
SCV20004883,commercial,metro_station,6.63,53.40,medium,morning,weekday,cloudy,bus,yes,1,120,multimodal,10.00
SCV20004884,college_area,residential,6.39,28.00,low,morning,weekend,clear,auto,no,0,167,direct,145.02
SCV20004885,residential,metro_station,5.80,38.70,medium,evening,weekend,cloudy,uber,yes,0,11,direct,451.12
SCV20004886,metro_station,residential,5.77,37.20,medium,evening,weekend,cloudy,bus,no,0,364,direct,41.02
SCV20004887,metro_station,shopping_area,10.02,59.70,medium,evening,weekend,cloudy,metro,yes,0,249,direct,16.36
SCV20004888,residential,metro_station,5.52,11.60,low,night,weekend,clear,rapido,no,1,78,direct,68.77
SCV20004889,residential,metro_station,4.73,33.80,medium,morning,weekday,clear,auto,yes,0,30,direct,154.87
SCV20004890,residential,metro_station,7.40,76.50,high,evening,weekday,cloudy,ola,yes,0,26,direct,594.33
SCV20004891,metro_station,residential,2.22,37.60,high,evening,weekday,clear,auto,yes,0,43,direct,161.67
SCV20004892,metro_station,shopping_area,7.88,27.40,low,afternoon,weekend,clear,uber,no,0,144,direct,344.28
SCV20004893,metro_station,residential,2.45,18.50,medium,afternoon,weekday,clear,auto,yes,0,104,direct,79.17
SCV20004894,residential,office_area,10.56,51.60,low,night,weekend,clear,rapido,no,1,732,multimodal,143.83
SCV20004895,residential,shopping_area,10.53,49.60,low,evening,weekend,clear,uber,no,0,34,direct,459.16
SCV20004896,airport,residential,30.25,112.40,medium,morning,weekday,cloudy,ola,yes,1,26,direct,1190.94
SCV20004897,commercial,shopping_area,8.77,66.40,medium,evening,weekend,clear,auto,no,1,1079,multimodal,221.72
SCV20004898,residential,shopping_area,6.56,39.10,medium,morning,weekday,clear,bus,yes,0,98,direct,32.59
SCV20004899,college_area,residential,6.12,49.10,low,afternoon,weekday,cloudy,bus,no,2,906,multimodal,19.96
SCV20004900,commercial,shopping_area,7.82,69.80,medium,morning,weekday,clear,metro,yes,2,1610,multimodal,18.76
SCV20004901,metro_station,shopping_area,5.22,30.30,medium,morning,weekday,clear,ola,yes,1,28,direct,268.56
SCV20004902,college_area,commercial,10.33,64.60,low,afternoon,weekday,cloudy,rapido,no,2,1446,multimodal,174.35
SCV20004903,commercial,office_area,7.16,39.50,medium,morning,weekday,rainy,rapido,yes,0,92,direct,126.98
SCV20004904,airport,residential,18.48,81.90,low,morning,weekend,clear,bus,no,1,1537,multimodal,35.36
SCV20004905,commercial,office_area,5.88,30.30,low,afternoon,weekday,clear,ola,no,0,48,direct,223.04
SCV20004906,airport,residential,21.63,88.50,medium,morning,weekday,clear,rapido,yes,0,6,direct,366.93
SCV20004907,metro_station,office_area,7.03,32.30,medium,morning,weekday,clear,metro,no,0,420,direct,10.00
SCV20004908,metro_station,shopping_area,3.64,26.30,medium,morning,weekday,rainy,uber,yes,0,144,direct,310.62
SCV20004909,airport,commercial,27.79,137.60,medium,evening,weekend,rainy,rapido,no,0,197,direct,451.81
SCV20004910,airport,office_area,23.20,133.10,medium,evening,weekend,clear,bus,no,1,871,multimodal,43.25
SCV20004911,residential,commercial,13.75,48.10,medium,morning,weekday,clear,rapido,yes,0,25,direct,199.83
SCV20004912,airport,metro_station,17.25,81.60,medium,evening,weekend,cloudy,auto,no,0,39,direct,404.03
SCV20004913,college_area,commercial,5.85,44.30,low,afternoon,weekday,cloudy,bus,no,2,1047,multimodal,10.85
SCV20004914,commercial,office_area,4.97,60.20,high,morning,weekday,clear,uber,yes,1,751,multimodal,710.94
SCV20004915,residential,metro_station,7.51,48.20,medium,morning,weekday,clear,auto,yes,1,1180,multimodal,220.39
SCV20004916,residential,office_area,11.50,48.10,medium,morning,weekday,cloudy,bus,yes,1,214,direct,29.18
SCV20004917,airport,metro_station,25.70,99.90,low,night,weekend,clear,metro,no,2,1691,multimodal,38.03
SCV20004918,airport,office_area,20.55,100.80,medium,morning,weekday,clear,bus,yes,1,741,multimodal,52.33
SCV20004919,metro_station,office_area,6.81,53.20,low,afternoon,weekday,clear,bus,no,1,961,multimodal,17.29
SCV20004920,residential,office_area,8.12,62.80,medium,afternoon,weekday,clear,ola,yes,2,1639,multimodal,440.57
SCV20004921,residential,commercial,9.62,30.50,low,morning,weekend,cloudy,uber,no,1,15,direct,395.00
SCV20004922,commercial,residential,9.05,50.60,medium,evening,weekend,clear,uber,yes,0,145,direct,548.42
SCV20004923,residential,metro_station,2.33,23.60,medium,morning,weekday,cloudy,rapido,yes,0,120,direct,71.43
SCV20004924,residential,metro_station,5.47,34.30,medium,evening,weekday,clear,ola,yes,0,153,direct,270.37
SCV20004925,commercial,shopping_area,7.00,62.20,medium,evening,weekday,cloudy,rapido,yes,2,1404,multimodal,187.91
SCV20004926,residential,metro_station,8.44,46.30,medium,morning,weekday,clear,rapido,yes,1,1039,multimodal,198.28
SCV20004927,commercial,office_area,4.33,23.10,medium,morning,weekday,cloudy,rapido,yes,0,86,direct,80.83
SCV20004928,college_area,commercial,11.44,38.10,medium,afternoon,weekday,clear,uber,yes,1,92,direct,541.46
SCV20004929,commercial,residential,8.11,20.90,low,night,weekend,clear,rapido,no,0,0,direct,137.67
SCV20004930,commercial,metro_station,3.07,48.40,medium,evening,weekday,clear,bus,yes,1,1184,multimodal,17.49
SCV20004931,commercial,residential,5.20,33.80,medium,evening,weekday,clear,auto,yes,0,111,direct,174.74
SCV20004932,metro_station,office_area,6.96,34.40,medium,morning,weekday,clear,ola,no,0,27,direct,290.75
SCV20004933,college_area,commercial,7.22,66.50,medium,afternoon,weekday,clear,uber,yes,2,1281,multimodal,570.43
SCV20004934,metro_station,office_area,10.02,54.00,medium,evening,weekday,clear,uber,yes,0,16,direct,557.66
SCV20004935,college_area,metro_station,2.76,16.40,low,afternoon,weekend,clear,ola,no,0,7,direct,152.14
SCV20004936,commercial,shopping_area,8.18,70.40,medium,evening,weekday,clear,bus,yes,1,1066,multimodal,36.05
SCV20004937,commercial,metro_station,8.47,70.00,medium,morning,weekday,cloudy,auto,yes,2,1510,multimodal,283.83
SCV20004938,college_area,office_area,6.04,57.20,medium,evening,weekday,clear,ola,yes,1,916,multimodal,402.14
SCV20004939,college_area,metro_station,3.36,41.20,medium,morning,weekday,clear,bus,yes,1,996,multimodal,40.21
SCV20004940,commercial,office_area,8.56,77.70,high,evening,weekday,clear,ola,yes,0,80,direct,642.14
SCV20004941,residential,office_area,8.34,28.00,low,afternoon,weekend,clear,uber,no,0,175,direct,350.69
SCV20004942,residential,metro_station,7.79,91.60,high,evening,weekday,cloudy,metro,yes,2,1770,multimodal,22.35
SCV20004943,residential,shopping_area,12.78,90.50,high,evening,weekday,cloudy,auto,yes,0,32,direct,460.23
SCV20004944,metro_station,office_area,3.52,32.70,medium,morning,weekday,clear,rapido,yes,0,84,direct,101.88
SCV20004945,metro_station,commercial,6.81,34.30,medium,morning,weekday,clear,rapido,yes,0,80,direct,134.68
SCV20004946,residential,commercial,8.98,47.30,low,morning,weekend,clear,ola,no,1,579,multimodal,342.88
SCV20004947,commercial,residential,8.19,62.80,medium,evening,weekday,clear,rapido,yes,1,995,multimodal,183.35
SCV20004948,residential,shopping_area,7.80,37.40,low,afternoon,weekend,cloudy,uber,no,1,531,multimodal,399.76
SCV20004949,commercial,office_area,6.14,39.00,medium,evening,weekday,clear,auto,yes,0,102,direct,173.39
SCV20004950,commercial,shopping_area,4.01,22.40,medium,morning,weekend,rainy,auto,no,0,135,direct,136.53
SCV20004951,college_area,residential,7.89,42.50,medium,evening,weekday,clear,rapido,yes,1,111,direct,132.49
SCV20004952,airport,residential,19.67,62.40,low,afternoon,weekday,clear,uber,no,0,130,direct,779.78
SCV20004953,commercial,office_area,7.65,66.60,high,evening,weekday,clear,metro,yes,0,171,direct,26.61
SCV20004954,residential,office_area,9.91,95.30,high,evening,weekday,rainy,uber,yes,0,142,direct,991.13
SCV20004955,commercial,shopping_area,6.13,30.70,medium,morning,weekday,cloudy,uber,yes,0,53,direct,421.94
SCV20004956,commercial,metro_station,6.69,33.80,medium,afternoon,weekday,clear,uber,no,0,121,direct,374.41
SCV20004957,metro_station,shopping_area,3.13,20.70,medium,evening,weekday,cloudy,bus,yes,0,132,direct,10.00
SCV20004958,residential,office_area,11.23,122.30,high,evening,weekday,cloudy,bus,yes,2,1375,multimodal,19.52
SCV20004959,metro_station,residential,3.25,53.30,high,morning,weekday,rainy,metro,yes,3,1840,multimodal,39.59
SCV20004960,residential,commercial,9.37,84.30,high,evening,weekday,clear,uber,yes,1,141,direct,859.50
SCV20004961,metro_station,residential,5.19,14.90,low,night,weekend,cloudy,rapido,no,0,0,direct,70.04
SCV20004962,metro_station,office_area,4.21,41.60,low,night,weekend,clear,metro,no,1,1660,multimodal,32.55
SCV20004963,residential,shopping_area,4.69,13.30,low,afternoon,weekday,rainy,uber,no,0,59,direct,246.63
SCV20004964,airport,office_area,24.12,138.20,medium,evening,weekend,clear,rapido,no,1,986,multimodal,366.85
SCV20004965,commercial,shopping_area,1.62,21.00,medium,evening,weekend,clear,metro,yes,0,281,direct,16.32
SCV20004966,residential,commercial,3.92,55.90,low,night,weekday,cloudy,bus,no,2,1312,multimodal,16.43
SCV20004967,college_area,commercial,9.78,61.50,medium,morning,weekday,clear,metro,no,1,1110,multimodal,33.50
SCV20004968,commercial,shopping_area,4.96,27.40,medium,morning,weekday,clear,metro,yes,0,188,direct,21.54
SCV20004969,residential,commercial,10.11,110.60,high,evening,weekday,clear,bus,yes,1,1057,multimodal,41.67
SCV20004970,commercial,metro_station,5.22,70.70,medium,evening,weekday,clear,bus,yes,2,1439,multimodal,10.33
SCV20004971,metro_station,shopping_area,6.64,31.70,medium,morning,weekday,cloudy,uber,yes,0,168,direct,410.46
SCV20004972,metro_station,shopping_area,5.98,58.10,medium,evening,weekday,clear,rapido,yes,2,1408,multimodal,139.01
SCV20004973,commercial,residential,6.30,38.70,low,morning,weekend,clear,metro,yes,1,1240,multimodal,18.49
SCV20004974,commercial,residential,6.46,55.50,high,evening,weekday,rainy,ola,yes,0,135,direct,520.89
SCV20004975,metro_station,office_area,9.38,29.10,medium,morning,weekday,clear,rapido,yes,0,45,direct,186.99
SCV20004976,residential,shopping_area,13.81,56.60,medium,morning,weekday,cloudy,ola,yes,0,13,direct,533.18
SCV20004977,commercial,shopping_area,8.40,69.20,high,evening,weekday,rainy,uber,yes,0,92,direct,868.51
SCV20004978,commercial,metro_station,3.94,26.20,medium,morning,weekday,clear,bus,yes,0,286,direct,17.50
SCV20004979,metro_station,shopping_area,6.52,33.90,medium,morning,weekday,clear,rapido,no,0,61,direct,126.45
SCV20004980,residential,office_area,3.33,39.80,high,evening,weekday,cloudy,bus,yes,0,143,direct,12.62
SCV20004981,residential,metro_station,4.95,56.80,high,evening,weekday,clear,rapido,yes,1,1037,multimodal,178.44
SCV20004982,college_area,residential,7.15,28.60,low,evening,weekend,clear,uber,no,0,46,direct,327.36
SCV20004983,commercial,metro_station,5.82,22.30,low,afternoon,weekday,clear,ola,no,1,97,direct,207.39
SCV20004984,residential,office_area,11.80,69.00,medium,evening,weekday,rainy,rapido,no,0,39,direct,196.80
SCV20004985,residential,commercial,13.36,49.40,medium,afternoon,weekday,rainy,uber,no,0,0,direct,774.17
SCV20004986,airport,residential,27.52,150.00,high,evening,weekday,cloudy,bus,yes,2,1363,multimodal,81.80
SCV20004987,commercial,office_area,6.36,35.30,medium,morning,weekday,cloudy,rapido,yes,0,132,direct,123.05
SCV20004988,residential,office_area,4.89,29.50,low,afternoon,weekday,clear,rapido,no,0,72,direct,63.55
SCV20004989,college_area,commercial,12.02,32.40,low,afternoon,weekday,clear,rapido,no,0,133,direct,157.54
SCV20004990,college_area,office_area,14.85,80.30,medium,evening,weekday,cloudy,metro,no,0,98,direct,30.19
SCV20004991,college_area,office_area,9.98,37.20,medium,afternoon,weekday,clear,uber,yes,0,115,direct,520.66
SCV20004992,residential,metro_station,3.81,48.40,low,afternoon,weekday,clear,metro,no,3,1194,multimodal,34.03
SCV20004993,residential,commercial,6.74,38.30,medium,afternoon,weekday,clear,uber,yes,0,113,direct,427.51
SCV20004994,airport,residential,14.02,117.10,high,evening,weekday,rainy,rapido,yes,0,84,direct,395.20
SCV20004995,airport,metro_station,23.05,72.10,low,afternoon,weekday,rainy,uber,no,0,90,direct,1044.46
SCV20004996,commercial,residential,11.10,44.70,medium,morning,weekday,rainy,rapido,yes,0,108,direct,201.56
SCV20004997,college_area,metro_station,6.13,68.20,medium,evening,weekday,clear,bus,yes,1,879,multimodal,40.24
SCV20004998,residential,office_area,10.39,58.20,medium,evening,weekday,clear,ola,yes,0,150,direct,446.75
SCV20004999,airport,metro_station,26.96,95.20,low,night,weekend,clear,metro,no,1,1219,multimodal,37.81
SCV20005000,residential,commercial,7.83,23.10,low,morning,weekend,cloudy,uber,no,0,46,direct,357.16
SCV20005001,commercial,office_area,8.10,46.20,medium,evening,weekday,cloudy,uber,yes,0,68,direct,527.69
SCV20005002,commercial,residential,8.48,34.10,low,afternoon,weekend,clear,ola,no,0,46,direct,298.07
SCV20005003,airport,commercial,30.76,150.00,high,morning,weekday,rainy,metro,yes,3,1940,multimodal,69.45
SCV20005004,residential,office_area,14.88,74.00,medium,night,weekday,rainy,metro,yes,1,1394,multimodal,29.41
SCV20005005,college_area,office_area,4.27,35.40,medium,evening,weekday,rainy,ola,no,0,156,direct,262.38
SCV20005006,commercial,metro_station,6.32,34.20,medium,morning,weekday,cloudy,ola,yes,0,67,direct,317.25
SCV20005007,airport,metro_station,22.87,83.00,medium,morning,weekday,cloudy,rapido,no,0,144,direct,317.97
SCV20005008,metro_station,office_area,4.19,19.00,medium,morning,weekday,clear,uber,yes,0,61,direct,292.48
SCV20005009,commercial,shopping_area,5.15,10.70,low,afternoon,weekday,clear,uber,no,0,85,direct,209.46
SCV20005010,residential,commercial,8.66,46.70,medium,evening,weekday,clear,bus,yes,0,231,direct,27.19
SCV20005011,residential,metro_station,5.22,24.50,medium,morning,weekend,clear,ola,yes,0,36,direct,239.71
SCV20005012,metro_station,residential,3.70,60.80,high,morning,weekday,clear,bus,yes,2,884,multimodal,10.00
SCV20005013,commercial,office_area,7.80,26.60,medium,morning,weekday,clear,auto,no,0,185,direct,162.02
SCV20005014,commercial,residential,10.13,69.20,medium,afternoon,weekday,rainy,bus,yes,1,1064,multimodal,22.19
SCV20005015,college_area,metro_station,3.36,14.10,low,morning,weekend,cloudy,rapido,no,0,41,direct,64.01
SCV20005016,college_area,residential,6.65,35.40,medium,morning,weekday,clear,uber,yes,0,139,direct,418.63
SCV20005017,residential,office_area,6.32,39.80,medium,evening,weekend,cloudy,uber,no,0,120,direct,408.66
SCV20005018,metro_station,shopping_area,3.87,61.70,high,evening,weekday,cloudy,auto,yes,1,695,multimodal,274.59
SCV20005019,residential,shopping_area,8.52,28.40,low,night,weekday,clear,ola,no,0,111,direct,284.54
SCV20005020,residential,shopping_area,13.34,116.10,high,evening,weekday,clear,bus,yes,1,1160,multimodal,44.32
SCV20005021,college_area,office_area,8.17,65.10,high,evening,weekday,rainy,uber,yes,0,117,direct,784.64
SCV20005022,residential,metro_station,6.84,33.80,medium,morning,weekday,clear,rapido,yes,0,28,direct,129.34
SCV20005023,college_area,office_area,5.49,68.30,medium,morning,weekday,cloudy,bus,yes,3,1471,multimodal,35.23
SCV20005024,college_area,metro_station,6.59,57.10,low,afternoon,weekday,clear,ola,no,2,1626,multimodal,363.25
SCV20005025,commercial,shopping_area,3.91,46.00,low,night,weekday,clear,uber,no,2,1655,multimodal,316.31
SCV20005026,residential,commercial,10.23,39.90,low,night,weekend,clear,bus,no,1,402,multimodal,21.04
SCV20005027,commercial,shopping_area,4.58,46.00,medium,evening,weekday,clear,rapido,no,1,723,multimodal,92.99
SCV20005028,commercial,residential,9.07,29.10,low,afternoon,weekday,clear,ola,no,0,37,direct,275.05
SCV20005029,commercial,office_area,6.78,95.50,high,evening,weekday,clear,bus,yes,3,1440,multimodal,26.13
SCV20005030,commercial,residential,11.56,84.60,medium,morning,weekend,clear,bus,yes,2,1389,multimodal,42.22
SCV20005031,commercial,office_area,7.23,41.20,medium,evening,weekday,clear,rapido,yes,0,0,direct,128.46
SCV20005032,residential,office_area,17.31,80.20,medium,morning,weekday,rainy,ola,yes,0,155,direct,782.29
SCV20005033,metro_station,residential,5.11,55.60,high,evening,weekday,clear,uber,yes,0,97,direct,556.39
SCV20005034,metro_station,commercial,3.07,44.70,high,evening,weekday,clear,auto,yes,0,80,direct,205.33
SCV20005035,airport,metro_station,25.37,150.00,medium,evening,weekend,clear,metro,yes,2,1252,multimodal,48.70
SCV20005036,metro_station,residential,7.47,40.40,medium,morning,weekday,clear,bus,yes,0,264,direct,33.08
SCV20005037,metro_station,commercial,4.76,29.50,medium,afternoon,weekend,clear,uber,yes,0,229,direct,352.49
SCV20005038,commercial,shopping_area,6.94,42.00,medium,evening,weekend,clear,auto,no,0,17,direct,190.33
SCV20005039,commercial,office_area,6.96,28.60,low,afternoon,weekday,clear,uber,no,0,6,direct,322.49
SCV20005040,residential,commercial,12.27,39.10,low,afternoon,weekday,rainy,rapido,no,0,31,direct,165.23
SCV20005041,metro_station,commercial,7.85,49.30,high,morning,weekday,cloudy,ola,yes,0,124,direct,484.05
SCV20005042,airport,commercial,18.33,89.90,medium,morning,weekday,cloudy,uber,yes,1,155,multimodal,1117.21
SCV20005043,metro_station,commercial,7.02,59.20,low,afternoon,weekday,clear,uber,no,3,1309,multimodal,409.02
SCV20005044,metro_station,commercial,4.78,40.50,medium,morning,weekday,clear,uber,yes,1,977,multimodal,423.56
SCV20005045,residential,office_area,16.38,131.00,high,evening,weekday,cloudy,ola,yes,0,14,direct,1093.64
SCV20005046,airport,residential,32.74,150.00,medium,evening,weekday,clear,auto,yes,0,90,direct,830.82
SCV20005047,residential,commercial,9.87,29.20,low,afternoon,weekend,clear,auto,no,0,0,direct,190.80
SCV20005048,metro_station,commercial,2.09,21.60,medium,morning,weekday,cloudy,auto,no,0,28,direct,104.64
SCV20005049,commercial,metro_station,2.73,15.60,medium,morning,weekday,clear,rapido,yes,0,98,direct,58.37
SCV20005050,commercial,office_area,5.76,44.30,high,morning,weekday,rainy,ola,yes,0,52,direct,492.05
SCV20005051,metro_station,residential,3.83,67.90,medium,afternoon,weekday,clear,bus,no,2,1076,multimodal,10.00
SCV20005052,residential,commercial,8.23,41.30,medium,evening,weekday,clear,bus,yes,0,185,direct,28.08
SCV20005053,residential,office_area,11.29,31.70,low,night,weekend,clear,ola,no,0,80,direct,331.78
SCV20005054,metro_station,residential,2.22,31.10,medium,evening,weekend,clear,bus,yes,0,331,direct,31.73
SCV20005055,residential,office_area,13.60,53.00,medium,afternoon,weekday,clear,rapido,yes,0,0,direct,184.56
SCV20005056,metro_station,office_area,5.02,33.50,medium,morning,weekday,clear,metro,yes,0,263,direct,10.00
SCV20005057,airport,commercial,31.35,92.50,low,afternoon,weekday,cloudy,uber,no,0,80,direct,1202.13
SCV20005058,residential,office_area,7.62,67.00,high,evening,weekday,cloudy,uber,yes,0,56,direct,705.32
SCV20005059,residential,metro_station,2.04,14.80,medium,morning,weekday,rainy,rapido,yes,1,0,direct,59.31
SCV20005060,residential,shopping_area,9.31,33.20,low,night,weekday,clear,uber,no,0,113,direct,371.59
SCV20005061,metro_station,shopping_area,2.73,26.60,medium,evening,weekday,clear,ola,yes,0,98,direct,198.62
SCV20005062,airport,office_area,31.25,150.00,high,evening,weekday,clear,metro,yes,2,1698,multimodal,65.38
SCV20005063,commercial,shopping_area,8.76,29.50,low,afternoon,weekday,clear,ola,no,0,114,direct,269.46
SCV20005064,residential,commercial,6.24,34.10,medium,evening,weekday,cloudy,uber,no,0,0,direct,373.38
SCV20005065,airport,metro_station,16.97,95.30,medium,morning,weekday,cloudy,bus,yes,1,1161,multimodal,44.10
SCV20005066,airport,commercial,28.23,74.90,low,night,weekday,rainy,ola,no,0,20,direct,892.54
SCV20005067,metro_station,commercial,5.74,53.50,high,evening,weekday,clear,uber,yes,0,135,direct,587.68
SCV20005068,college_area,office_area,6.56,24.90,medium,morning,weekday,clear,uber,no,0,106,direct,316.84
SCV20005069,commercial,office_area,11.42,51.60,medium,afternoon,weekday,cloudy,bus,no,0,179,direct,20.31
SCV20005070,commercial,residential,14.08,81.70,medium,morning,weekday,rainy,ola,yes,1,930,multimodal,738.94
SCV20005071,metro_station,commercial,7.22,73.90,high,evening,weekday,rainy,auto,yes,0,140,direct,416.40
SCV20005072,residential,metro_station,6.29,49.70,high,morning,weekday,rainy,bus,yes,0,133,direct,47.04
SCV20005073,residential,metro_station,5.15,55.90,medium,morning,weekday,clear,rapido,yes,3,1971,multimodal,122.96
SCV20005074,commercial,office_area,5.95,60.90,medium,evening,weekday,cloudy,ola,yes,1,1098,multimodal,392.12
SCV20005075,commercial,metro_station,5.16,17.40,low,afternoon,weekend,clear,ola,no,0,0,direct,171.74
SCV20005076,residential,commercial,4.43,26.20,medium,morning,weekday,cloudy,uber,yes,1,132,direct,325.24
SCV20005077,airport,office_area,33.77,108.10,medium,afternoon,weekday,clear,rapido,no,0,181,direct,469.24
SCV20005078,airport,metro_station,26.97,136.80,medium,evening,weekday,clear,auto,no,0,145,direct,614.97
SCV20005079,college_area,residential,4.92,23.00,low,afternoon,weekend,clear,ola,yes,0,86,direct,248.97
SCV20005080,residential,metro_station,7.22,52.30,high,morning,weekday,cloudy,metro,yes,0,93,direct,41.48
SCV20005081,commercial,shopping_area,4.80,28.60,medium,morning,weekday,rainy,auto,yes,0,202,direct,146.04
SCV20005082,metro_station,residential,4.18,14.40,low,morning,weekday,cloudy,auto,no,1,10,direct,99.12
SCV20005083,residential,office_area,9.13,71.60,medium,evening,weekend,cloudy,bus,no,1,1162,multimodal,10.00
SCV20005084,college_area,metro_station,3.08,54.30,high,evening,weekday,rainy,bus,yes,1,1055,multimodal,33.51
SCV20005085,airport,office_area,26.97,91.50,low,afternoon,weekday,clear,uber,no,1,937,multimodal,1065.32
SCV20005086,commercial,office_area,7.35,87.50,high,evening,weekday,clear,bus,yes,1,1184,multimodal,32.48
SCV20005087,airport,office_area,25.26,146.00,medium,evening,weekday,clear,auto,no,1,1213,multimodal,654.75
SCV20005088,commercial,shopping_area,7.74,44.00,medium,evening,weekday,clear,rapido,yes,0,6,direct,141.65
SCV20005089,commercial,metro_station,6.72,32.20,low,afternoon,weekday,clear,rapido,no,0,0,direct,105.14
SCV20005090,commercial,residential,8.63,58.40,medium,morning,weekday,cloudy,bus,yes,1,690,multimodal,33.41
SCV20005091,commercial,metro_station,10.09,109.90,high,evening,weekday,cloudy,bus,yes,1,1197,multimodal,48.00
SCV20005092,metro_station,residential,7.99,60.50,low,night,weekend,clear,rapido,no,3,1730,multimodal,138.01
SCV20005093,commercial,office_area,4.00,35.70,medium,morning,weekday,clear,auto,yes,1,684,multimodal,167.19
SCV20005094,metro_station,commercial,3.93,52.60,high,evening,weekday,clear,rapido,yes,0,82,direct,153.40
SCV20005095,residential,commercial,6.99,36.70,medium,morning,weekday,clear,ola,yes,1,102,direct,355.26
SCV20005096,commercial,office_area,6.08,59.10,medium,evening,weekday,clear,bus,yes,1,856,multimodal,19.76
SCV20005097,residential,office_area,12.16,58.60,medium,morning,weekday,clear,uber,yes,1,450,multimodal,712.25
SCV20005098,college_area,residential,4.78,40.80,low,night,weekday,clear,bus,no,1,1355,multimodal,22.21
SCV20005099,metro_station,commercial,8.21,80.80,high,evening,weekday,cloudy,uber,yes,1,89,direct,825.53
SCV20005100,commercial,office_area,9.94,26.10,low,afternoon,weekend,clear,auto,no,0,60,direct,160.41
SCV20005101,metro_station,office_area,10.53,49.00,medium,morning,weekday,clear,uber,yes,0,210,direct,587.74
SCV20005102,commercial,office_area,7.26,20.60,low,afternoon,weekend,cloudy,auto,no,0,116,direct,147.24
SCV20005103,residential,metro_station,4.47,53.20,high,evening,weekday,clear,ola,yes,0,190,direct,403.30
SCV20005104,commercial,metro_station,5.83,51.20,medium,night,weekend,rainy,metro,yes,1,793,multimodal,10.00
SCV20005105,commercial,office_area,6.64,35.00,medium,morning,weekday,clear,uber,yes,0,91,direct,407.16
SCV20005106,commercial,residential,3.34,25.10,medium,afternoon,weekday,clear,rapido,no,0,157,direct,86.96
SCV20005107,metro_station,office_area,10.68,73.00,high,morning,weekday,rainy,bus,yes,0,207,direct,32.51
SCV20005108,airport,metro_station,24.94,135.00,medium,evening,weekday,cloudy,auto,no,1,726,multimodal,581.75
SCV20005109,commercial,office_area,5.15,56.40,medium,morning,weekday,rainy,bus,yes,2,1827,multimodal,36.85
SCV20005110,metro_station,commercial,8.97,43.60,medium,morning,weekday,clear,bus,no,0,259,direct,29.42
SCV20005111,metro_station,shopping_area,6.57,27.80,medium,morning,weekday,clear,ola,yes,0,14,direct,301.53
SCV20005112,metro_station,commercial,7.64,45.40,low,afternoon,weekend,cloudy,bus,no,1,1020,multimodal,10.00
SCV20005113,commercial,office_area,6.37,39.40,high,morning,weekday,clear,ola,yes,0,80,direct,395.40
SCV20005114,college_area,commercial,7.77,61.40,medium,evening,weekday,clear,auto,yes,1,1151,multimodal,270.47
SCV20005115,residential,office_area,8.00,112.10,high,evening,weekday,rainy,bus,yes,2,1825,multimodal,46.26
SCV20005116,airport,metro_station,20.39,150.00,high,evening,weekday,rainy,auto,yes,0,91,direct,868.64
SCV20005117,residential,shopping_area,9.46,53.40,medium,evening,weekday,rainy,uber,no,0,116,direct,545.99
SCV20005118,airport,residential,33.06,77.00,low,night,weekday,rainy,uber,no,0,84,direct,1290.90
SCV20005119,college_area,residential,2.27,5.00,low,afternoon,weekday,clear,rapido,no,0,88,direct,25.74
SCV20005120,college_area,commercial,12.60,37.90,low,night,weekday,clear,ola,no,0,23,direct,359.79
SCV20005121,college_area,metro_station,3.52,25.10,medium,evening,weekend,clear,bus,yes,0,225,direct,19.84
SCV20005122,residential,commercial,8.29,35.70,medium,morning,weekday,clear,uber,yes,0,31,direct,464.69
SCV20005123,residential,office_area,13.93,62.60,medium,morning,weekday,rainy,ola,yes,0,50,direct,624.98
SCV20005124,commercial,office_area,1.87,16.70,low,afternoon,weekend,clear,bus,no,0,132,direct,13.59
SCV20005125,residential,metro_station,4.38,30.30,medium,afternoon,weekday,rainy,metro,no,0,348,direct,19.41
SCV20005126,residential,metro_station,7.56,28.10,low,night,weekend,clear,rapido,yes,0,65,direct,118.71
SCV20005127,metro_station,office_area,5.47,34.30,medium,evening,weekend,rainy,ola,no,0,85,direct,284.84
SCV20005128,college_area,commercial,3.94,24.70,low,afternoon,weekend,cloudy,uber,no,0,140,direct,251.01
SCV20005129,commercial,office_area,4.99,25.20,medium,morning,weekday,clear,ola,yes,0,63,direct,226.74
SCV20005130,commercial,residential,8.03,35.50,medium,morning,weekend,rainy,ola,no,0,99,direct,358.75
SCV20005131,metro_station,commercial,5.86,32.70,medium,morning,weekday,clear,rapido,yes,0,224,direct,105.96
SCV20005132,metro_station,commercial,7.17,50.40,medium,evening,weekday,cloudy,ola,yes,1,97,direct,400.06
SCV20005133,commercial,shopping_area,2.21,20.90,medium,morning,weekday,clear,ola,yes,0,40,direct,181.78
SCV20005134,commercial,office_area,2.83,27.10,high,morning,weekday,clear,ola,yes,0,107,direct,295.86
SCV20005135,college_area,metro_station,4.46,12.10,low,afternoon,weekday,clear,rapido,no,0,55,direct,60.34
SCV20005136,residential,commercial,8.14,34.30,medium,morning,weekday,cloudy,uber,yes,0,79,direct,471.74
SCV20005137,metro_station,residential,8.04,20.90,low,night,weekend,cloudy,ola,yes,0,32,direct,290.68
SCV20005138,commercial,shopping_area,5.51,16.20,low,night,weekday,clear,bus,no,0,354,direct,26.30
SCV20005139,college_area,residential,8.04,60.90,low,afternoon,weekday,clear,bus,no,1,719,multimodal,15.67
SCV20005140,college_area,commercial,4.92,13.70,low,afternoon,weekday,clear,auto,no,0,141,direct,107.78
SCV20005141,college_area,office_area,9.18,68.60,medium,afternoon,weekday,rainy,metro,no,2,1445,multimodal,23.05
SCV20005142,metro_station,residential,3.25,26.80,medium,afternoon,weekday,clear,ola,no,0,48,direct,190.56
SCV20005143,residential,office_area,12.70,119.90,high,evening,weekday,clear,rapido,yes,1,600,multimodal,383.30
SCV20005144,residential,shopping_area,6.77,41.10,medium,evening,weekend,cloudy,ola,yes,0,58,direct,352.30
SCV20005145,commercial,metro_station,4.90,24.80,medium,morning,weekday,rainy,rapido,yes,0,62,direct,92.40
SCV20005146,metro_station,office_area,7.27,36.40,low,night,weekend,clear,auto,no,1,1079,multimodal,164.61
SCV20005147,metro_station,shopping_area,8.69,42.20,medium,evening,weekend,clear,uber,no,0,123,direct,445.11
SCV20005148,residential,metro_station,5.55,29.20,medium,morning,weekday,cloudy,bus,yes,0,293,direct,31.80
SCV20005149,commercial,metro_station,2.15,34.40,high,morning,weekday,rainy,ola,yes,0,23,direct,312.58
SCV20005150,metro_station,residential,5.93,73.30,high,evening,weekday,rainy,ola,yes,1,614,multimodal,590.40
SCV20005151,residential,office_area,5.83,16.80,low,afternoon,weekend,rainy,uber,no,1,183,direct,287.40
SCV20005152,college_area,commercial,6.83,45.00,medium,morning,weekday,cloudy,bus,yes,1,743,multimodal,11.06
SCV20005153,residential,metro_station,4.04,22.40,medium,morning,weekday,cloudy,rapido,yes,0,205,direct,101.35
SCV20005154,college_area,metro_station,4.17,36.30,high,evening,weekday,rainy,ola,yes,0,84,direct,377.76
SCV20005155,commercial,shopping_area,7.16,33.00,low,afternoon,weekend,clear,rapido,no,1,1024,multimodal,108.40
SCV20005156,residential,shopping_area,4.96,33.50,medium,evening,weekday,cloudy,ola,yes,0,109,direct,291.53
SCV20005157,metro_station,commercial,4.99,32.70,medium,evening,weekday,clear,ola,no,0,26,direct,238.37
SCV20005158,residential,metro_station,4.88,32.50,medium,evening,weekday,clear,rapido,yes,0,91,direct,100.11
SCV20005159,commercial,shopping_area,3.72,20.20,low,night,weekday,clear,auto,no,0,135,direct,115.55
SCV20005160,metro_station,commercial,3.15,12.20,medium,morning,weekday,clear,rapido,yes,0,149,direct,87.35
SCV20005161,college_area,office_area,6.18,19.80,low,afternoon,weekday,clear,ola,no,0,86,direct,269.38
SCV20005162,commercial,metro_station,2.46,23.30,medium,morning,weekday,clear,uber,no,0,133,direct,228.84
SCV20005163,airport,commercial,19.35,81.50,low,night,weekend,clear,metro,no,1,1078,multimodal,18.04
SCV20005164,college_area,metro_station,3.58,23.00,low,night,weekday,cloudy,auto,no,0,91,direct,101.85
SCV20005165,metro_station,commercial,7.92,83.40,high,evening,weekday,cloudy,ola,yes,1,746,multimodal,684.09
SCV20005166,college_area,metro_station,2.13,37.30,low,afternoon,weekday,clear,metro,no,2,1377,multimodal,21.84
SCV20005167,residential,metro_station,5.21,31.40,medium,morning,weekday,clear,uber,yes,0,57,direct,377.02
SCV20005168,commercial,residential,10.47,24.10,low,afternoon,weekend,clear,rapido,no,0,92,direct,141.92
SCV20005169,college_area,residential,6.53,18.30,low,afternoon,weekday,clear,uber,no,1,0,direct,302.94
SCV20005170,residential,office_area,10.51,32.80,medium,night,weekday,clear,auto,yes,0,17,direct,222.54
SCV20005171,airport,metro_station,21.69,105.60,medium,morning,weekend,cloudy,auto,no,1,594,multimodal,531.16
SCV20005172,airport,commercial,20.45,66.30,medium,afternoon,weekday,cloudy,ola,no,0,38,direct,694.21
SCV20005173,residential,metro_station,5.80,27.60,medium,morning,weekday,clear,auto,yes,0,166,direct,193.07
SCV20005174,metro_station,office_area,6.55,36.40,low,night,weekday,cloudy,ola,no,1,687,multimodal,271.62
SCV20005175,metro_station,commercial,6.94,33.30,medium,afternoon,weekday,rainy,bus,no,1,347,direct,33.60
SCV20005176,metro_station,residential,4.84,28.50,low,afternoon,weekday,clear,uber,no,0,66,direct,286.49
SCV20005177,residential,office_area,8.13,52.80,medium,evening,weekday,clear,uber,yes,0,48,direct,525.10
SCV20005178,commercial,residential,4.21,46.60,low,afternoon,weekday,clear,metro,no,1,1398,multimodal,10.00
SCV20005179,metro_station,residential,6.77,70.70,high,evening,weekday,rainy,metro,yes,1,201,direct,39.75
SCV20005180,airport,residential,27.69,90.80,low,night,weekday,clear,ola,no,1,641,multimodal,834.44
SCV20005181,metro_station,shopping_area,6.19,31.80,medium,evening,weekday,clear,auto,yes,0,116,direct,171.49
SCV20005182,commercial,metro_station,4.13,21.40,medium,morning,weekday,clear,uber,yes,1,89,direct,272.13
SCV20005183,commercial,office_area,9.65,80.70,medium,evening,weekday,clear,metro,yes,2,1411,multimodal,26.90
SCV20005184,residential,commercial,5.95,41.30,low,afternoon,weekday,clear,rapido,no,1,736,multimodal,105.78
SCV20005185,residential,commercial,7.39,28.40,low,afternoon,weekday,clear,ola,no,1,1021,multimodal,297.73
SCV20005186,metro_station,shopping_area,3.11,23.50,medium,evening,weekend,clear,auto,yes,0,0,direct,141.93
SCV20005187,airport,office_area,15.87,82.60,medium,morning,weekday,rainy,uber,no,1,832,multimodal,984.93
SCV20005188,commercial,office_area,7.62,52.50,medium,evening,weekday,clear,bus,yes,0,221,direct,29.92
SCV20005189,residential,metro_station,8.39,49.80,medium,afternoon,weekday,rainy,auto,yes,1,986,multimodal,291.62
SCV20005190,college_area,office_area,16.69,76.50,low,afternoon,weekday,clear,bus,yes,1,686,multimodal,13.16
SCV20005191,residential,commercial,8.14,73.20,high,evening,weekday,rainy,auto,yes,0,69,direct,378.49
SCV20005192,commercial,residential,11.92,44.90,medium,afternoon,weekday,clear,ola,yes,0,119,direct,452.93
SCV20005193,metro_station,shopping_area,8.63,40.90,medium,morning,weekday,clear,auto,yes,0,64,direct,237.13
SCV20005194,college_area,metro_station,5.49,24.60,medium,morning,weekday,clear,ola,yes,0,109,direct,245.80
SCV20005195,college_area,office_area,8.66,49.20,medium,afternoon,weekday,clear,bus,yes,1,607,multimodal,29.66
SCV20005196,college_area,residential,4.75,29.70,low,night,weekday,clear,ola,no,1,904,multimodal,210.97
SCV20005197,commercial,residential,2.67,22.40,medium,morning,weekday,clear,uber,yes,1,101,direct,256.67
SCV20005198,residential,shopping_area,12.24,70.20,medium,evening,weekend,clear,metro,no,0,187,direct,46.55
SCV20005199,college_area,residential,2.40,40.70,low,afternoon,weekday,cloudy,metro,no,2,1842,multimodal,10.00
SCV20005200,college_area,office_area,10.42,60.00,low,night,weekend,clear,bus,yes,2,887,multimodal,44.93
SCV20005201,metro_station,shopping_area,7.45,71.10,low,morning,weekend,clear,metro,no,3,1417,multimodal,23.95
SCV20005202,college_area,office_area,11.06,29.50,low,night,weekday,clear,uber,no,0,52,direct,427.14
SCV20005203,college_area,residential,4.32,21.10,medium,afternoon,weekday,cloudy,rapido,yes,0,89,direct,62.99
SCV20005204,airport,residential,23.55,79.10,low,morning,weekday,clear,uber,no,1,1087,multimodal,978.13
SCV20005205,metro_station,office_area,4.79,33.80,medium,afternoon,weekday,clear,ola,yes,0,83,direct,267.39
SCV20005206,commercial,residential,12.60,55.10,low,night,weekday,clear,uber,no,1,845,multimodal,545.15
SCV20005207,residential,office_area,7.98,67.40,medium,morning,weekday,clear,rapido,yes,3,1329,multimodal,177.10
SCV20005208,airport,residential,23.77,124.60,medium,evening,weekday,clear,ola,yes,0,34,direct,1256.03
SCV20005209,college_area,metro_station,5.00,34.60,medium,morning,weekday,clear,auto,yes,0,98,direct,182.87
SCV20005210,residential,commercial,3.34,22.00,medium,morning,weekday,cloudy,auto,yes,0,25,direct,118.95
SCV20005211,commercial,residential,5.53,59.10,medium,evening,weekday,clear,metro,yes,1,1388,multimodal,27.82
SCV20005212,residential,office_area,8.30,63.00,medium,morning,weekday,rainy,bus,yes,1,1618,multimodal,24.23
SCV20005213,residential,metro_station,2.76,13.10,low,afternoon,weekday,clear,uber,no,0,52,direct,182.64
SCV20005214,airport,commercial,24.90,150.00,high,evening,weekday,clear,ola,yes,0,105,direct,1472.06
SCV20005215,metro_station,shopping_area,9.13,19.90,low,night,weekend,rainy,uber,no,1,0,direct,395.36
SCV20005216,airport,residential,26.39,111.80,low,morning,weekend,clear,auto,no,2,1998,multimodal,537.71
SCV20005217,airport,metro_station,25.12,142.10,medium,evening,weekend,clear,uber,yes,1,742,multimodal,1500.00
SCV20005218,commercial,metro_station,4.11,31.10,medium,evening,weekday,clear,auto,yes,1,47,direct,144.56
SCV20005219,metro_station,residential,5.09,15.50,low,afternoon,weekday,cloudy,bus,no,0,272,direct,19.85
SCV20005220,metro_station,office_area,5.57,47.10,medium,afternoon,weekday,cloudy,rapido,yes,1,830,multimodal,126.07
SCV20005221,commercial,residential,8.29,30.70,medium,afternoon,weekday,cloudy,uber,no,0,72,direct,398.76
SCV20005222,airport,office_area,24.33,93.50,medium,morning,weekend,clear,rapido,no,1,59,direct,353.39
SCV20005223,residential,shopping_area,5.20,22.20,medium,night,weekday,clear,uber,yes,0,55,direct,324.30
SCV20005224,college_area,metro_station,2.00,18.70,medium,morning,weekday,cloudy,metro,yes,0,229,direct,10.00
SCV20005225,commercial,metro_station,5.42,22.50,low,night,weekend,cloudy,rapido,no,0,73,direct,85.26
SCV20005226,commercial,metro_station,3.36,23.30,medium,morning,weekday,cloudy,ola,yes,0,26,direct,215.45
SCV20005227,residential,metro_station,7.45,40.50,medium,evening,weekend,clear,metro,yes,0,234,direct,10.00
SCV20005228,airport,residential,27.60,80.20,low,night,weekday,clear,auto,no,1,604,multimodal,499.79
SCV20005229,airport,metro_station,16.09,86.90,medium,evening,weekday,clear,ola,no,0,86,direct,679.08
SCV20005230,metro_station,commercial,4.52,23.80,medium,morning,weekday,clear,auto,yes,0,79,direct,143.88
SCV20005231,metro_station,shopping_area,4.31,25.20,medium,afternoon,weekday,cloudy,uber,no,0,22,direct,343.71
SCV20005232,residential,metro_station,5.42,39.60,medium,evening,weekend,cloudy,uber,no,0,108,direct,347.22
SCV20005233,residential,metro_station,4.35,28.10,medium,morning,weekday,clear,uber,yes,0,110,direct,322.36
SCV20005234,commercial,residential,5.29,17.70,low,night,weekday,cloudy,auto,no,0,41,direct,132.92
SCV20005235,commercial,residential,7.96,71.40,high,evening,weekday,rainy,metro,yes,0,189,direct,30.20
SCV20005236,residential,metro_station,6.33,60.30,medium,morning,weekday,rainy,metro,yes,2,1292,multimodal,37.22
SCV20005237,residential,office_area,15.98,44.20,low,night,weekend,clear,uber,no,0,31,direct,631.34
SCV20005238,metro_station,shopping_area,4.86,23.10,medium,afternoon,weekday,clear,rapido,no,0,152,direct,84.99
SCV20005239,airport,residential,14.52,39.00,low,night,weekday,cloudy,auto,no,0,77,direct,262.44
SCV20005240,metro_station,shopping_area,4.81,25.30,medium,afternoon,weekday,clear,rapido,yes,1,44,direct,103.43
SCV20005241,airport,metro_station,12.52,35.90,low,afternoon,weekend,clear,auto,no,0,112,direct,214.47
SCV20005242,commercial,residential,6.46,44.50,medium,evening,weekend,rainy,rapido,no,0,65,direct,154.84
SCV20005243,commercial,residential,10.33,26.60,low,night,weekend,clear,ola,no,0,97,direct,298.65
SCV20005244,residential,metro_station,4.76,42.50,high,evening,weekday,clear,uber,yes,0,17,direct,482.30
SCV20005245,residential,commercial,12.63,131.40,high,evening,weekday,rainy,rapido,yes,3,980,multimodal,376.36
SCV20005246,residential,commercial,7.39,36.00,medium,afternoon,weekday,rainy,metro,yes,0,270,direct,23.36
SCV20005247,metro_station,residential,4.29,28.70,medium,morning,weekday,clear,uber,yes,0,115,direct,381.15
SCV20005248,airport,office_area,26.20,93.10,medium,afternoon,weekday,clear,rapido,yes,0,200,direct,517.00
SCV20005249,residential,office_area,15.41,88.10,medium,morning,weekday,clear,bus,yes,2,1319,multimodal,43.38
SCV20005250,commercial,office_area,4.22,21.60,low,afternoon,weekday,clear,auto,no,0,96,direct,117.28
SCV20005251,residential,commercial,9.36,57.90,medium,evening,weekday,clear,ola,yes,0,150,direct,455.33
SCV20005252,metro_station,office_area,4.32,39.10,low,afternoon,weekend,cloudy,uber,no,1,1149,multimodal,365.47
SCV20005253,airport,commercial,28.03,79.50,low,night,weekend,clear,uber,no,0,86,direct,1087.75
SCV20005254,airport,residential,31.60,101.30,medium,afternoon,weekday,clear,rapido,yes,0,86,direct,487.66
SCV20005255,college_area,residential,3.94,18.10,low,afternoon,weekday,cloudy,auto,no,0,121,direct,116.92
SCV20005256,commercial,metro_station,7.91,35.20,medium,afternoon,weekday,clear,uber,yes,0,35,direct,453.07
SCV20005257,residential,metro_station,9.16,79.30,high,evening,weekday,clear,uber,yes,0,128,direct,926.06
SCV20005258,residential,shopping_area,9.33,35.00,low,night,weekend,clear,auto,no,0,144,direct,165.81
SCV20005259,commercial,metro_station,3.01,23.30,medium,morning,weekday,rainy,ola,yes,0,160,direct,237.90
SCV20005260,residential,office_area,11.32,122.40,high,evening,weekday,cloudy,bus,yes,2,596,multimodal,27.90
SCV20005261,residential,shopping_area,5.24,25.20,medium,afternoon,weekday,clear,ola,yes,0,17,direct,241.88
SCV20005262,college_area,office_area,7.50,69.80,medium,evening,weekday,clear,bus,yes,1,1192,multimodal,17.51
SCV20005263,residential,office_area,10.05,51.40,medium,evening,weekday,clear,uber,no,0,129,direct,531.59
SCV20005264,metro_station,commercial,2.47,22.40,medium,morning,weekday,clear,uber,yes,0,87,direct,268.30
SCV20005265,residential,commercial,6.26,26.10,low,afternoon,weekday,rainy,uber,no,0,91,direct,340.24
SCV20005266,residential,commercial,7.64,30.70,medium,evening,weekday,clear,auto,yes,1,56,direct,189.77
SCV20005267,commercial,office_area,6.78,95.80,high,morning,weekday,rainy,metro,yes,3,2042,multimodal,45.19
SCV20005268,metro_station,residential,3.79,27.50,medium,morning,weekday,clear,uber,yes,0,60,direct,299.68
SCV20005269,commercial,shopping_area,6.77,36.50,medium,evening,weekday,clear,ola,yes,0,27,direct,327.40
SCV20005270,metro_station,residential,5.71,44.20,medium,evening,weekday,clear,ola,yes,0,155,direct,307.30
SCV20005271,residential,commercial,11.20,30.40,low,night,weekday,clear,rapido,no,0,181,direct,130.60
SCV20005272,metro_station,residential,5.45,71.10,low,night,weekday,clear,bus,no,3,2112,multimodal,37.41
SCV20005273,commercial,residential,11.59,40.10,low,morning,weekend,clear,auto,no,0,32,direct,200.77
SCV20005274,residential,commercial,9.57,51.60,medium,afternoon,weekday,rainy,auto,yes,1,908,multimodal,285.49
SCV20005275,metro_station,office_area,5.87,21.50,low,night,weekday,clear,metro,yes,0,169,direct,10.00
SCV20005276,commercial,metro_station,5.80,21.70,medium,morning,weekday,rainy,uber,yes,0,27,direct,390.75
SCV20005277,commercial,shopping_area,6.11,35.20,medium,evening,weekday,clear,auto,yes,0,125,direct,197.88
SCV20005278,commercial,shopping_area,3.67,5.80,low,afternoon,weekday,clear,uber,no,0,106,direct,154.10
SCV20005279,residential,metro_station,3.82,44.90,high,morning,weekday,cloudy,bus,yes,0,192,direct,11.17
SCV20005280,college_area,metro_station,3.47,48.80,medium,morning,weekday,clear,metro,yes,1,513,multimodal,32.47
SCV20005281,residential,office_area,10.56,32.20,low,night,weekday,rainy,uber,no,0,0,direct,487.52
SCV20005282,metro_station,office_area,6.05,66.20,high,evening,weekday,clear,rapido,yes,0,71,direct,171.75
SCV20005283,residential,commercial,12.51,55.00,medium,morning,weekday,clear,uber,yes,0,109,direct,691.64
SCV20005284,commercial,metro_station,6.96,36.90,low,afternoon,weekend,clear,uber,no,1,508,multimodal,364.83
SCV20005285,residential,metro_station,8.76,52.00,medium,morning,weekday,clear,uber,yes,0,82,direct,535.69
SCV20005286,commercial,shopping_area,8.22,34.60,low,afternoon,weekend,clear,ola,no,1,875,multimodal,302.82
SCV20005287,airport,metro_station,32.22,150.00,medium,evening,weekday,clear,bus,yes,1,1519,multimodal,80.69
SCV20005288,residential,metro_station,7.14,54.80,medium,afternoon,weekday,cloudy,metro,no,1,1444,multimodal,17.67
SCV20005289,metro_station,commercial,5.69,31.10,medium,morning,weekday,clear,uber,yes,0,50,direct,465.19
SCV20005290,metro_station,office_area,7.34,32.20,medium,afternoon,weekday,clear,auto,yes,0,8,direct,196.62
SCV20005291,commercial,shopping_area,5.71,30.40,medium,evening,weekday,clear,ola,yes,0,103,direct,261.74
SCV20005292,metro_station,office_area,6.31,46.10,medium,afternoon,weekday,clear,rapido,yes,1,958,multimodal,135.08
SCV20005293,metro_station,commercial,5.77,54.50,high,evening,weekday,rainy,bus,yes,1,269,direct,24.06
SCV20005294,commercial,office_area,8.31,62.30,medium,morning,weekday,cloudy,bus,no,1,1099,multimodal,40.29
SCV20005295,metro_station,office_area,5.31,25.10,low,afternoon,weekday,clear,auto,no,0,115,direct,142.77
SCV20005296,airport,residential,30.16,72.40,low,night,weekday,clear,ola,no,1,141,direct,1020.46
SCV20005297,commercial,metro_station,5.22,32.00,medium,evening,weekday,clear,rapido,yes,1,116,direct,148.82
SCV20005298,metro_station,commercial,7.63,49.10,low,night,weekend,clear,auto,no,2,644,multimodal,211.82
SCV20005299,residential,shopping_area,7.58,41.60,low,afternoon,weekday,clear,metro,no,1,1258,multimodal,10.00
SCV20005300,metro_station,residential,4.88,28.00,medium,morning,weekday,cloudy,auto,yes,0,11,direct,149.03
SCV20005301,residential,office_area,6.94,33.70,medium,morning,weekend,clear,ola,yes,0,90,direct,307.20
SCV20005302,commercial,office_area,3.82,50.70,medium,evening,weekend,clear,ola,yes,1,1056,multimodal,325.37
SCV20005303,commercial,metro_station,6.21,56.70,high,evening,weekday,clear,ola,yes,0,184,direct,491.20
SCV20005304,residential,shopping_area,5.74,29.50,low,night,weekend,clear,ola,no,0,121,direct,271.21
SCV20005305,residential,commercial,4.15,10.60,low,afternoon,weekday,clear,rapido,no,0,34,direct,63.19
SCV20005306,college_area,residential,3.55,16.70,medium,evening,weekday,clear,ola,yes,1,136,direct,213.29
SCV20005307,college_area,commercial,3.11,26.90,medium,morning,weekday,clear,uber,yes,0,122,direct,300.84
SCV20005308,college_area,residential,7.93,67.30,medium,evening,weekday,cloudy,rapido,yes,1,984,multimodal,182.73
SCV20005309,college_area,office_area,8.11,29.30,low,morning,weekday,clear,auto,no,0,55,direct,175.61
SCV20005310,residential,commercial,13.90,49.10,low,night,weekend,clear,ola,no,1,1077,multimodal,450.05
SCV20005311,metro_station,residential,3.29,61.30,medium,morning,weekday,clear,metro,no,2,1650,multimodal,24.28
SCV20005312,commercial,residential,7.39,36.70,medium,morning,weekday,clear,uber,yes,0,30,direct,431.71
SCV20005313,metro_station,office_area,2.12,6.20,low,afternoon,weekend,cloudy,uber,no,0,21,direct,155.72
SCV20005314,residential,office_area,9.94,63.80,high,morning,weekday,clear,uber,yes,0,85,direct,776.08
SCV20005315,commercial,office_area,2.15,36.00,high,evening,weekday,cloudy,auto,yes,0,208,direct,168.31
SCV20005316,metro_station,commercial,6.18,53.10,medium,morning,weekday,cloudy,auto,yes,1,529,multimodal,238.60
SCV20005317,commercial,shopping_area,6.72,33.30,medium,morning,weekday,clear,rapido,yes,0,164,direct,113.75
SCV20005318,college_area,commercial,7.12,32.20,medium,afternoon,weekday,clear,rapido,yes,0,153,direct,133.27
SCV20005319,metro_station,commercial,6.46,32.80,medium,morning,weekday,cloudy,rapido,yes,0,127,direct,122.36
SCV20005320,metro_station,commercial,9.25,52.80,medium,afternoon,weekday,clear,auto,yes,2,1040,multimodal,272.26
SCV20005321,metro_station,commercial,4.37,49.60,high,evening,weekday,cloudy,metro,yes,0,174,direct,30.30
SCV20005322,college_area,residential,6.64,51.90,high,evening,weekday,clear,metro,yes,0,262,direct,29.18
SCV20005323,airport,metro_station,25.68,61.20,low,night,weekday,clear,ola,no,1,59,direct,721.08
SCV20005324,commercial,metro_station,3.35,27.60,medium,evening,weekday,cloudy,uber,yes,0,62,direct,292.12
SCV20005325,residential,office_area,11.37,62.90,medium,morning,weekday,clear,bus,yes,1,1362,multimodal,18.77
SCV20005326,college_area,metro_station,2.89,48.00,low,evening,weekend,clear,rapido,no,2,1613,multimodal,87.95
SCV20005327,airport,office_area,23.53,88.30,medium,morning,weekday,clear,rapido,no,0,17,direct,322.48
SCV20005328,college_area,residential,4.37,14.30,medium,morning,weekday,clear,bus,no,0,305,direct,10.00
SCV20005329,commercial,residential,2.61,25.00,medium,evening,weekday,clear,ola,yes,0,30,direct,206.48
SCV20005330,residential,commercial,10.79,30.60,low,afternoon,weekday,cloudy,ola,no,0,41,direct,347.52
SCV20005331,residential,commercial,11.28,55.10,medium,evening,weekday,rainy,metro,no,0,191,direct,34.69
SCV20005332,residential,commercial,9.64,35.30,low,afternoon,weekday,cloudy,ola,no,0,3,direct,328.98
SCV20005333,airport,residential,29.37,121.10,medium,afternoon,weekday,cloudy,bus,yes,1,1219,multimodal,71.90
SCV20005334,residential,metro_station,4.49,31.90,medium,afternoon,weekday,cloudy,ola,yes,1,0,direct,276.72
SCV20005335,metro_station,shopping_area,5.96,51.00,medium,morning,weekday,clear,bus,yes,2,1148,multimodal,21.39
SCV20005336,airport,commercial,19.67,150.00,high,evening,weekday,rainy,bus,yes,1,155,direct,76.98
SCV20005337,residential,commercial,6.50,22.50,low,morning,weekend,clear,rapido,no,0,47,direct,89.98
SCV20005338,metro_station,commercial,2.27,35.80,medium,afternoon,weekday,clear,metro,yes,1,1041,multimodal,27.97
SCV20005339,college_area,office_area,8.53,54.00,low,afternoon,weekday,clear,metro,no,1,927,multimodal,24.47
SCV20005340,metro_station,office_area,8.58,101.50,high,evening,weekday,clear,auto,yes,1,1403,multimodal,434.34
SCV20005341,airport,residential,30.72,112.30,low,afternoon,weekend,clear,metro,no,1,990,multimodal,48.25
SCV20005342,residential,metro_station,9.69,70.80,medium,afternoon,weekday,clear,bus,yes,3,1658,multimodal,16.05
SCV20005343,commercial,metro_station,6.65,29.20,medium,morning,weekday,cloudy,bus,yes,0,243,direct,13.02
SCV20005344,airport,residential,14.89,72.80,medium,morning,weekday,clear,ola,no,0,85,direct,594.95
SCV20005345,airport,office_area,21.65,48.80,low,night,weekend,clear,metro,no,0,101,direct,23.43
SCV20005346,metro_station,office_area,6.32,23.40,low,afternoon,weekend,clear,ola,no,0,46,direct,241.32
SCV20005347,airport,commercial,27.52,92.20,medium,afternoon,weekday,clear,rapido,yes,0,110,direct,418.82
SCV20005348,college_area,office_area,10.39,110.70,medium,evening,weekday,cloudy,bus,yes,3,2139,multimodal,45.11
SCV20005349,college_area,residential,8.84,30.90,low,afternoon,weekend,rainy,rapido,no,0,158,direct,137.06
SCV20005350,airport,residential,25.70,114.20,medium,morning,weekday,cloudy,metro,yes,1,1221,multimodal,36.72
SCV20005351,airport,commercial,29.91,79.30,low,night,weekend,clear,uber,no,0,147,direct,1136.61
SCV20005352,commercial,shopping_area,1.37,21.00,high,evening,weekday,cloudy,uber,yes,0,50,direct,242.30
SCV20005353,metro_station,commercial,7.52,63.00,medium,evening,weekday,clear,metro,yes,2,1303,multimodal,14.77
SCV20005354,residential,metro_station,4.79,61.20,medium,afternoon,weekend,rainy,bus,yes,3,905,multimodal,33.06
SCV20005355,residential,office_area,17.90,145.10,high,evening,weekday,cloudy,rapido,yes,0,31,direct,456.26
SCV20005356,college_area,residential,6.27,53.20,medium,evening,weekday,cloudy,metro,yes,1,743,multimodal,14.62
SCV20005357,residential,commercial,9.83,30.60,low,night,weekend,clear,uber,yes,0,118,direct,475.05
SCV20005358,commercial,shopping_area,8.30,27.10,medium,afternoon,weekday,clear,uber,yes,0,34,direct,441.62
SCV20005359,commercial,shopping_area,8.22,36.00,medium,morning,weekday,clear,auto,yes,0,10,direct,201.32
SCV20005360,commercial,shopping_area,7.65,25.50,low,night,weekday,rainy,auto,no,0,100,direct,182.43
SCV20005361,commercial,metro_station,6.76,43.00,medium,evening,weekday,clear,auto,yes,0,47,direct,196.05
SCV20005362,commercial,shopping_area,6.99,31.10,medium,morning,weekday,cloudy,uber,yes,0,102,direct,440.65
SCV20005363,commercial,office_area,5.23,22.20,low,night,weekday,clear,uber,no,0,128,direct,258.61
SCV20005364,commercial,shopping_area,6.98,17.40,low,night,weekend,cloudy,ola,no,1,10,direct,222.84
SCV20005365,metro_station,commercial,5.39,66.80,high,evening,weekday,cloudy,rapido,yes,1,833,multimodal,189.97
SCV20005366,metro_station,residential,3.24,27.80,medium,evening,weekday,cloudy,ola,yes,0,36,direct,226.53
SCV20005367,college_area,metro_station,4.76,15.20,low,afternoon,weekday,cloudy,auto,no,0,66,direct,89.13
SCV20005368,metro_station,commercial,7.63,34.90,medium,afternoon,weekday,cloudy,ola,yes,0,156,direct,359.81
SCV20005369,commercial,shopping_area,3.09,26.50,low,evening,weekend,clear,auto,no,1,1145,multimodal,101.79
SCV20005370,commercial,residential,3.31,6.00,low,afternoon,weekday,clear,ola,no,0,122,direct,131.06
SCV20005371,commercial,office_area,6.08,16.70,low,night,weekday,clear,uber,yes,0,76,direct,306.34
SCV20005372,college_area,office_area,8.64,24.90,low,night,weekend,cloudy,rapido,no,0,164,direct,120.02
SCV20005373,college_area,commercial,13.64,78.50,medium,morning,weekday,clear,uber,yes,2,1184,multimodal,831.84
SCV20005374,commercial,office_area,7.36,66.40,low,night,weekday,clear,metro,no,2,1522,multimodal,11.47
SCV20005375,residential,metro_station,8.60,63.60,medium,afternoon,weekday,clear,bus,yes,2,1407,multimodal,36.84
SCV20005376,commercial,office_area,4.38,30.30,medium,afternoon,weekday,rainy,auto,no,0,69,direct,158.83
SCV20005377,airport,metro_station,24.79,67.20,low,night,weekday,clear,uber,no,0,96,direct,919.12
SCV20005378,commercial,metro_station,5.84,40.60,medium,evening,weekend,clear,metro,yes,0,210,direct,15.29
SCV20005379,residential,shopping_area,8.84,38.20,low,afternoon,weekday,clear,uber,yes,0,106,direct,445.12
SCV20005380,residential,office_area,17.19,78.20,medium,evening,weekday,clear,uber,yes,0,89,direct,899.42
SCV20005381,metro_station,shopping_area,8.58,30.50,low,morning,weekend,clear,rapido,no,0,197,direct,121.27
SCV20005382,airport,office_area,25.81,119.90,medium,morning,weekday,cloudy,auto,no,1,1380,multimodal,595.51
SCV20005383,college_area,commercial,12.58,41.00,low,afternoon,weekday,clear,bus,no,0,200,direct,17.03
SCV20005384,residential,office_area,7.28,25.60,medium,afternoon,weekday,cloudy,ola,yes,0,205,direct,303.38
SCV20005385,commercial,office_area,7.98,73.30,high,evening,weekday,rainy,ola,yes,0,12,direct,649.75
SCV20005386,commercial,residential,10.26,29.50,low,night,weekend,clear,rapido,no,0,84,direct,124.78
SCV20005387,college_area,residential,6.39,28.50,medium,morning,weekday,cloudy,auto,yes,0,122,direct,189.50
SCV20005388,metro_station,shopping_area,5.07,25.80,low,morning,weekend,clear,ola,no,1,169,direct,224.29
SCV20005389,commercial,residential,5.09,52.20,high,evening,weekday,rainy,rapido,yes,0,21,direct,178.33
SCV20005390,metro_station,office_area,2.61,20.30,medium,morning,weekday,cloudy,ola,yes,0,15,direct,200.62
SCV20005391,residential,office_area,10.58,59.00,medium,evening,weekday,cloudy,auto,yes,0,148,direct,285.51
SCV20005392,metro_station,office_area,5.18,74.10,medium,morning,weekday,clear,metro,yes,3,2006,multimodal,16.02
SCV20005393,college_area,residential,7.21,31.10,medium,evening,weekend,cloudy,auto,no,0,204,direct,188.26
SCV20005394,metro_station,residential,5.21,26.30,medium,morning,weekday,rainy,ola,yes,0,59,direct,304.01
SCV20005395,airport,commercial,13.42,48.00,medium,afternoon,weekday,cloudy,rapido,no,0,28,direct,207.88
SCV20005396,commercial,residential,7.07,33.70,medium,morning,weekday,clear,auto,yes,0,61,direct,181.94
SCV20005397,residential,office_area,7.59,49.40,medium,morning,weekday,clear,rapido,yes,1,1420,multimodal,136.39
SCV20005398,metro_station,shopping_area,8.26,34.90,low,night,weekday,clear,uber,no,0,75,direct,390.78
SCV20005399,residential,commercial,10.40,46.10,medium,afternoon,weekday,cloudy,auto,yes,0,132,direct,244.07
SCV20005400,commercial,residential,4.53,37.00,medium,afternoon,weekday,clear,rapido,no,1,736,multimodal,93.86
SCV20005401,residential,shopping_area,10.70,34.10,low,night,weekday,clear,ola,no,0,11,direct,330.78
SCV20005402,airport,commercial,11.28,62.30,low,afternoon,weekday,cloudy,bus,no,1,890,multimodal,19.75
SCV20005403,residential,office_area,10.90,57.00,medium,evening,weekday,clear,metro,yes,0,348,direct,14.19
SCV20005404,metro_station,residential,3.46,57.80,high,morning,weekday,cloudy,metro,yes,1,947,multimodal,10.00
SCV20005405,commercial,metro_station,7.83,76.80,medium,morning,weekday,clear,ola,yes,3,1894,multimodal,527.20
SCV20005406,commercial,residential,10.07,46.20,medium,evening,weekday,cloudy,uber,yes,0,109,direct,595.61
SCV20005407,metro_station,shopping_area,6.76,24.40,low,afternoon,weekend,clear,metro,yes,0,189,direct,10.00
SCV20005408,residential,commercial,7.91,32.70,medium,morning,weekday,clear,rapido,yes,0,0,direct,133.02
SCV20005409,commercial,office_area,9.09,48.60,medium,morning,weekday,clear,rapido,yes,0,76,direct,171.18
SCV20005410,residential,office_area,11.96,48.20,medium,morning,weekday,clear,ola,yes,0,48,direct,476.35
SCV20005411,residential,metro_station,6.16,27.00,medium,afternoon,weekday,clear,auto,yes,0,215,direct,195.56
SCV20005412,college_area,metro_station,3.31,6.70,low,night,weekday,cloudy,ola,no,0,139,direct,123.82
SCV20005413,residential,office_area,16.95,79.40,medium,morning,weekday,clear,bus,no,0,64,direct,42.12
SCV20005414,commercial,residential,12.85,61.90,medium,evening,weekday,clear,uber,yes,0,106,direct,710.32
SCV20005415,residential,office_area,14.13,38.30,low,afternoon,weekday,clear,uber,no,0,75,direct,534.37
SCV20005416,airport,metro_station,26.04,133.30,medium,evening,weekend,clear,ola,no,0,101,direct,1017.20
SCV20005417,commercial,metro_station,2.01,16.60,medium,morning,weekday,cloudy,uber,yes,0,15,direct,254.32
SCV20005418,airport,commercial,25.41,67.30,low,afternoon,weekday,cloudy,ola,no,0,36,direct,763.96
SCV20005419,college_area,metro_station,6.14,50.10,medium,evening,weekday,clear,uber,yes,1,771,multimodal,517.66
SCV20005420,residential,office_area,5.15,68.10,high,evening,weekday,cloudy,ola,yes,1,854,multimodal,530.27
SCV20005421,residential,metro_station,6.36,63.60,high,evening,weekday,rainy,auto,yes,0,79,direct,340.15
SCV20005422,college_area,office_area,7.61,50.30,medium,afternoon,weekday,cloudy,metro,yes,1,1256,multimodal,22.02
SCV20005423,commercial,office_area,4.70,57.40,high,evening,weekday,cloudy,ola,yes,0,47,direct,444.42
SCV20005424,college_area,office_area,11.33,65.90,medium,morning,weekday,clear,uber,yes,1,1175,multimodal,691.78
SCV20005425,residential,commercial,9.56,31.80,low,afternoon,weekend,cloudy,auto,no,1,60,direct,178.03
SCV20005426,airport,residential,22.89,139.30,high,morning,weekday,clear,auto,yes,1,504,multimodal,805.59
SCV20005427,metro_station,commercial,2.48,35.80,high,evening,weekday,clear,auto,yes,0,125,direct,157.86
SCV20005428,metro_station,residential,3.54,58.80,medium,morning,weekday,cloudy,metro,yes,2,1332,multimodal,24.48
SCV20005429,airport,metro_station,17.15,59.00,low,afternoon,weekend,rainy,auto,no,0,60,direct,393.72
SCV20005430,commercial,office_area,8.09,76.70,medium,morning,weekday,cloudy,metro,no,1,1079,multimodal,13.82
SCV20005431,residential,office_area,9.99,48.20,medium,morning,weekday,cloudy,rapido,yes,0,22,direct,183.34
SCV20005432,college_area,office_area,11.30,96.70,medium,evening,weekday,rainy,metro,no,2,1823,multimodal,17.21
SCV20005433,commercial,shopping_area,2.43,21.00,low,morning,weekday,cloudy,bus,no,0,197,direct,18.89
SCV20005434,college_area,residential,8.30,72.70,high,evening,weekday,clear,ola,yes,0,145,direct,542.77
SCV20005435,airport,residential,22.55,90.20,medium,morning,weekend,cloudy,uber,yes,0,51,direct,1231.64
SCV20005436,college_area,commercial,7.29,53.80,medium,evening,weekday,clear,rapido,yes,1,610,multimodal,166.91
SCV20005437,commercial,metro_station,7.15,34.50,medium,morning,weekday,cloudy,rapido,yes,0,51,direct,130.03
SCV20005438,commercial,office_area,9.74,36.50,low,afternoon,weekend,clear,ola,no,0,125,direct,336.42
SCV20005439,residential,office_area,14.13,80.10,medium,morning,weekday,clear,uber,yes,1,1022,multimodal,840.09
SCV20005440,college_area,commercial,6.03,31.00,medium,afternoon,weekday,clear,uber,yes,0,97,direct,397.05
SCV20005441,college_area,commercial,6.96,24.40,low,night,weekday,clear,uber,no,0,46,direct,312.51
SCV20005442,residential,shopping_area,5.36,32.60,medium,evening,weekday,clear,bus,yes,0,168,direct,22.00
SCV20005443,residential,metro_station,5.63,55.70,medium,evening,weekend,rainy,bus,no,1,936,multimodal,20.74
SCV20005444,residential,shopping_area,7.82,43.00,medium,evening,weekday,clear,auto,yes,0,28,direct,223.48
SCV20005445,commercial,shopping_area,9.70,28.90,low,afternoon,weekday,cloudy,rapido,no,0,0,direct,119.72
SCV20005446,metro_station,office_area,7.25,21.50,low,afternoon,weekday,rainy,rapido,no,0,62,direct,88.69
SCV20005447,commercial,metro_station,7.75,47.80,medium,evening,weekend,rainy,bus,yes,1,157,direct,16.02
SCV20005448,college_area,residential,4.99,62.10,medium,evening,weekday,clear,ola,yes,3,1283,multimodal,390.83
SCV20005449,residential,commercial,8.09,46.00,medium,evening,weekday,cloudy,ola,yes,1,140,direct,404.52
SCV20005450,residential,office_area,12.42,82.60,medium,evening,weekday,clear,ola,no,3,1429,multimodal,574.31
SCV20005451,metro_station,commercial,1.96,17.00,medium,afternoon,weekday,cloudy,uber,yes,0,100,direct,208.66
SCV20005452,residential,metro_station,6.75,32.30,low,morning,weekday,clear,uber,no,0,64,direct,339.48
SCV20005453,residential,shopping_area,3.62,27.50,medium,evening,weekend,clear,ola,no,0,106,direct,227.21
SCV20005454,airport,metro_station,16.46,115.60,medium,evening,weekday,clear,bus,yes,1,819,multimodal,54.85
SCV20005455,residential,shopping_area,5.17,14.10,low,afternoon,weekday,clear,bus,no,0,246,direct,18.74
SCV20005456,college_area,residential,6.07,33.10,medium,evening,weekday,clear,rapido,yes,0,8,direct,112.26
SCV20005457,commercial,metro_station,2.32,38.20,low,night,weekday,cloudy,rapido,no,2,1433,multimodal,87.01
SCV20005458,metro_station,shopping_area,3.08,22.20,medium,evening,weekend,clear,uber,yes,0,226,direct,283.39
SCV20005459,commercial,residential,8.15,37.30,medium,morning,weekday,clear,uber,yes,0,89,direct,477.52
SCV20005460,metro_station,office_area,7.85,69.70,high,evening,weekday,clear,uber,yes,0,131,direct,703.87
SCV20005461,metro_station,shopping_area,5.18,17.50,low,night,weekday,clear,auto,no,0,98,direct,129.18
SCV20005462,commercial,shopping_area,5.61,57.50,low,afternoon,weekend,rainy,bus,no,2,876,multimodal,35.39
SCV20005463,airport,metro_station,22.11,142.60,medium,evening,weekday,clear,metro,yes,2,1304,multimodal,37.87
SCV20005464,residential,metro_station,8.30,75.80,high,evening,weekday,rainy,bus,yes,0,113,direct,35.52
SCV20005465,airport,residential,30.97,115.50,low,night,weekday,clear,bus,no,3,1270,multimodal,66.40
SCV20005466,residential,office_area,10.29,51.60,medium,evening,weekend,clear,bus,no,0,146,direct,28.51
SCV20005467,commercial,office_area,9.13,36.50,medium,afternoon,weekday,cloudy,rapido,no,0,101,direct,166.94
SCV20005468,commercial,residential,10.14,31.90,low,night,weekday,cloudy,ola,no,0,154,direct,329.04
SCV20005469,commercial,metro_station,3.08,20.20,low,night,weekend,clear,ola,no,0,200,direct,178.51
SCV20005470,residential,office_area,16.00,61.20,medium,morning,weekday,cloudy,bus,yes,0,305,direct,26.78
SCV20005471,residential,shopping_area,8.03,29.50,medium,morning,weekday,rainy,rapido,yes,0,76,direct,178.27
SCV20005472,commercial,shopping_area,5.42,29.20,medium,evening,weekend,clear,bus,no,0,162,direct,10.00
SCV20005473,residential,commercial,6.76,57.10,medium,evening,weekend,clear,rapido,yes,1,983,multimodal,156.67
SCV20005474,metro_station,office_area,11.59,105.00,high,evening,weekday,clear,auto,yes,0,93,direct,478.04
SCV20005475,airport,residential,21.32,79.60,medium,morning,weekday,clear,rapido,yes,0,0,direct,330.41
SCV20005476,college_area,office_area,15.07,53.90,low,afternoon,weekday,rainy,uber,no,1,1107,multimodal,701.48
SCV20005477,commercial,residential,5.79,55.00,high,evening,weekday,clear,uber,yes,0,148,direct,601.89
SCV20005478,airport,metro_station,30.23,75.70,low,night,weekday,clear,metro,no,0,268,direct,33.14
SCV20005479,commercial,office_area,2.45,46.40,medium,evening,weekday,cloudy,metro,yes,1,1111,multimodal,10.00
SCV20005480,college_area,metro_station,4.38,32.10,medium,morning,weekday,clear,metro,yes,0,288,direct,13.89
SCV20005481,residential,shopping_area,6.49,31.80,low,morning,weekend,rainy,rapido,no,0,60,direct,106.96
SCV20005482,commercial,residential,8.19,47.00,low,morning,weekday,clear,ola,no,1,1052,multimodal,346.76
SCV20005483,metro_station,residential,5.97,36.40,medium,evening,weekday,cloudy,uber,no,0,10,direct,362.90
SCV20005484,metro_station,shopping_area,6.48,23.80,low,morning,weekend,cloudy,rapido,no,1,127,direct,114.02
SCV20005485,metro_station,commercial,4.88,54.20,medium,morning,weekday,cloudy,bus,yes,1,1246,multimodal,21.38
SCV20005486,college_area,commercial,6.02,32.20,medium,morning,weekday,clear,rapido,yes,0,161,direct,128.01
SCV20005487,metro_station,commercial,2.87,17.60,medium,evening,weekday,cloudy,auto,yes,0,0,direct,121.94
SCV20005488,college_area,office_area,6.25,45.00,medium,evening,weekday,clear,bus,yes,0,247,direct,31.41
SCV20005489,metro_station,office_area,5.78,33.60,medium,evening,weekend,clear,auto,yes,0,104,direct,187.01
SCV20005490,commercial,office_area,1.79,34.30,low,afternoon,weekday,clear,ola,no,1,848,multimodal,206.29
SCV20005491,college_area,commercial,5.98,68.00,medium,morning,weekday,rainy,uber,yes,2,2086,multimodal,576.74
SCV20005492,college_area,office_area,9.36,36.50,medium,morning,weekday,clear,metro,yes,0,196,direct,26.31
SCV20005493,airport,office_area,29.39,109.70,medium,morning,weekday,clear,ola,no,1,87,direct,999.71
SCV20005494,metro_station,commercial,3.74,25.80,medium,morning,weekday,clear,ola,yes,0,223,direct,216.02
SCV20005495,residential,office_area,10.72,43.70,medium,morning,weekday,cloudy,uber,yes,0,0,direct,579.59
SCV20005496,commercial,office_area,3.67,21.20,medium,afternoon,weekday,cloudy,metro,yes,0,241,direct,22.59
SCV20005497,metro_station,office_area,2.49,11.50,low,night,weekday,rainy,rapido,no,0,23,direct,65.59
SCV20005498,commercial,metro_station,7.88,21.60,low,night,weekend,cloudy,auto,no,0,156,direct,148.46
SCV20005499,commercial,office_area,7.09,18.00,low,night,weekday,cloudy,rapido,no,0,1,direct,101.47
SCV20005500,commercial,shopping_area,6.14,18.90,low,night,weekend,rainy,ola,no,0,0,direct,247.14
SCV20005501,college_area,commercial,6.76,28.00,medium,evening,weekday,rainy,auto,no,0,158,direct,184.63
SCV20005502,residential,shopping_area,9.59,87.10,high,evening,weekday,rainy,ola,yes,0,42,direct,790.15
SCV20005503,residential,office_area,10.90,65.60,high,morning,weekday,clear,uber,yes,0,149,direct,811.67
SCV20005504,residential,shopping_area,8.33,24.10,low,afternoon,weekend,clear,ola,no,0,0,direct,295.46
SCV20005505,commercial,office_area,2.73,24.80,medium,morning,weekday,clear,rapido,yes,0,232,direct,84.02
SCV20005506,airport,office_area,27.01,66.20,low,night,weekend,clear,ola,no,0,72,direct,820.08
SCV20005507,commercial,shopping_area,5.65,28.50,medium,morning,weekday,clear,auto,yes,0,80,direct,165.72
SCV20005508,college_area,commercial,11.41,59.50,medium,afternoon,weekday,rainy,ola,no,1,871,multimodal,508.16
SCV20005509,residential,shopping_area,9.39,23.30,low,night,weekday,clear,uber,no,0,15,direct,373.28
SCV20005510,college_area,commercial,5.05,33.10,medium,evening,weekday,clear,auto,yes,1,126,direct,151.07
SCV20005511,commercial,shopping_area,7.85,63.50,medium,evening,weekday,clear,auto,yes,1,1525,multimodal,272.00
SCV20005512,metro_station,office_area,7.20,71.00,high,morning,weekday,rainy,uber,yes,2,1234,multimodal,822.71
SCV20005513,commercial,shopping_area,5.11,56.60,medium,afternoon,weekday,clear,bus,yes,2,1307,multimodal,47.19
SCV20005514,metro_station,office_area,8.15,46.30,medium,morning,weekday,clear,uber,yes,0,0,direct,502.43
SCV20005515,metro_station,residential,4.10,29.30,medium,evening,weekday,clear,ola,yes,0,0,direct,223.51
SCV20005516,college_area,commercial,6.19,48.20,medium,afternoon,weekday,rainy,metro,yes,1,962,multimodal,25.96
SCV20005517,commercial,metro_station,4.59,43.70,high,evening,weekday,clear,uber,yes,0,175,direct,508.10
SCV20005518,residential,office_area,5.42,24.80,low,morning,weekend,cloudy,uber,no,0,194,direct,298.27
SCV20005519,residential,office_area,11.00,39.90,low,afternoon,weekday,rainy,ola,no,0,100,direct,383.71
SCV20005520,commercial,metro_station,3.10,65.00,high,morning,weekday,clear,bus,yes,2,1249,multimodal,39.07
SCV20005521,metro_station,office_area,10.21,66.00,low,afternoon,weekend,cloudy,metro,no,2,1425,multimodal,13.67
SCV20005522,college_area,residential,8.93,37.40,low,afternoon,weekend,clear,rapido,no,0,99,direct,135.11
SCV20005523,metro_station,commercial,5.22,38.80,medium,morning,weekday,clear,uber,yes,0,123,direct,373.06
SCV20005524,commercial,metro_station,5.86,50.40,medium,morning,weekday,clear,uber,yes,2,1805,multimodal,427.38
SCV20005525,residential,metro_station,4.56,25.80,medium,morning,weekday,clear,ola,yes,0,78,direct,242.95
SCV20005526,commercial,shopping_area,7.56,69.40,high,evening,weekday,rainy,auto,yes,0,57,direct,366.72
SCV20005527,airport,office_area,24.63,127.30,medium,evening,weekday,clear,ola,no,1,150,direct,947.08
SCV20005528,commercial,shopping_area,9.87,27.00,low,night,weekday,cloudy,bus,no,0,205,direct,29.24
SCV20005529,residential,metro_station,2.23,29.60,medium,morning,weekday,clear,auto,yes,0,90,direct,118.75
SCV20005530,residential,office_area,7.35,63.90,high,evening,weekday,cloudy,auto,yes,0,23,direct,336.45
SCV20005531,commercial,office_area,8.89,31.20,low,night,weekend,rainy,rapido,no,0,156,direct,134.14
SCV20005532,college_area,commercial,6.86,71.10,medium,evening,weekday,clear,bus,yes,2,1027,multimodal,38.42
SCV20005533,residential,office_area,8.46,37.60,medium,morning,weekday,clear,ola,yes,1,182,direct,357.07
SCV20005534,commercial,shopping_area,5.29,21.60,low,night,weekday,clear,rapido,no,0,58,direct,86.66
SCV20005535,airport,residential,22.54,112.40,medium,morning,weekend,clear,bus,yes,1,1411,multimodal,61.51
SCV20005536,commercial,metro_station,5.43,20.90,low,afternoon,weekend,clear,uber,no,0,70,direct,256.69
SCV20005537,college_area,metro_station,4.86,28.50,medium,afternoon,weekday,clear,ola,yes,0,65,direct,257.39
SCV20005538,college_area,office_area,7.08,73.10,medium,evening,weekday,clear,metro,yes,2,1321,multimodal,34.07
SCV20005539,metro_station,residential,7.60,55.70,high,morning,weekday,clear,metro,yes,0,176,direct,15.93
SCV20005540,commercial,residential,6.64,57.90,medium,afternoon,weekday,cloudy,metro,yes,1,897,multimodal,32.44
SCV20005541,residential,metro_station,5.91,15.30,low,afternoon,weekday,clear,metro,no,0,222,direct,10.00
SCV20005542,college_area,metro_station,4.21,21.20,low,morning,weekend,clear,uber,no,1,41,direct,258.89
SCV20005543,commercial,office_area,4.15,19.80,medium,afternoon,weekday,clear,ola,yes,0,120,direct,232.86
SCV20005544,metro_station,commercial,6.59,85.40,high,evening,weekday,clear,bus,yes,1,696,multimodal,21.31
SCV20005545,commercial,shopping_area,3.71,25.40,medium,evening,weekday,clear,bus,yes,0,321,direct,10.00
SCV20005546,college_area,residential,11.64,71.10,medium,afternoon,weekday,clear,bus,no,1,1355,multimodal,43.41
SCV20005547,airport,residential,22.54,113.60,medium,evening,weekday,clear,rapido,yes,0,36,direct,400.00
SCV20005548,commercial,office_area,10.98,50.40,medium,morning,weekday,clear,rapido,yes,0,128,direct,180.92
SCV20005549,commercial,metro_station,3.83,16.80,medium,afternoon,weekday,rainy,metro,yes,0,200,direct,11.39
SCV20005550,commercial,residential,6.96,59.50,medium,evening,weekday,clear,uber,yes,1,1162,multimodal,631.27
SCV20005551,metro_station,commercial,8.23,50.10,low,night,weekday,clear,auto,no,2,873,multimodal,194.07
SCV20005552,commercial,shopping_area,7.38,65.40,medium,morning,weekday,clear,metro,yes,1,1094,multimodal,15.23
SCV20005553,residential,shopping_area,2.86,17.90,low,night,weekday,cloudy,bus,no,1,150,direct,10.00
SCV20005554,college_area,metro_station,7.56,26.30,low,afternoon,weekday,clear,auto,no,0,102,direct,146.45
SCV20005555,metro_station,office_area,5.79,38.00,medium,afternoon,weekday,clear,auto,yes,0,46,direct,165.71
SCV20005556,residential,metro_station,3.97,21.90,low,evening,weekend,cloudy,rapido,no,0,156,direct,83.39
SCV20005557,airport,residential,39.05,134.20,medium,afternoon,weekday,clear,uber,yes,0,98,direct,1500.00
SCV20005558,airport,commercial,15.72,76.40,low,evening,weekend,clear,metro,no,1,985,multimodal,15.25
SCV20005559,commercial,residential,4.66,48.30,high,evening,weekday,rainy,uber,yes,0,84,direct,588.90
SCV20005560,residential,metro_station,4.45,24.60,medium,afternoon,weekday,rainy,ola,no,0,89,direct,240.23
SCV20005561,residential,shopping_area,6.60,81.50,high,evening,weekday,rainy,bus,yes,1,1220,multimodal,32.00
SCV20005562,metro_station,residential,5.31,64.70,medium,evening,weekday,clear,bus,no,1,1055,multimodal,16.40
SCV20005563,residential,metro_station,5.98,40.80,medium,evening,weekday,clear,bus,no,1,161,direct,31.76
SCV20005564,metro_station,residential,3.85,51.60,medium,evening,weekend,clear,rapido,no,2,1561,multimodal,121.07
SCV20005565,airport,residential,19.52,48.00,low,night,weekday,clear,uber,no,0,30,direct,752.03
SCV20005566,metro_station,commercial,3.70,29.30,medium,evening,weekend,cloudy,rapido,no,0,118,direct,97.45
SCV20005567,metro_station,residential,4.38,35.40,medium,morning,weekday,clear,uber,yes,0,83,direct,375.55
SCV20005568,commercial,metro_station,4.53,27.60,medium,morning,weekday,clear,ola,yes,0,22,direct,232.95
SCV20005569,college_area,residential,4.41,47.90,medium,morning,weekday,clear,metro,yes,2,1050,multimodal,16.39
SCV20005570,airport,residential,26.95,100.60,medium,morning,weekday,clear,uber,yes,0,78,direct,1371.91
SCV20005571,commercial,shopping_area,8.70,74.10,high,evening,weekday,clear,auto,yes,0,145,direct,329.13
SCV20005572,residential,shopping_area,13.61,65.30,low,afternoon,weekday,cloudy,uber,no,2,1564,multimodal,596.80
SCV20005573,commercial,shopping_area,7.91,25.50,low,afternoon,weekend,rainy,bus,no,1,303,direct,31.20
SCV20005574,college_area,office_area,5.25,31.50,medium,morning,weekday,clear,ola,yes,0,49,direct,297.52
SCV20005575,college_area,metro_station,8.17,63.90,medium,evening,weekday,cloudy,bus,yes,1,196,multimodal,23.72
SCV20005576,commercial,metro_station,7.81,36.30,low,evening,weekend,clear,metro,no,1,77,direct,26.10
SCV20005577,airport,metro_station,31.44,124.20,low,night,weekday,clear,bus,no,3,2500,multimodal,65.78
SCV20005578,college_area,residential,9.07,43.30,medium,evening,weekday,clear,metro,yes,0,96,direct,24.25
SCV20005579,residential,commercial,11.40,34.80,medium,morning,weekday,clear,uber,yes,0,5,direct,572.22
SCV20005580,residential,office_area,10.12,72.90,medium,afternoon,weekday,cloudy,bus,yes,1,1176,multimodal,27.39
SCV20005581,commercial,shopping_area,5.80,35.60,medium,afternoon,weekend,clear,uber,yes,0,98,direct,399.73
SCV20005582,college_area,residential,7.02,62.90,medium,morning,weekday,clear,ola,yes,2,426,multimodal,447.51
SCV20005583,commercial,office_area,8.99,42.30,medium,evening,weekday,cloudy,uber,yes,0,99,direct,518.64
SCV20005584,metro_station,commercial,4.78,23.70,low,evening,weekend,clear,rapido,no,0,56,direct,82.10
SCV20005585,residential,metro_station,5.46,26.70,medium,evening,weekday,clear,auto,no,0,127,direct,128.29
SCV20005586,metro_station,residential,3.19,61.90,high,evening,weekday,cloudy,metro,yes,1,1406,multimodal,12.77
SCV20005587,college_area,residential,3.98,17.80,low,afternoon,weekend,clear,rapido,no,0,127,direct,70.24
SCV20005588,commercial,residential,5.83,35.20,medium,evening,weekday,clear,bus,yes,0,139,direct,24.05
SCV20005589,metro_station,residential,4.74,28.30,medium,afternoon,weekday,rainy,rapido,no,1,125,direct,127.78
SCV20005590,residential,metro_station,6.30,29.70,medium,morning,weekend,cloudy,metro,yes,0,27,direct,29.89
SCV20005591,metro_station,office_area,8.76,34.40,medium,afternoon,weekday,clear,ola,yes,0,56,direct,381.15
SCV20005592,commercial,metro_station,4.53,37.40,medium,evening,weekday,cloudy,auto,yes,0,73,direct,162.82
SCV20005593,commercial,metro_station,6.13,23.20,low,afternoon,weekday,cloudy,uber,no,1,51,direct,285.08
SCV20005594,commercial,residential,5.50,34.10,medium,evening,weekday,clear,rapido,yes,1,77,direct,149.52
SCV20005595,metro_station,commercial,4.62,36.30,medium,morning,weekday,clear,bus,yes,1,1179,multimodal,10.00
SCV20005596,commercial,office_area,2.91,16.70,medium,morning,weekday,rainy,uber,no,0,87,direct,256.85
SCV20005597,metro_station,shopping_area,4.47,29.60,medium,morning,weekday,clear,uber,yes,0,71,direct,367.02
SCV20005598,metro_station,shopping_area,1.64,21.20,medium,morning,weekday,clear,uber,yes,0,99,direct,226.58
SCV20005599,commercial,metro_station,6.32,29.80,medium,morning,weekday,clear,auto,yes,0,109,direct,183.82
SCV20005600,college_area,metro_station,3.43,44.00,medium,afternoon,weekday,rainy,bus,no,1,1089,multimodal,10.00
SCV20005601,commercial,office_area,9.58,55.40,medium,afternoon,weekday,cloudy,bus,yes,1,1028,multimodal,14.95
SCV20005602,commercial,office_area,8.11,37.80,medium,morning,weekday,clear,uber,no,0,22,direct,424.32
SCV20005603,residential,metro_station,4.97,18.00,low,night,weekend,clear,ola,no,0,69,direct,159.89
SCV20005604,commercial,office_area,10.13,89.40,high,evening,weekday,cloudy,rapido,yes,0,122,direct,271.05
SCV20005605,commercial,residential,11.86,50.40,low,night,weekend,rainy,uber,no,1,1101,multimodal,606.99
SCV20005606,commercial,office_area,11.48,40.30,low,afternoon,weekday,clear,ola,no,0,122,direct,387.90
SCV20005607,airport,residential,24.70,150.00,high,evening,weekday,rainy,bus,yes,1,803,multimodal,76.02
SCV20005608,residential,office_area,6.54,42.70,high,morning,weekday,rainy,ola,yes,0,126,direct,476.80
SCV20005609,residential,commercial,4.03,11.20,low,night,weekday,clear,uber,no,0,3,direct,241.17
SCV20005610,college_area,residential,8.82,40.20,low,morning,weekend,clear,rapido,yes,0,57,direct,130.69
SCV20005611,residential,metro_station,3.24,49.40,medium,morning,weekday,clear,bus,yes,2,1331,multimodal,25.37
SCV20005612,commercial,residential,14.58,87.60,medium,evening,weekday,clear,auto,yes,1,1078,multimodal,464.90
SCV20005613,airport,commercial,17.30,59.10,low,night,weekday,clear,ola,no,0,187,direct,521.32
SCV20005614,commercial,residential,14.08,41.30,low,afternoon,weekday,clear,metro,no,0,65,direct,45.82
SCV20005615,college_area,metro_station,3.50,20.50,low,night,weekday,clear,auto,no,0,93,direct,94.98
SCV20005616,college_area,residential,8.70,45.70,medium,evening,weekday,rainy,rapido,yes,0,0,direct,175.17
SCV20005617,airport,commercial,18.60,98.30,medium,afternoon,weekday,clear,bus,no,1,735,multimodal,54.00
SCV20005618,commercial,shopping_area,9.59,60.30,medium,morning,weekday,cloudy,auto,yes,1,1218,multimodal,304.69
SCV20005619,airport,residential,32.54,116.80,medium,afternoon,weekday,clear,bus,no,0,227,direct,55.93
SCV20005620,metro_station,shopping_area,6.18,77.20,medium,morning,weekday,clear,bus,yes,2,1687,multimodal,31.65
SCV20005621,commercial,shopping_area,4.40,29.90,medium,evening,weekday,clear,ola,yes,0,89,direct,246.49
SCV20005622,residential,shopping_area,9.64,52.30,low,night,weekday,clear,ola,no,2,1154,multimodal,396.89
SCV20005623,college_area,metro_station,3.38,19.00,medium,afternoon,weekday,clear,uber,yes,0,17,direct,266.08
SCV20005624,commercial,shopping_area,6.30,33.10,medium,evening,weekday,clear,auto,yes,0,0,direct,185.07
SCV20005625,commercial,residential,5.13,31.90,medium,evening,weekday,clear,auto,yes,0,206,direct,175.49
SCV20005626,metro_station,shopping_area,7.17,54.30,medium,morning,weekday,clear,metro,yes,1,1275,multimodal,28.45
SCV20005627,commercial,shopping_area,3.81,44.00,medium,afternoon,weekday,rainy,metro,no,1,992,multimodal,10.00
SCV20005628,metro_station,shopping_area,4.10,20.30,medium,morning,weekday,cloudy,rapido,yes,0,135,direct,87.92
SCV20005629,college_area,metro_station,3.99,19.10,medium,morning,weekday,clear,ola,yes,0,36,direct,197.81
SCV20005630,commercial,shopping_area,9.08,85.40,medium,morning,weekday,clear,auto,yes,3,1052,multimodal,329.90
SCV20005631,metro_station,shopping_area,2.46,28.60,low,afternoon,weekday,clear,auto,no,1,777,multimodal,130.46
SCV20005632,metro_station,residential,4.49,34.50,medium,afternoon,weekday,rainy,metro,no,0,132,direct,14.80
SCV20005633,college_area,commercial,5.98,58.80,low,night,weekday,clear,metro,no,2,800,multimodal,21.06
SCV20005634,commercial,residential,7.72,38.20,medium,morning,weekend,rainy,uber,no,0,125,direct,481.39
SCV20005635,airport,office_area,31.76,150.00,high,evening,weekday,rainy,auto,yes,1,738,multimodal,1114.09
SCV20005636,residential,commercial,2.61,9.90,low,night,weekend,clear,bus,yes,0,164,direct,10.00
SCV20005637,college_area,commercial,5.02,23.50,medium,afternoon,weekday,rainy,rapido,yes,0,255,direct,83.04
SCV20005638,commercial,office_area,2.03,15.90,medium,morning,weekday,clear,auto,yes,0,28,direct,96.30
SCV20005639,airport,office_area,16.23,101.10,medium,evening,weekday,cloudy,bus,no,1,1131,multimodal,26.57
SCV20005640,metro_station,shopping_area,4.39,23.40,low,night,weekday,cloudy,uber,no,0,47,direct,254.75
SCV20005641,metro_station,shopping_area,4.95,21.00,medium,morning,weekday,cloudy,uber,yes,0,109,direct,328.72
SCV20005642,residential,shopping_area,12.99,91.10,high,evening,weekday,clear,ola,yes,0,148,direct,752.74
SCV20005643,airport,residential,35.20,148.10,medium,afternoon,weekday,clear,rapido,no,2,1260,multimodal,539.04
SCV20005644,metro_station,shopping_area,8.01,24.10,low,afternoon,weekend,clear,bus,no,0,351,direct,10.00
SCV20005645,metro_station,commercial,5.04,38.50,medium,evening,weekend,clear,uber,yes,0,235,direct,393.58
SCV20005646,residential,metro_station,7.25,53.20,medium,afternoon,weekend,clear,uber,yes,1,1229,multimodal,539.35
SCV20005647,commercial,office_area,7.25,35.10,medium,morning,weekday,rainy,bus,yes,0,91,direct,19.24
SCV20005648,metro_station,commercial,2.50,32.60,medium,afternoon,weekday,rainy,ola,yes,0,109,direct,238.10
SCV20005649,metro_station,shopping_area,7.18,39.00,medium,evening,weekend,clear,uber,yes,0,114,direct,451.81
SCV20005650,residential,commercial,12.07,38.60,low,night,weekend,clear,ola,no,0,13,direct,370.97
SCV20005651,metro_station,residential,8.26,34.90,medium,afternoon,weekend,rainy,uber,no,0,86,direct,481.76
SCV20005652,residential,metro_station,6.08,42.30,medium,afternoon,weekday,clear,bus,yes,1,1176,multimodal,31.23
SCV20005653,residential,metro_station,4.47,45.30,medium,evening,weekday,clear,rapido,yes,1,887,multimodal,134.87
SCV20005654,airport,residential,29.29,83.40,low,afternoon,weekday,clear,bus,no,0,64,direct,38.86
SCV20005655,residential,commercial,7.05,18.90,low,afternoon,weekday,clear,uber,no,0,7,direct,342.24
SCV20005656,metro_station,residential,4.39,21.00,low,night,weekday,cloudy,metro,no,0,265,direct,13.98
SCV20005657,residential,commercial,5.34,40.90,low,evening,weekend,clear,bus,no,1,934,multimodal,21.04
SCV20005658,commercial,office_area,6.18,13.60,low,night,weekday,rainy,uber,no,0,0,direct,298.48
SCV20005659,commercial,office_area,10.57,70.40,medium,morning,weekday,clear,bus,yes,2,1306,multimodal,30.87
SCV20005660,commercial,office_area,8.99,70.90,medium,morning,weekday,clear,metro,yes,2,1390,multimodal,24.35
SCV20005661,commercial,residential,11.90,92.90,high,morning,weekday,rainy,rapido,yes,1,1392,multimodal,317.19
SCV20005662,residential,metro_station,5.63,17.60,low,afternoon,weekday,clear,ola,no,0,96,direct,195.20
SCV20005663,metro_station,residential,2.87,22.30,medium,morning,weekday,clear,rapido,yes,0,104,direct,74.13
SCV20005664,commercial,residential,8.35,21.60,low,afternoon,weekday,rainy,auto,no,0,148,direct,155.43
SCV20005665,metro_station,shopping_area,7.58,74.50,high,evening,weekday,rainy,bus,yes,0,160,direct,42.95
SCV20005666,airport,office_area,26.90,72.20,low,afternoon,weekday,clear,bus,no,0,130,direct,52.02
SCV20005667,residential,commercial,11.69,45.60,medium,morning,weekday,cloudy,uber,yes,0,55,direct,621.58
SCV20005668,college_area,metro_station,4.16,27.20,medium,evening,weekday,cloudy,uber,yes,0,116,direct,318.98
SCV20005669,airport,metro_station,25.40,56.20,low,night,weekend,cloudy,rapido,no,0,0,direct,290.19
SCV20005670,metro_station,commercial,6.55,64.80,high,evening,weekday,clear,ola,yes,0,52,direct,521.86
SCV20005671,commercial,office_area,6.70,42.20,medium,evening,weekday,clear,bus,yes,0,224,direct,35.54
SCV20005672,commercial,residential,11.03,37.70,low,afternoon,weekday,clear,uber,no,0,162,direct,444.84
SCV20005673,residential,office_area,8.84,32.50,low,afternoon,weekend,clear,auto,no,0,65,direct,167.38
SCV20005674,residential,commercial,5.69,46.60,medium,evening,weekend,clear,auto,no,0,144,direct,189.24
SCV20005675,residential,metro_station,8.73,47.50,medium,evening,weekday,cloudy,uber,yes,0,57,direct,531.61
SCV20005676,commercial,office_area,6.95,18.90,low,night,weekend,clear,ola,no,0,0,direct,263.64
SCV20005677,college_area,metro_station,6.69,33.70,medium,afternoon,weekday,clear,ola,yes,0,65,direct,320.17
SCV20005678,airport,office_area,33.48,150.00,high,evening,weekday,clear,uber,yes,0,16,direct,1500.00
SCV20005679,metro_station,commercial,7.66,74.30,medium,evening,weekday,cloudy,metro,no,1,928,multimodal,25.13
SCV20005680,residential,metro_station,5.86,33.10,medium,afternoon,weekday,clear,ola,yes,0,0,direct,285.82
SCV20005681,college_area,office_area,6.90,33.40,low,morning,weekday,clear,uber,yes,0,110,direct,378.84
SCV20005682,residential,metro_station,4.34,48.30,high,evening,weekday,cloudy,uber,yes,1,106,direct,547.05
SCV20005683,residential,shopping_area,11.74,45.40,medium,afternoon,weekday,cloudy,metro,no,0,213,direct,26.77
SCV20005684,metro_station,commercial,7.08,34.20,medium,morning,weekday,cloudy,ola,no,0,113,direct,296.61
SCV20005685,commercial,shopping_area,4.40,13.30,low,afternoon,weekday,clear,ola,no,0,29,direct,163.72
SCV20005686,airport,office_area,21.98,61.90,low,night,weekend,clear,auto,no,0,156,direct,402.44
SCV20005687,residential,commercial,6.59,42.70,medium,evening,weekend,cloudy,bus,no,0,248,direct,17.43
SCV20005688,metro_station,commercial,7.24,35.10,medium,morning,weekday,cloudy,auto,yes,0,129,direct,234.05
SCV20005689,metro_station,office_area,5.83,32.80,medium,evening,weekday,clear,auto,yes,0,109,direct,154.56
SCV20005690,residential,commercial,4.33,11.60,low,night,weekday,cloudy,rapido,no,0,110,direct,55.23
SCV20005691,residential,office_area,9.24,39.20,medium,morning,weekday,clear,rapido,yes,0,137,direct,171.47
SCV20005692,metro_station,commercial,7.13,21.70,low,night,weekday,cloudy,auto,no,0,235,direct,127.14
SCV20005693,commercial,office_area,6.54,57.30,medium,evening,weekday,cloudy,auto,yes,1,1286,multimodal,218.96
SCV20005694,metro_station,office_area,6.03,56.60,high,evening,weekday,clear,uber,yes,0,67,direct,625.61
SCV20005695,metro_station,office_area,7.84,50.70,medium,evening,weekday,clear,uber,yes,0,132,direct,543.56
SCV20005696,metro_station,residential,1.62,27.20,medium,evening,weekday,clear,uber,yes,0,22,direct,246.55
SCV20005697,commercial,office_area,10.17,44.20,medium,morning,weekday,clear,uber,yes,0,146,direct,583.88
SCV20005698,college_area,metro_station,3.89,50.80,low,afternoon,weekend,clear,metro,no,1,1335,multimodal,10.31
SCV20005699,college_area,commercial,8.69,24.10,low,afternoon,weekend,clear,ola,no,0,9,direct,273.85
SCV20005700,airport,office_area,20.38,82.70,low,night,weekend,cloudy,metro,no,3,1543,multimodal,27.12
SCV20005701,commercial,metro_station,2.93,39.70,high,evening,weekday,rainy,uber,yes,0,102,direct,447.47
SCV20005702,commercial,office_area,5.09,27.80,medium,morning,weekday,clear,metro,yes,0,0,direct,11.38
SCV20005703,commercial,metro_station,4.85,16.70,low,morning,weekend,clear,uber,no,0,111,direct,265.24
SCV20005704,metro_station,commercial,6.16,33.60,medium,morning,weekday,clear,ola,yes,0,84,direct,300.31
SCV20005705,airport,residential,24.75,150.00,high,evening,weekday,cloudy,ola,yes,0,159,direct,1500.00
SCV20005706,residential,shopping_area,5.69,60.90,medium,morning,weekday,clear,rapido,yes,3,1640,multimodal,158.00
SCV20005707,commercial,office_area,6.06,60.50,medium,morning,weekday,cloudy,bus,yes,1,1133,multimodal,26.94
SCV20005708,residential,metro_station,6.00,23.80,low,afternoon,weekday,clear,uber,no,0,188,direct,277.22
SCV20005709,residential,office_area,10.38,83.80,high,evening,weekday,rainy,metro,yes,1,162,direct,42.93
SCV20005710,airport,commercial,24.21,76.20,low,afternoon,weekday,clear,metro,no,0,13,direct,32.39
SCV20005711,residential,shopping_area,6.62,34.00,medium,afternoon,weekday,clear,bus,no,0,189,direct,25.13
SCV20005712,residential,commercial,8.29,54.80,low,night,weekday,cloudy,metro,no,3,1546,multimodal,14.95
SCV20005713,airport,residential,25.79,119.80,medium,evening,weekday,clear,ola,no,1,46,direct,995.38
SCV20005714,residential,shopping_area,8.00,23.80,low,night,weekday,rainy,rapido,no,0,43,direct,110.79
SCV20005715,airport,office_area,21.25,119.20,medium,evening,weekday,cloudy,ola,no,1,830,multimodal,914.93
SCV20005716,metro_station,shopping_area,4.13,13.80,low,night,weekend,clear,ola,no,0,99,direct,187.35
SCV20005717,residential,metro_station,2.00,16.00,medium,morning,weekday,clear,ola,no,0,110,direct,139.69
SCV20005718,college_area,commercial,5.55,66.90,medium,evening,weekday,cloudy,metro,yes,2,1745,multimodal,20.14
SCV20005719,college_area,commercial,3.45,76.00,medium,evening,weekday,rainy,bus,yes,3,2024,multimodal,42.56
SCV20005720,residential,office_area,6.30,24.90,low,afternoon,weekday,clear,uber,no,0,0,direct,300.80
SCV20005721,college_area,office_area,11.22,46.30,low,night,weekend,rainy,ola,no,1,677,multimodal,511.68
SCV20005722,airport,commercial,27.78,113.40,low,afternoon,weekend,rainy,bus,no,2,1250,multimodal,67.89
SCV20005723,commercial,residential,9.23,33.60,low,night,weekday,clear,ola,no,1,53,direct,288.63
SCV20005724,airport,commercial,15.76,122.60,medium,evening,weekday,rainy,metro,no,2,1530,multimodal,23.34
SCV20005725,residential,office_area,11.46,63.60,medium,evening,weekday,clear,uber,yes,1,61,direct,651.19
SCV20005726,metro_station,residential,5.81,59.20,medium,morning,weekday,clear,uber,yes,2,1845,multimodal,492.57
SCV20005727,commercial,residential,8.53,88.50,high,evening,weekday,cloudy,metro,yes,1,739,multimodal,30.05
SCV20005728,metro_station,office_area,8.25,36.70,medium,afternoon,weekday,cloudy,bus,yes,0,172,direct,24.54
SCV20005729,residential,commercial,11.79,66.30,low,morning,weekday,clear,bus,no,2,1170,multimodal,23.91
SCV20005730,commercial,metro_station,3.19,60.00,medium,evening,weekend,clear,bus,no,1,1258,multimodal,27.28
SCV20005731,residential,office_area,9.21,41.00,medium,afternoon,weekday,cloudy,ola,no,0,61,direct,373.46
SCV20005732,metro_station,residential,6.81,104.90,high,evening,weekday,clear,metro,yes,2,1620,multimodal,34.98
SCV20005733,college_area,office_area,8.05,59.80,medium,morning,weekday,clear,auto,yes,1,1035,multimodal,242.36
SCV20005734,commercial,residential,13.48,41.40,low,afternoon,weekend,clear,rapido,no,0,21,direct,167.85
SCV20005735,commercial,shopping_area,5.39,24.70,medium,afternoon,weekday,cloudy,uber,no,1,112,direct,307.07
SCV20005736,metro_station,office_area,4.38,23.30,medium,night,weekday,rainy,rapido,yes,0,0,direct,97.91
SCV20005737,metro_station,residential,7.48,42.20,medium,evening,weekday,clear,metro,yes,0,142,direct,35.93
SCV20005738,commercial,shopping_area,6.51,42.10,medium,afternoon,weekday,clear,uber,yes,1,800,multimodal,465.22
SCV20005739,metro_station,residential,3.83,21.70,low,afternoon,weekend,clear,ola,yes,0,20,direct,227.73
SCV20005740,residential,metro_station,3.63,15.80,low,night,weekday,clear,uber,no,0,29,direct,194.50
SCV20005741,residential,shopping_area,3.15,16.90,medium,afternoon,weekday,clear,rapido,yes,0,93,direct,82.82
SCV20005742,airport,residential,27.77,88.90,medium,morning,weekday,clear,ola,yes,0,107,direct,1041.25
SCV20005743,residential,metro_station,4.06,27.90,medium,morning,weekday,clear,ola,yes,0,31,direct,233.99
SCV20005744,metro_station,commercial,3.08,28.00,medium,evening,weekend,clear,uber,yes,0,67,direct,284.06
SCV20005745,metro_station,office_area,8.55,31.50,low,afternoon,weekend,cloudy,metro,no,0,105,direct,36.40
SCV20005746,airport,commercial,21.68,124.00,medium,evening,weekday,cloudy,bus,no,1,964,multimodal,34.69
SCV20005747,commercial,residential,13.17,63.50,medium,morning,weekday,clear,auto,yes,0,76,direct,331.46
SCV20005748,residential,commercial,5.55,13.10,low,afternoon,weekend,clear,metro,yes,0,137,direct,18.44
SCV20005749,airport,commercial,33.13,150.00,medium,evening,weekend,clear,bus,yes,2,1558,multimodal,74.20
SCV20005750,airport,metro_station,23.27,150.00,medium,evening,weekend,clear,bus,no,2,1214,multimodal,52.79
SCV20005751,metro_station,shopping_area,9.31,35.70,low,night,weekend,cloudy,metro,no,0,209,direct,18.96
SCV20005752,residential,metro_station,4.98,31.60,medium,afternoon,weekday,rainy,uber,no,0,62,direct,367.01
SCV20005753,college_area,metro_station,4.64,21.20,medium,morning,weekday,cloudy,ola,yes,0,0,direct,250.92
SCV20005754,residential,metro_station,7.35,75.30,high,evening,weekday,rainy,rapido,yes,0,0,direct,260.52
SCV20005755,commercial,shopping_area,5.05,56.50,medium,morning,weekday,clear,bus,yes,1,1666,multimodal,24.17
SCV20005756,college_area,metro_station,5.22,31.60,medium,evening,weekday,clear,auto,yes,0,102,direct,186.23
SCV20005757,residential,shopping_area,5.50,25.10,medium,evening,weekday,clear,ola,no,0,89,direct,229.98
SCV20005758,college_area,office_area,8.02,52.90,low,afternoon,weekday,clear,metro,no,1,1037,multimodal,22.67
SCV20005759,metro_station,shopping_area,8.33,26.70,low,night,weekday,clear,rapido,no,0,155,direct,92.77
SCV20005760,metro_station,commercial,8.10,29.80,low,night,weekday,clear,rapido,no,0,96,direct,94.20
SCV20005761,commercial,shopping_area,3.12,13.20,low,night,weekend,clear,uber,no,1,128,direct,205.42
SCV20005762,airport,office_area,13.91,107.20,medium,evening,weekday,clear,metro,yes,1,1463,multimodal,33.85
SCV20005763,commercial,office_area,11.17,67.90,medium,evening,weekend,rainy,uber,no,0,3,direct,666.21
SCV20005764,college_area,residential,7.39,63.50,high,evening,weekday,clear,bus,yes,1,252,direct,29.52
SCV20005765,metro_station,residential,5.27,43.10,medium,morning,weekday,cloudy,auto,no,1,671,multimodal,169.41
SCV20005766,metro_station,residential,4.83,17.70,low,afternoon,weekday,clear,metro,no,0,189,direct,13.14
SCV20005767,metro_station,office_area,7.97,46.80,low,morning,weekend,clear,uber,no,1,692,multimodal,445.27
SCV20005768,college_area,office_area,15.92,85.70,medium,evening,weekday,cloudy,ola,no,0,110,direct,598.20
SCV20005769,metro_station,shopping_area,9.22,28.40,low,night,weekend,clear,metro,no,0,262,direct,10.00
SCV20005770,college_area,office_area,7.68,55.50,medium,morning,weekday,clear,bus,yes,1,683,multimodal,28.08
SCV20005771,metro_station,residential,8.75,37.70,low,night,weekend,rainy,ola,no,1,764,multimodal,328.30
SCV20005772,college_area,metro_station,6.10,41.00,medium,morning,weekday,clear,ola,yes,0,124,direct,354.93
SCV20005773,metro_station,residential,4.19,50.90,medium,morning,weekday,rainy,bus,yes,1,649,multimodal,19.71
SCV20005774,college_area,metro_station,3.74,15.70,low,afternoon,weekday,clear,rapido,no,1,0,direct,70.72
SCV20005775,metro_station,residential,1.40,25.00,medium,evening,weekend,cloudy,auto,no,0,17,direct,68.84
SCV20005776,metro_station,office_area,7.31,31.40,medium,morning,weekend,clear,metro,yes,0,184,direct,50.17
SCV20005777,metro_station,shopping_area,10.14,29.60,low,afternoon,weekend,clear,ola,no,0,104,direct,317.58
SCV20005778,commercial,residential,10.70,83.50,medium,evening,weekday,cloudy,bus,yes,1,935,multimodal,29.77
SCV20005779,airport,residential,30.44,150.00,medium,evening,weekday,clear,metro,no,2,1259,multimodal,60.61
SCV20005780,metro_station,commercial,2.44,16.70,medium,evening,weekday,cloudy,rapido,no,0,118,direct,60.09
SCV20005781,metro_station,residential,4.80,46.80,high,morning,weekday,rainy,uber,yes,0,148,direct,534.50
SCV20005782,college_area,commercial,12.28,70.60,low,evening,weekend,clear,uber,no,1,750,multimodal,612.72
SCV20005783,airport,metro_station,15.60,66.80,medium,morning,weekday,clear,auto,yes,0,94,direct,404.83
SCV20005784,commercial,shopping_area,7.52,30.20,medium,afternoon,weekday,cloudy,bus,yes,0,75,direct,20.73
SCV20005785,commercial,residential,8.32,31.90,low,morning,weekend,clear,ola,no,1,30,direct,259.60
SCV20005786,residential,office_area,7.00,57.90,high,morning,weekday,rainy,auto,yes,0,0,direct,311.05
SCV20005787,airport,metro_station,29.89,74.60,low,night,weekend,clear,uber,no,0,74,direct,1142.02
SCV20005788,college_area,residential,10.39,53.70,low,afternoon,weekday,clear,bus,no,1,921,multimodal,25.02
SCV20005789,college_area,residential,6.83,27.10,low,afternoon,weekday,cloudy,ola,no,0,132,direct,242.59
SCV20005790,residential,commercial,13.63,51.90,medium,morning,weekday,clear,uber,yes,0,69,direct,678.31
SCV20005791,residential,office_area,12.49,49.20,medium,morning,weekday,clear,rapido,yes,0,171,direct,197.62
SCV20005792,college_area,residential,6.06,28.40,medium,evening,weekday,clear,metro,yes,0,179,direct,16.36
SCV20005793,airport,residential,26.39,66.80,low,night,weekend,cloudy,metro,yes,0,342,direct,41.71
SCV20005794,metro_station,office_area,7.15,83.20,high,morning,weekday,rainy,metro,yes,1,1781,multimodal,28.89
SCV20005795,residential,shopping_area,9.07,55.80,medium,evening,weekend,clear,rapido,no,1,111,direct,160.54
SCV20005796,residential,office_area,11.43,72.30,medium,morning,weekday,clear,metro,yes,1,1050,multimodal,36.96
SCV20005797,college_area,commercial,9.45,81.20,medium,evening,weekday,cloudy,ola,yes,2,1284,multimodal,537.58
SCV20005798,commercial,residential,4.51,23.30,medium,evening,weekday,clear,uber,no,0,80,direct,280.32
SCV20005799,commercial,residential,7.73,25.90,medium,morning,weekday,clear,metro,yes,0,265,direct,19.10
SCV20005800,metro_station,shopping_area,1.37,40.20,medium,evening,weekend,clear,auto,no,2,1038,multimodal,98.84
SCV20005801,airport,commercial,28.95,101.40,low,night,weekend,clear,metro,no,1,1172,multimodal,50.60
SCV20005802,college_area,residential,5.92,37.50,medium,afternoon,weekday,rainy,auto,no,0,162,direct,158.01
SCV20005803,commercial,office_area,10.17,48.30,medium,morning,weekday,cloudy,auto,yes,0,49,direct,270.68
SCV20005804,residential,shopping_area,11.30,41.20,medium,morning,weekday,cloudy,rapido,yes,0,114,direct,166.13
SCV20005805,college_area,residential,7.37,32.50,low,afternoon,weekday,clear,auto,yes,0,71,direct,174.60
SCV20005806,metro_station,commercial,4.36,29.60,medium,morning,weekday,clear,auto,yes,0,104,direct,154.61
SCV20005807,metro_station,commercial,6.85,50.90,medium,evening,weekday,clear,uber,yes,0,134,direct,479.95
SCV20005808,residential,office_area,12.30,98.30,high,evening,weekday,rainy,bus,yes,1,93,direct,62.59
SCV20005809,college_area,metro_station,7.82,72.30,medium,evening,weekday,clear,uber,yes,2,1441,multimodal,599.55
SCV20005810,commercial,shopping_area,6.85,41.80,low,afternoon,weekday,clear,rapido,no,1,333,multimodal,112.91
SCV20005811,airport,metro_station,29.16,142.30,medium,evening,weekend,clear,metro,no,0,77,direct,60.00
SCV20005812,residential,metro_station,7.92,66.10,medium,evening,weekday,clear,uber,yes,1,918,multimodal,556.32
SCV20005813,residential,office_area,10.49,69.20,low,night,weekend,rainy,metro,no,2,1769,multimodal,24.69
SCV20005814,college_area,commercial,8.19,56.10,low,afternoon,weekday,cloudy,metro,no,2,1178,multimodal,38.04
SCV20005815,residential,metro_station,5.02,28.60,medium,morning,weekday,clear,ola,yes,0,91,direct,252.28
SCV20005816,residential,office_area,12.01,53.10,medium,morning,weekday,clear,ola,yes,0,0,direct,518.46
SCV20005817,airport,residential,31.19,126.60,low,afternoon,weekend,clear,metro,no,3,2087,multimodal,51.68
SCV20005818,commercial,residential,11.76,43.60,medium,afternoon,weekday,rainy,auto,no,0,3,direct,287.88
SCV20005819,commercial,shopping_area,5.78,14.50,low,night,weekday,cloudy,uber,no,0,0,direct,280.59
SCV20005820,residential,shopping_area,3.78,45.70,high,evening,weekday,rainy,ola,yes,0,31,direct,383.26
SCV20005821,college_area,metro_station,6.60,58.30,medium,morning,weekday,clear,ola,yes,2,1767,multimodal,412.24
SCV20005822,metro_station,residential,3.86,16.00,low,night,weekend,clear,uber,yes,0,64,direct,229.84
SCV20005823,airport,office_area,25.58,131.00,medium,evening,weekday,clear,uber,yes,0,13,direct,1473.42
SCV20005824,metro_station,shopping_area,3.04,17.80,low,evening,weekend,clear,uber,no,0,152,direct,202.81
SCV20005825,commercial,shopping_area,5.84,26.90,medium,morning,weekday,clear,auto,yes,0,6,direct,164.53
SCV20005826,metro_station,residential,3.81,48.40,medium,morning,weekday,clear,bus,yes,1,1018,multimodal,10.00
SCV20005827,metro_station,shopping_area,4.22,48.20,high,evening,weekday,rainy,rapido,yes,0,52,direct,153.93
SCV20005828,residential,commercial,11.57,44.50,low,afternoon,weekend,cloudy,rapido,no,0,27,direct,166.97
SCV20005829,residential,shopping_area,10.96,53.40,low,night,weekday,rainy,bus,no,1,1320,multimodal,43.35
SCV20005830,residential,office_area,11.04,41.20,medium,morning,weekday,clear,ola,no,0,0,direct,392.82
SCV20005831,residential,office_area,18.18,133.20,high,evening,weekday,cloudy,uber,yes,1,110,direct,1500.00
SCV20005832,residential,shopping_area,13.21,105.30,high,morning,weekday,clear,bus,yes,2,2022,multimodal,34.98
SCV20005833,airport,metro_station,22.92,94.90,low,afternoon,weekend,clear,metro,no,1,1279,multimodal,43.60
SCV20005834,airport,residential,34.08,114.30,low,afternoon,weekday,clear,uber,no,1,841,multimodal,1412.66
SCV20005835,commercial,office_area,4.96,26.50,medium,morning,weekday,clear,bus,yes,0,182,direct,11.36
SCV20005836,commercial,shopping_area,5.17,60.40,high,evening,weekday,rainy,ola,yes,0,186,direct,528.23
SCV20005837,metro_station,office_area,4.87,36.20,medium,evening,weekday,clear,ola,yes,0,35,direct,275.21
SCV20005838,college_area,metro_station,5.99,43.40,medium,morning,weekday,cloudy,bus,yes,1,955,multimodal,10.66
SCV20005839,metro_station,commercial,2.81,17.70,medium,morning,weekday,clear,metro,yes,0,193,direct,10.00
SCV20005840,residential,metro_station,3.01,19.80,medium,morning,weekday,clear,rapido,yes,0,182,direct,67.53
SCV20005841,college_area,residential,3.37,36.50,medium,morning,weekday,clear,rapido,yes,0,79,direct,103.99
SCV20005842,residential,commercial,8.80,48.90,medium,evening,weekday,clear,ola,yes,0,6,direct,419.28
SCV20005843,commercial,metro_station,5.42,21.60,low,morning,weekend,clear,bus,no,0,52,direct,18.26
SCV20005844,college_area,residential,9.65,60.80,low,afternoon,weekday,clear,metro,no,2,955,multimodal,35.30
SCV20005845,metro_station,commercial,7.97,42.30,low,night,weekend,clear,metro,no,2,1399,multimodal,22.06
SCV20005846,airport,commercial,23.49,121.40,medium,evening,weekday,clear,bus,yes,0,155,direct,70.61
SCV20005847,college_area,metro_station,7.05,38.30,medium,morning,weekday,clear,metro,yes,0,64,direct,19.64
SCV20005848,commercial,shopping_area,11.38,62.60,low,morning,weekend,clear,ola,no,2,1338,multimodal,450.08
SCV20005849,college_area,metro_station,1.79,12.50,low,night,weekday,clear,uber,no,0,120,direct,175.15
SCV20005850,metro_station,shopping_area,4.44,18.50,low,afternoon,weekday,clear,auto,no,0,48,direct,97.46
SCV20005851,residential,metro_station,7.62,37.20,medium,morning,weekday,clear,auto,yes,0,168,direct,220.89
SCV20005852,metro_station,office_area,4.07,44.00,high,evening,weekday,clear,uber,yes,0,45,direct,469.74
SCV20005853,residential,commercial,8.36,58.80,low,morning,weekend,clear,metro,no,1,1227,multimodal,24.93
SCV20005854,metro_station,commercial,5.83,28.30,medium,afternoon,weekday,clear,ola,yes,0,78,direct,270.15
SCV20005855,metro_station,office_area,5.03,48.30,high,morning,weekday,rainy,rapido,yes,0,27,direct,179.49
SCV20005856,metro_station,shopping_area,5.32,45.20,low,night,weekend,clear,metro,no,1,1501,multimodal,19.60
SCV20005857,residential,metro_station,8.33,33.90,medium,morning,weekday,clear,rapido,yes,0,129,direct,124.66
SCV20005858,residential,office_area,14.61,54.10,medium,afternoon,weekday,clear,auto,yes,0,161,direct,324.75
SCV20005859,airport,metro_station,30.95,100.10,low,afternoon,weekday,cloudy,bus,no,1,664,multimodal,54.45
SCV20005860,metro_station,commercial,5.35,57.20,medium,evening,weekday,clear,bus,yes,1,683,multimodal,26.67
SCV20005861,college_area,residential,9.24,64.00,medium,morning,weekday,cloudy,metro,yes,1,1417,multimodal,12.74
SCV20005862,residential,commercial,9.43,33.30,low,afternoon,weekend,clear,bus,no,0,154,direct,16.14
SCV20005863,commercial,shopping_area,6.94,18.50,low,night,weekend,cloudy,metro,no,0,290,direct,12.56
SCV20005864,residential,office_area,14.40,117.90,high,morning,weekday,rainy,ola,yes,3,1092,multimodal,1053.66
SCV20005865,commercial,residential,11.30,79.10,medium,evening,weekday,cloudy,metro,yes,1,1210,multimodal,18.17
SCV20005866,metro_station,commercial,3.69,24.40,medium,afternoon,weekday,rainy,rapido,yes,0,115,direct,87.67
SCV20005867,metro_station,commercial,7.55,39.50,medium,morning,weekday,cloudy,rapido,yes,0,106,direct,123.16
SCV20005868,commercial,metro_station,7.66,78.50,high,morning,weekday,rainy,metro,yes,1,1274,multimodal,10.00
SCV20005869,residential,metro_station,6.39,89.30,high,evening,weekday,rainy,bus,yes,1,1178,multimodal,42.12
SCV20005870,commercial,shopping_area,8.22,50.70,low,afternoon,weekend,cloudy,bus,no,1,989,multimodal,22.92
SCV20005871,commercial,office_area,6.96,57.80,medium,evening,weekday,cloudy,uber,yes,1,534,multimodal,533.99
SCV20005872,residential,shopping_area,8.55,40.20,medium,morning,weekday,clear,ola,yes,0,75,direct,408.28
SCV20005873,metro_station,residential,3.54,22.60,medium,evening,weekday,clear,rapido,no,0,57,direct,76.02
SCV20005874,metro_station,residential,5.01,18.80,medium,afternoon,weekday,cloudy,uber,yes,0,111,direct,305.29
SCV20005875,commercial,shopping_area,4.61,31.50,medium,afternoon,weekday,rainy,rapido,no,0,48,direct,102.48
SCV20005876,metro_station,office_area,5.63,51.30,medium,morning,weekday,rainy,auto,yes,1,1048,multimodal,228.86
SCV20005877,residential,commercial,9.22,26.80,low,afternoon,weekday,clear,auto,no,0,24,direct,170.16
SCV20005878,college_area,residential,9.45,43.50,medium,evening,weekday,clear,ola,yes,0,302,direct,447.95
SCV20005879,college_area,residential,9.91,73.00,high,evening,weekday,cloudy,uber,yes,0,44,direct,856.43
SCV20005880,college_area,office_area,7.02,29.60,medium,morning,weekday,clear,rapido,yes,0,134,direct,144.46
SCV20005881,residential,commercial,10.40,35.20,low,morning,weekend,clear,auto,no,0,83,direct,215.60
SCV20005882,commercial,residential,6.98,25.30,low,night,weekday,cloudy,uber,no,0,134,direct,313.89
SCV20005883,airport,metro_station,26.41,103.40,low,afternoon,weekday,cloudy,metro,no,1,813,multimodal,43.79
SCV20005884,residential,metro_station,6.95,30.70,medium,afternoon,weekday,clear,uber,yes,0,119,direct,418.18
SCV20005885,residential,shopping_area,5.73,16.40,low,afternoon,weekend,clear,ola,no,0,64,direct,220.20
SCV20005886,commercial,residential,5.53,19.50,low,night,weekday,clear,rapido,no,0,0,direct,71.68
SCV20005887,residential,commercial,4.64,57.90,low,evening,weekend,clear,bus,no,2,1816,multimodal,16.10
SCV20005888,airport,commercial,20.43,130.60,medium,evening,weekday,cloudy,auto,no,2,1170,multimodal,579.66
SCV20005889,commercial,shopping_area,9.90,38.90,low,night,weekend,cloudy,metro,no,1,986,multimodal,15.08
SCV20005890,commercial,office_area,10.94,123.10,high,evening,weekday,clear,metro,yes,2,1354,multimodal,34.13
SCV20005891,airport,metro_station,25.02,62.10,low,night,weekday,cloudy,ola,no,0,0,direct,678.54
SCV20005892,residential,metro_station,5.73,37.60,medium,morning,weekday,clear,uber,yes,0,114,direct,383.11
SCV20005893,residential,shopping_area,11.18,24.00,low,night,weekend,clear,rapido,no,0,0,direct,155.94
SCV20005894,airport,office_area,30.11,74.00,low,night,weekday,cloudy,auto,no,0,118,direct,519.00
SCV20005895,commercial,metro_station,5.40,57.40,medium,afternoon,weekday,clear,bus,yes,1,1337,multimodal,51.22
SCV20005896,residential,shopping_area,6.78,24.80,medium,morning,weekday,clear,ola,yes,0,143,direct,294.19
SCV20005897,commercial,office_area,9.33,39.60,medium,morning,weekday,clear,uber,yes,0,13,direct,517.32
SCV20005898,metro_station,office_area,8.38,79.30,medium,morning,weekday,clear,bus,yes,2,1686,multimodal,28.46
SCV20005899,residential,metro_station,5.86,42.70,medium,morning,weekend,cloudy,ola,yes,0,117,direct,355.15
SCV20005900,residential,metro_station,2.80,28.30,high,morning,weekday,rainy,auto,yes,0,59,direct,180.47
SCV20005901,residential,metro_station,7.66,60.00,medium,morning,weekday,cloudy,metro,yes,1,1282,multimodal,23.17
SCV20005902,airport,commercial,15.05,104.20,medium,evening,weekday,clear,bus,no,1,1256,multimodal,29.27
SCV20005903,metro_station,residential,4.71,41.40,medium,evening,weekday,clear,uber,yes,0,132,direct,387.28
SCV20005904,airport,office_area,27.67,108.20,medium,afternoon,weekday,cloudy,rapido,no,1,959,multimodal,403.15
SCV20005905,metro_station,residential,7.39,29.40,low,night,weekday,cloudy,rapido,no,0,168,direct,96.21
SCV20005906,residential,shopping_area,12.29,25.10,low,afternoon,weekday,clear,ola,yes,0,84,direct,396.82
SCV20005907,metro_station,office_area,4.54,29.00,medium,morning,weekday,rainy,bus,yes,0,45,direct,10.00
SCV20005908,residential,metro_station,5.44,28.00,medium,morning,weekday,clear,ola,yes,0,0,direct,284.85
SCV20005909,commercial,residential,11.84,36.30,low,night,weekday,clear,auto,no,1,71,direct,200.56
SCV20005910,residential,metro_station,6.65,47.70,low,afternoon,weekend,clear,metro,no,1,1319,multimodal,19.02
SCV20005911,airport,commercial,20.31,110.90,medium,evening,weekday,rainy,rapido,no,0,22,direct,340.47
SCV20005912,commercial,residential,4.72,46.20,medium,morning,weekday,rainy,bus,yes,1,1059,multimodal,27.89
SCV20005913,airport,commercial,24.16,150.00,high,evening,weekday,clear,auto,yes,1,1018,multimodal,881.02
SCV20005914,commercial,office_area,8.28,39.60,medium,afternoon,weekday,clear,rapido,yes,0,103,direct,132.52
SCV20005915,metro_station,commercial,5.26,30.60,medium,evening,weekday,clear,ola,yes,0,0,direct,288.35
SCV20005916,airport,metro_station,24.23,89.10,low,night,weekday,clear,bus,no,1,1114,multimodal,20.45
SCV20005917,college_area,office_area,8.74,69.50,low,afternoon,weekday,clear,ola,no,3,2500,multimodal,416.31
SCV20005918,metro_station,office_area,9.03,69.90,medium,afternoon,weekday,rainy,uber,no,2,1286,multimodal,598.39
SCV20005919,metro_station,residential,4.04,30.60,medium,morning,weekday,clear,ola,yes,0,0,direct,245.42
SCV20005920,metro_station,residential,2.17,11.30,low,night,weekday,clear,ola,no,0,100,direct,120.98
SCV20005921,college_area,residential,7.55,21.90,low,morning,weekday,clear,uber,no,0,73,direct,335.90
SCV20005922,commercial,shopping_area,9.14,53.50,medium,evening,weekday,rainy,metro,yes,0,32,direct,41.07
SCV20005923,airport,office_area,22.63,72.00,low,morning,weekend,clear,auto,no,0,61,direct,451.35
SCV20005924,residential,commercial,5.29,42.90,medium,evening,weekday,clear,ola,yes,0,139,direct,308.40
SCV20005925,airport,office_area,19.59,90.40,low,afternoon,weekday,clear,metro,no,2,1517,multimodal,37.25
SCV20005926,airport,residential,37.90,150.00,high,evening,weekday,clear,auto,yes,0,63,direct,1170.86
SCV20005927,residential,office_area,10.13,54.80,medium,evening,weekday,clear,bus,yes,1,117,direct,35.38
SCV20005928,college_area,commercial,5.37,68.80,low,evening,weekend,clear,metro,no,2,1786,multimodal,32.28
SCV20005929,residential,shopping_area,11.00,35.70,medium,morning,weekday,cloudy,uber,yes,0,65,direct,560.38
SCV20005930,residential,office_area,11.16,84.40,high,evening,weekday,clear,ola,yes,0,111,direct,679.70
SCV20005931,airport,office_area,22.73,131.00,high,morning,weekday,rainy,bus,yes,0,169,direct,84.85
SCV20005932,metro_station,office_area,6.53,63.30,medium,evening,weekend,clear,rapido,no,1,902,multimodal,152.56
SCV20005933,metro_station,shopping_area,2.11,32.40,medium,evening,weekday,clear,uber,no,0,56,direct,243.60
SCV20005934,college_area,office_area,4.87,31.30,medium,morning,weekday,clear,auto,yes,0,167,direct,183.98
SCV20005935,residential,metro_station,5.58,26.50,medium,morning,weekday,clear,ola,yes,0,51,direct,277.77
SCV20005936,commercial,residential,6.62,50.50,medium,evening,weekday,clear,ola,yes,0,164,direct,354.09
SCV20005937,commercial,metro_station,2.62,15.00,medium,morning,weekday,clear,ola,yes,0,134,direct,181.48
SCV20005938,residential,shopping_area,14.62,39.80,low,night,weekday,cloudy,rapido,yes,0,159,direct,211.12
SCV20005939,airport,residential,29.57,98.60,low,afternoon,weekday,clear,uber,no,1,917,multimodal,1203.03
SCV20005940,college_area,commercial,7.50,24.00,low,night,weekday,clear,uber,no,0,79,direct,318.55
SCV20005941,airport,office_area,28.22,106.20,medium,morning,weekday,cloudy,uber,yes,0,92,direct,1437.68
SCV20005942,college_area,commercial,8.61,32.10,low,afternoon,weekday,clear,uber,no,0,65,direct,384.42
SCV20005943,commercial,shopping_area,6.48,60.60,medium,evening,weekday,cloudy,bus,no,1,562,multimodal,15.70
SCV20005944,residential,metro_station,4.64,28.50,medium,morning,weekday,clear,uber,yes,0,95,direct,326.11
SCV20005945,commercial,residential,3.28,35.10,high,evening,weekday,clear,ola,yes,0,207,direct,318.70
SCV20005946,residential,metro_station,4.79,40.20,high,morning,weekday,rainy,rapido,yes,0,130,direct,175.50
SCV20005947,metro_station,shopping_area,2.65,14.10,low,night,weekend,clear,rapido,no,0,74,direct,49.13
SCV20005948,residential,shopping_area,9.38,39.20,low,morning,weekday,clear,ola,no,0,122,direct,302.88
SCV20005949,residential,shopping_area,10.55,35.40,low,afternoon,weekend,clear,rapido,no,0,34,direct,140.42
SCV20005950,residential,shopping_area,6.06,36.10,medium,evening,weekday,cloudy,uber,yes,0,103,direct,410.53
SCV20005951,metro_station,commercial,7.53,53.80,medium,morning,weekday,cloudy,rapido,yes,1,842,multimodal,153.52
SCV20005952,airport,commercial,24.83,70.80,low,night,weekend,cloudy,auto,no,0,117,direct,477.12
SCV20005953,college_area,residential,6.64,22.10,low,afternoon,weekday,clear,uber,no,0,241,direct,311.14
SCV20005954,college_area,office_area,14.31,82.00,medium,afternoon,weekday,clear,metro,yes,2,1846,multimodal,40.63
SCV20005955,commercial,residential,12.03,47.80,low,night,weekday,clear,bus,no,1,1156,multimodal,25.93
SCV20005956,residential,office_area,16.45,43.50,low,night,weekday,cloudy,uber,yes,0,108,direct,686.43
SCV20005957,residential,shopping_area,14.33,44.60,low,afternoon,weekday,cloudy,bus,no,0,151,direct,25.40
SCV20005958,commercial,shopping_area,4.99,19.40,low,afternoon,weekend,clear,uber,no,0,20,direct,237.85
SCV20005959,residential,office_area,18.11,125.50,medium,evening,weekday,cloudy,metro,yes,2,1318,multimodal,36.11
SCV20005960,commercial,shopping_area,9.34,32.70,low,night,weekend,cloudy,bus,no,0,188,direct,35.42
SCV20005961,college_area,office_area,6.24,52.00,medium,morning,weekday,clear,metro,yes,1,1143,multimodal,28.85
SCV20005962,residential,shopping_area,5.13,17.40,low,night,weekday,rainy,uber,no,0,21,direct,292.44
SCV20005963,residential,office_area,4.07,24.50,medium,morning,weekday,clear,uber,yes,0,0,direct,305.27
SCV20005964,metro_station,shopping_area,9.06,71.80,low,afternoon,weekday,clear,bus,no,3,1253,multimodal,31.26
SCV20005965,commercial,office_area,3.10,21.50,medium,evening,weekday,clear,uber,yes,0,54,direct,274.31
SCV20005966,residential,metro_station,4.90,56.70,high,evening,weekday,clear,rapido,yes,0,108,direct,181.32
SCV20005967,commercial,residential,10.61,54.00,medium,evening,weekday,clear,uber,no,0,173,direct,500.78
SCV20005968,college_area,residential,6.31,32.30,medium,morning,weekday,clear,ola,yes,0,47,direct,294.62
SCV20005969,commercial,metro_station,2.66,39.10,high,evening,weekday,clear,uber,yes,0,30,direct,398.69
SCV20005970,airport,metro_station,19.43,49.60,low,night,weekday,clear,ola,no,0,93,direct,564.02
SCV20005971,commercial,office_area,6.77,24.00,low,night,weekday,clear,bus,no,0,187,direct,17.07
SCV20005972,commercial,residential,8.18,23.90,low,afternoon,weekend,clear,ola,no,0,47,direct,282.32
SCV20005973,metro_station,residential,5.90,20.30,low,night,weekend,rainy,rapido,no,0,22,direct,96.09
SCV20005974,metro_station,residential,2.10,51.10,high,evening,weekday,rainy,metro,yes,1,1302,multimodal,22.89
SCV20005975,residential,metro_station,4.09,14.40,low,night,weekday,clear,ola,no,0,138,direct,169.40
SCV20005976,metro_station,residential,6.31,56.30,medium,morning,weekday,clear,auto,yes,2,1337,multimodal,246.82
SCV20005977,airport,commercial,24.96,97.20,medium,morning,weekday,cloudy,uber,no,0,89,direct,1178.98
SCV20005978,commercial,shopping_area,4.73,26.00,medium,afternoon,weekday,rainy,auto,yes,1,95,direct,144.89
SCV20005979,commercial,metro_station,3.92,31.00,medium,afternoon,weekday,clear,rapido,yes,0,165,direct,99.67
SCV20005980,college_area,metro_station,7.69,77.60,high,morning,weekday,rainy,metro,yes,1,1503,multimodal,20.63
SCV20005981,commercial,residential,7.75,49.30,low,night,weekday,clear,ola,no,2,1345,multimodal,359.00
SCV20005982,residential,commercial,13.74,39.30,low,morning,weekend,clear,ola,no,0,101,direct,382.49
SCV20005983,commercial,shopping_area,3.63,22.60,medium,evening,weekday,cloudy,ola,yes,0,34,direct,229.66
SCV20005984,college_area,residential,6.25,31.20,medium,morning,weekday,rainy,bus,yes,0,123,direct,26.66
SCV20005985,metro_station,residential,3.61,39.10,high,morning,weekday,clear,ola,yes,0,106,direct,348.87
SCV20005986,college_area,commercial,9.02,62.30,medium,morning,weekend,clear,bus,yes,1,1269,multimodal,48.22
SCV20005987,college_area,metro_station,4.65,25.60,medium,morning,weekday,cloudy,ola,yes,0,176,direct,248.40
SCV20005988,metro_station,office_area,9.69,54.50,medium,evening,weekday,clear,ola,yes,0,122,direct,445.78
SCV20005989,college_area,office_area,6.60,33.30,medium,evening,weekday,clear,ola,yes,0,120,direct,338.20
SCV20005990,airport,commercial,21.58,82.80,low,afternoon,weekday,clear,rapido,no,2,951,multimodal,311.03
SCV20005991,airport,residential,19.96,110.10,medium,evening,weekend,rainy,rapido,no,0,185,direct,341.98
SCV20005992,metro_station,residential,6.26,25.40,low,evening,weekend,clear,auto,no,0,116,direct,152.80
SCV20005993,residential,metro_station,3.71,44.30,high,evening,weekday,clear,rapido,yes,0,93,direct,151.56
SCV20005994,airport,commercial,21.11,81.40,medium,afternoon,weekday,rainy,rapido,no,0,181,direct,331.69
SCV20005995,commercial,shopping_area,7.67,31.90,low,morning,weekend,clear,ola,no,0,83,direct,280.76
SCV20005996,metro_station,commercial,7.19,30.50,low,night,weekend,cloudy,bus,no,0,116,direct,10.00
SCV20005997,airport,metro_station,25.93,65.60,low,night,weekend,clear,bus,no,0,156,direct,43.57
SCV20005998,airport,residential,33.32,121.20,low,afternoon,weekend,clear,metro,no,1,1390,multimodal,41.31
SCV20005999,metro_station,residential,7.93,54.60,medium,evening,weekend,clear,ola,no,0,2,direct,351.52
SCV20006000,residential,office_area,11.45,89.60,high,evening,weekday,clear,ola,yes,0,62,direct,808.75
SCV20006001,metro_station,office_area,5.31,34.40,medium,morning,weekday,clear,metro,yes,0,218,direct,25.20
SCV20006002,residential,office_area,8.78,29.80,medium,morning,weekday,cloudy,auto,yes,1,92,direct,200.51
SCV20006003,college_area,commercial,5.07,25.30,low,evening,weekend,clear,rapido,no,0,0,direct,69.66
SCV20006004,residential,shopping_area,12.54,40.00,low,morning,weekend,clear,auto,no,1,80,direct,217.87
SCV20006005,metro_station,commercial,6.48,44.20,medium,evening,weekend,rainy,uber,yes,0,114,direct,514.57
SCV20006006,airport,metro_station,24.49,124.30,medium,morning,weekday,clear,bus,yes,2,1352,multimodal,73.28
SCV20006007,commercial,residential,10.96,48.40,low,night,weekday,clear,uber,no,1,1281,multimodal,487.43
SCV20006008,college_area,office_area,9.92,31.20,low,afternoon,weekday,clear,uber,no,0,104,direct,408.40
SCV20006009,residential,metro_station,4.74,60.90,high,evening,weekday,rainy,ola,yes,0,73,direct,504.98
SCV20006010,metro_station,commercial,5.21,36.80,medium,evening,weekday,clear,auto,yes,0,0,direct,159.71
SCV20006011,metro_station,residential,6.18,32.80,medium,morning,weekday,clear,uber,no,0,169,direct,348.00
SCV20006012,college_area,residential,3.96,12.00,low,afternoon,weekday,cloudy,auto,no,0,135,direct,109.00
SCV20006013,commercial,shopping_area,5.73,23.90,low,night,weekday,clear,ola,no,0,30,direct,221.06
SCV20006014,airport,office_area,26.11,126.80,medium,morning,weekday,clear,metro,yes,2,1404,multimodal,53.67
SCV20006015,airport,office_area,22.46,110.30,medium,evening,weekday,clear,auto,yes,0,32,direct,590.55
SCV20006016,airport,metro_station,14.15,89.00,medium,evening,weekend,clear,uber,no,1,667,multimodal,980.00
SCV20006017,residential,office_area,10.41,99.60,high,morning,weekday,cloudy,rapido,yes,2,1244,multimodal,299.88
SCV20006018,commercial,metro_station,6.39,42.90,medium,evening,weekday,clear,metro,yes,0,13,direct,27.91
SCV20006019,residential,shopping_area,11.64,55.10,medium,morning,weekday,cloudy,auto,yes,0,45,direct,319.47
SCV20006020,college_area,commercial,7.03,55.80,low,afternoon,weekday,cloudy,rapido,no,3,2224,multimodal,106.67
SCV20006021,airport,metro_station,32.87,113.90,low,afternoon,weekend,cloudy,metro,no,1,1571,multimodal,34.60
SCV20006022,college_area,residential,9.89,38.80,low,afternoon,weekend,rainy,uber,no,0,0,direct,477.78
SCV20006023,metro_station,commercial,7.69,54.00,medium,evening,weekend,clear,uber,yes,1,972,multimodal,574.77
SCV20006024,residential,office_area,11.46,50.10,medium,morning,weekday,clear,rapido,yes,0,83,direct,189.87
SCV20006025,commercial,residential,12.39,59.70,medium,morning,weekday,rainy,uber,yes,1,30,direct,814.30
SCV20006026,commercial,residential,9.44,36.40,low,afternoon,weekday,cloudy,auto,no,0,36,direct,189.44
SCV20006027,residential,commercial,11.31,30.80,low,night,weekend,rainy,rapido,no,1,72,direct,189.50
SCV20006028,commercial,metro_station,4.99,50.60,medium,morning,weekday,clear,bus,yes,1,915,multimodal,32.21
SCV20006029,residential,shopping_area,8.44,27.50,low,afternoon,weekend,clear,ola,no,0,31,direct,270.15
SCV20006030,residential,office_area,12.42,47.10,low,night,weekday,clear,ola,no,0,29,direct,405.75
SCV20006031,commercial,residential,6.86,41.20,low,night,weekday,clear,bus,no,1,1087,multimodal,39.27
SCV20006032,college_area,metro_station,3.46,26.40,low,afternoon,weekday,clear,bus,no,1,645,multimodal,27.63
SCV20006033,metro_station,office_area,6.88,44.00,medium,evening,weekday,clear,ola,yes,1,214,direct,380.51
SCV20006034,commercial,residential,9.20,53.40,low,night,weekend,cloudy,ola,no,2,1494,multimodal,381.59
SCV20006035,metro_station,residential,4.77,37.70,high,morning,weekday,clear,ola,yes,0,0,direct,385.27
SCV20006036,airport,metro_station,21.91,79.20,medium,afternoon,weekday,cloudy,rapido,no,0,0,direct,296.87
SCV20006037,residential,shopping_area,9.27,81.00,medium,afternoon,weekday,cloudy,metro,yes,3,2375,multimodal,16.27
SCV20006038,metro_station,office_area,7.96,40.10,medium,morning,weekday,cloudy,metro,yes,0,187,direct,20.47
SCV20006039,airport,residential,28.60,97.00,medium,morning,weekday,cloudy,auto,yes,1,30,direct,661.38
SCV20006040,residential,metro_station,2.92,54.30,medium,evening,weekday,clear,metro,yes,1,956,multimodal,13.69
SCV20006041,residential,office_area,4.24,21.10,medium,morning,weekday,rainy,uber,yes,0,129,direct,314.56
SCV20006042,residential,shopping_area,8.70,99.50,high,evening,weekday,rainy,bus,yes,3,1616,multimodal,34.65
SCV20006043,residential,metro_station,3.61,32.70,medium,morning,weekday,clear,bus,yes,0,237,direct,16.55
SCV20006044,airport,office_area,19.06,150.00,high,evening,weekday,rainy,auto,yes,2,1024,multimodal,877.84
SCV20006045,residential,commercial,6.43,25.10,low,evening,weekend,clear,ola,no,0,96,direct,219.69
SCV20006046,airport,metro_station,17.44,150.00,high,evening,weekday,cloudy,rapido,yes,1,1130,multimodal,481.28
SCV20006047,residential,office_area,11.46,96.30,high,evening,weekday,clear,rapido,yes,0,106,direct,281.61
SCV20006048,airport,office_area,27.18,72.60,low,night,weekend,clear,auto,no,0,101,direct,477.89
SCV20006049,commercial,residential,11.32,84.60,medium,evening,weekday,clear,rapido,yes,1,1043,multimodal,221.50
SCV20006050,residential,metro_station,6.88,46.90,medium,morning,weekday,clear,uber,yes,1,1059,multimodal,519.33
SCV20006051,metro_station,office_area,8.07,46.20,medium,evening,weekend,clear,metro,no,0,229,direct,37.05
SCV20006052,commercial,metro_station,7.73,37.30,medium,morning,weekday,clear,uber,yes,0,50,direct,450.04
SCV20006053,college_area,residential,6.27,40.00,medium,evening,weekday,clear,uber,yes,0,56,direct,438.79
SCV20006054,commercial,shopping_area,7.88,32.30,low,afternoon,weekend,rainy,ola,no,0,23,direct,316.65
SCV20006055,college_area,residential,8.89,37.80,medium,morning,weekday,clear,uber,yes,0,0,direct,566.10
SCV20006056,residential,commercial,9.29,21.60,low,night,weekday,rainy,auto,no,0,124,direct,195.89
SCV20006057,commercial,residential,8.60,46.00,medium,evening,weekend,clear,ola,no,0,112,direct,345.05
SCV20006058,airport,residential,28.69,141.10,medium,evening,weekday,clear,rapido,no,0,73,direct,426.67
SCV20006059,college_area,office_area,10.91,48.30,medium,morning,weekday,clear,uber,no,0,98,direct,512.59
SCV20006060,residential,metro_station,8.35,21.40,low,night,weekday,clear,auto,no,0,25,direct,149.78
SCV20006061,commercial,shopping_area,8.29,47.00,medium,evening,weekday,clear,ola,yes,0,94,direct,362.09
SCV20006062,commercial,metro_station,4.65,27.90,medium,afternoon,weekday,clear,ola,yes,0,100,direct,258.76
SCV20006063,college_area,office_area,9.64,59.60,low,night,weekend,clear,metro,no,2,1093,multimodal,19.64
SCV20006064,airport,metro_station,27.59,72.80,low,night,weekend,clear,uber,no,0,15,direct,1045.76
SCV20006065,residential,metro_station,2.53,14.20,medium,morning,weekday,cloudy,rapido,yes,0,157,direct,69.08
SCV20006066,college_area,residential,6.21,35.80,medium,evening,weekday,clear,uber,yes,0,55,direct,409.70
SCV20006067,residential,office_area,9.06,53.20,high,morning,weekday,rainy,ola,no,0,113,direct,496.15
SCV20006068,metro_station,office_area,2.64,36.00,high,evening,weekday,cloudy,ola,yes,0,76,direct,281.11
SCV20006069,college_area,residential,8.26,38.90,medium,morning,weekday,clear,uber,yes,0,99,direct,475.32
SCV20006070,airport,metro_station,20.82,115.90,high,morning,weekday,cloudy,uber,yes,0,88,direct,1500.00
SCV20006071,commercial,office_area,5.78,41.00,medium,evening,weekday,cloudy,uber,yes,0,3,direct,396.16
SCV20006072,college_area,office_area,7.48,52.90,low,afternoon,weekday,clear,metro,no,1,1180,multimodal,31.32
SCV20006073,commercial,residential,11.86,58.50,medium,evening,weekday,clear,uber,yes,0,74,direct,707.04
SCV20006074,metro_station,residential,2.79,58.00,high,evening,weekday,clear,ola,yes,1,1027,multimodal,394.77
SCV20006075,commercial,residential,12.84,57.80,medium,evening,weekday,clear,rapido,yes,0,106,direct,222.99
SCV20006076,college_area,metro_station,6.19,28.40,medium,morning,weekday,clear,ola,yes,0,138,direct,304.51
SCV20006077,commercial,office_area,9.17,26.70,low,night,weekday,rainy,bus,no,0,307,direct,28.56
SCV20006078,metro_station,residential,7.95,56.40,medium,morning,weekday,cloudy,uber,yes,1,815,multimodal,574.71
SCV20006079,airport,commercial,27.13,98.00,medium,afternoon,weekday,clear,ola,no,0,78,direct,922.53
SCV20006080,residential,shopping_area,10.83,57.00,low,night,weekday,clear,bus,no,1,1360,multimodal,19.93
SCV20006081,airport,metro_station,14.44,100.40,medium,evening,weekend,rainy,bus,yes,1,1138,multimodal,34.57
SCV20006082,metro_station,residential,3.21,22.80,medium,morning,weekday,clear,ola,yes,0,126,direct,192.85
SCV20006083,commercial,metro_station,2.79,17.30,low,afternoon,weekday,cloudy,ola,no,0,149,direct,161.58
SCV20006084,residential,metro_station,5.89,53.90,medium,evening,weekday,clear,rapido,yes,2,1423,multimodal,139.85
SCV20006085,residential,commercial,14.10,54.00,low,night,weekday,clear,metro,no,1,784,multimodal,22.90
SCV20006086,commercial,shopping_area,5.64,56.50,medium,morning,weekday,clear,metro,no,2,1636,multimodal,10.00
SCV20006087,residential,shopping_area,8.47,49.60,medium,evening,weekend,clear,ola,no,0,52,direct,365.73
SCV20006088,college_area,metro_station,4.88,16.30,low,afternoon,weekend,cloudy,bus,no,1,207,direct,31.57
SCV20006089,residential,shopping_area,10.66,41.10,medium,afternoon,weekend,cloudy,bus,yes,0,117,direct,30.21
SCV20006090,airport,metro_station,26.65,125.10,medium,morning,weekday,clear,bus,yes,1,1036,multimodal,55.06
SCV20006091,commercial,residential,6.07,17.00,low,night,weekday,clear,auto,no,0,56,direct,102.85
SCV20006092,metro_station,commercial,7.84,31.20,low,afternoon,weekday,clear,ola,no,0,112,direct,282.82
SCV20006093,metro_station,shopping_area,6.75,36.00,medium,morning,weekday,clear,rapido,yes,0,158,direct,130.33
SCV20006094,commercial,residential,7.73,74.10,medium,evening,weekend,clear,auto,no,2,1146,multimodal,272.17
SCV20006095,college_area,residential,5.42,36.40,medium,evening,weekday,clear,bus,yes,0,163,direct,22.37
SCV20006096,airport,residential,29.53,150.00,high,evening,weekday,rainy,metro,yes,1,1561,multimodal,55.47
SCV20006097,metro_station,shopping_area,7.55,68.50,medium,morning,weekday,clear,metro,yes,3,1965,multimodal,30.18
SCV20006098,residential,office_area,14.52,61.00,medium,afternoon,weekday,clear,bus,yes,0,285,direct,16.97
SCV20006099,commercial,residential,8.10,70.30,medium,afternoon,weekday,rainy,bus,yes,2,1469,multimodal,34.84
SCV20006100,residential,office_area,6.31,22.80,low,afternoon,weekend,clear,uber,no,0,97,direct,312.59
SCV20006101,residential,office_area,11.91,44.20,medium,afternoon,weekday,clear,uber,no,0,118,direct,505.44
SCV20006102,residential,office_area,8.37,37.10,medium,morning,weekday,cloudy,bus,yes,0,217,direct,25.72
SCV20006103,airport,metro_station,16.87,64.50,medium,morning,weekday,clear,rapido,yes,0,86,direct,284.43
SCV20006104,residential,office_area,8.30,49.60,low,afternoon,weekend,rainy,uber,no,2,956,multimodal,531.61
SCV20006105,commercial,residential,13.08,65.70,low,afternoon,weekday,rainy,rapido,no,2,1364,multimodal,197.08
SCV20006106,metro_station,commercial,4.70,46.80,high,morning,weekday,cloudy,ola,yes,0,71,direct,406.50
SCV20006107,residential,commercial,8.53,31.80,medium,afternoon,weekday,rainy,uber,yes,0,168,direct,504.91
SCV20006108,residential,commercial,11.66,40.40,low,morning,weekend,rainy,rapido,no,0,86,direct,151.57
SCV20006109,college_area,residential,4.28,65.90,medium,morning,weekday,clear,bus,yes,3,1977,multimodal,17.11
SCV20006110,residential,metro_station,1.72,16.80,medium,morning,weekday,clear,ola,yes,0,47,direct,154.91
SCV20006111,college_area,residential,8.78,52.10,medium,morning,weekday,clear,uber,yes,1,1214,multimodal,663.18
SCV20006112,commercial,residential,6.76,32.10,medium,morning,weekday,clear,rapido,yes,0,26,direct,101.23
SCV20006113,airport,office_area,31.67,78.40,low,night,weekend,clear,metro,no,0,217,direct,10.00
SCV20006114,metro_station,shopping_area,7.30,33.40,low,afternoon,weekday,cloudy,rapido,no,1,68,direct,111.00
SCV20006115,commercial,residential,10.00,30.50,medium,afternoon,weekday,clear,auto,yes,0,143,direct,231.68
SCV20006116,college_area,office_area,5.51,67.90,low,night,weekday,clear,auto,no,3,1408,multimodal,203.43
SCV20006117,residential,metro_station,8.19,35.20,low,afternoon,weekday,clear,uber,no,0,79,direct,423.70
SCV20006118,residential,office_area,9.28,35.50,low,morning,weekend,clear,rapido,no,0,82,direct,132.39
SCV20006119,college_area,residential,6.67,27.70,medium,morning,weekday,cloudy,uber,yes,0,57,direct,412.30
SCV20006120,commercial,residential,10.20,65.50,medium,evening,weekday,clear,ola,yes,1,1207,multimodal,497.54
SCV20006121,airport,residential,21.80,90.10,medium,morning,weekday,cloudy,auto,yes,0,135,direct,610.38
SCV20006122,college_area,residential,7.53,92.70,high,evening,weekday,clear,metro,yes,3,1073,multimodal,14.34
SCV20006123,residential,office_area,10.86,64.10,medium,evening,weekday,clear,rapido,yes,0,169,direct,201.84
SCV20006124,residential,metro_station,3.76,41.80,high,evening,weekday,clear,ola,yes,0,142,direct,330.95
SCV20006125,metro_station,commercial,5.63,29.70,medium,morning,weekday,clear,rapido,yes,0,174,direct,105.54
SCV20006126,residential,shopping_area,9.28,68.70,high,evening,weekday,cloudy,bus,yes,0,249,direct,35.41
SCV20006127,residential,commercial,9.38,61.10,medium,afternoon,weekday,clear,metro,yes,1,903,multimodal,35.16
SCV20006128,residential,metro_station,5.27,74.60,medium,evening,weekday,clear,bus,yes,3,1347,multimodal,23.73
SCV20006129,metro_station,residential,5.91,93.50,high,evening,weekday,clear,metro,yes,2,2061,multimodal,29.10
SCV20006130,commercial,metro_station,6.14,37.90,medium,morning,weekday,cloudy,metro,no,0,197,direct,23.11
SCV20006131,residential,office_area,7.81,61.00,medium,morning,weekday,clear,metro,yes,2,1449,multimodal,30.54
SCV20006132,commercial,office_area,5.75,27.10,medium,morning,weekday,cloudy,auto,yes,0,65,direct,184.64
SCV20006133,airport,residential,33.42,115.90,low,night,weekday,clear,metro,no,2,1501,multimodal,46.93
SCV20006134,commercial,residential,7.60,47.70,low,afternoon,weekday,clear,metro,no,1,1165,multimodal,23.34
SCV20006135,airport,residential,26.75,96.50,medium,morning,weekday,clear,auto,yes,0,170,direct,649.69
SCV20006136,college_area,commercial,7.92,24.50,low,afternoon,weekday,cloudy,bus,no,0,87,direct,10.25
SCV20006137,commercial,metro_station,7.39,22.30,low,night,weekday,clear,auto,no,0,33,direct,142.49
SCV20006138,metro_station,residential,5.67,29.90,medium,afternoon,weekday,cloudy,auto,no,0,103,direct,138.16
SCV20006139,metro_station,residential,4.76,69.80,high,evening,weekday,clear,auto,yes,1,1513,multimodal,275.95
SCV20006140,commercial,metro_station,4.47,30.40,medium,afternoon,weekday,clear,uber,yes,0,131,direct,338.33
SCV20006141,metro_station,shopping_area,2.29,16.80,medium,morning,weekday,rainy,metro,no,0,156,direct,10.00
SCV20006142,college_area,commercial,8.02,38.60,medium,morning,weekday,rainy,rapido,yes,0,79,direct,154.69
SCV20006143,commercial,residential,11.01,43.00,low,night,weekday,cloudy,ola,no,0,63,direct,372.41
SCV20006144,airport,residential,32.01,109.70,low,night,weekend,rainy,bus,no,2,1117,multimodal,52.81
SCV20006145,college_area,metro_station,7.23,44.90,medium,afternoon,weekday,clear,bus,yes,1,845,multimodal,18.60
SCV20006146,metro_station,shopping_area,3.29,12.70,low,night,weekend,clear,uber,no,0,74,direct,217.39
SCV20006147,residential,office_area,9.43,85.30,high,morning,weekday,cloudy,ola,yes,1,860,multimodal,706.05
SCV20006148,commercial,shopping_area,5.20,17.20,low,afternoon,weekend,clear,rapido,no,0,155,direct,80.07
SCV20006149,residential,metro_station,3.61,40.10,medium,morning,weekday,cloudy,rapido,yes,1,1055,multimodal,111.87
SCV20006150,metro_station,commercial,6.09,30.70,medium,morning,weekday,clear,rapido,yes,0,112,direct,118.48
SCV20006151,college_area,residential,7.17,36.10,medium,morning,weekday,clear,metro,yes,0,135,direct,17.71
SCV20006152,residential,office_area,12.79,68.70,medium,morning,weekday,rainy,ola,yes,0,121,direct,631.10
SCV20006153,metro_station,office_area,5.65,31.10,medium,afternoon,weekday,clear,rapido,yes,0,43,direct,128.36
SCV20006154,residential,shopping_area,10.62,33.30,low,night,weekday,rainy,ola,yes,0,222,direct,436.18
SCV20006155,commercial,shopping_area,7.81,26.50,low,night,weekday,clear,auto,no,0,53,direct,146.76
SCV20006156,college_area,commercial,8.91,33.20,medium,morning,weekday,clear,metro,yes,0,87,direct,38.14
SCV20006157,metro_station,residential,4.65,54.70,medium,evening,weekday,clear,bus,yes,1,1056,multimodal,42.30
SCV20006158,college_area,metro_station,6.35,41.10,medium,evening,weekday,clear,ola,yes,0,88,direct,329.23
SCV20006159,college_area,commercial,8.10,48.40,low,afternoon,weekday,clear,ola,no,1,825,multimodal,341.95
SCV20006160,commercial,residential,7.60,36.40,medium,evening,weekday,clear,ola,yes,1,191,direct,345.15
SCV20006161,residential,metro_station,6.71,64.70,high,evening,weekday,clear,rapido,yes,0,124,direct,188.19
SCV20006162,residential,commercial,6.23,27.10,medium,morning,weekday,cloudy,uber,yes,1,192,direct,374.55
SCV20006163,metro_station,residential,6.10,41.90,high,morning,weekday,cloudy,rapido,yes,0,0,direct,165.84
SCV20006164,commercial,office_area,6.49,31.60,medium,morning,weekday,clear,metro,yes,0,171,direct,35.35
SCV20006165,airport,metro_station,30.03,150.00,high,evening,weekend,cloudy,bus,yes,2,1657,multimodal,88.98
SCV20006166,residential,commercial,12.39,42.50,medium,night,weekday,rainy,ola,yes,0,19,direct,527.52
SCV20006167,commercial,shopping_area,9.34,54.90,medium,evening,weekday,clear,rapido,yes,0,0,direct,180.45
SCV20006168,commercial,office_area,3.58,43.30,high,evening,weekday,cloudy,rapido,yes,0,128,direct,145.39
SCV20006169,college_area,office_area,5.16,45.60,low,afternoon,weekday,cloudy,metro,no,1,823,multimodal,37.63
SCV20006170,college_area,residential,8.81,21.40,low,night,weekday,cloudy,ola,no,0,139,direct,297.66
SCV20006171,commercial,metro_station,6.99,68.20,high,evening,weekday,rainy,metro,yes,0,224,direct,33.00
SCV20006172,metro_station,commercial,7.65,26.50,low,afternoon,weekday,cloudy,auto,no,0,174,direct,144.67
SCV20006173,commercial,shopping_area,2.22,37.40,medium,evening,weekday,clear,metro,yes,1,1255,multimodal,24.11
SCV20006174,commercial,shopping_area,3.48,28.00,medium,morning,weekday,clear,rapido,yes,0,42,direct,75.16
SCV20006175,college_area,metro_station,6.42,25.80,low,afternoon,weekday,cloudy,auto,no,0,145,direct,146.06
SCV20006176,commercial,residential,5.91,29.90,medium,afternoon,weekday,cloudy,uber,yes,0,0,direct,375.87
SCV20006177,metro_station,commercial,6.43,62.40,high,evening,weekday,clear,ola,yes,0,0,direct,518.84
SCV20006178,commercial,residential,6.11,27.00,low,afternoon,weekend,clear,rapido,no,0,82,direct,93.07
SCV20006179,residential,metro_station,3.24,34.50,low,night,weekend,cloudy,metro,no,1,1436,multimodal,10.00
SCV20006180,airport,metro_station,21.28,88.60,medium,afternoon,weekend,clear,auto,yes,1,1468,multimodal,519.47
SCV20006181,commercial,shopping_area,3.41,57.90,high,evening,weekday,clear,metro,yes,1,673,multimodal,28.08
SCV20006182,residential,commercial,4.92,22.70,medium,morning,weekday,cloudy,bus,yes,0,253,direct,18.07
SCV20006183,commercial,residential,3.12,36.40,low,morning,weekend,clear,metro,no,1,1113,multimodal,11.61
SCV20006184,residential,metro_station,2.16,25.60,medium,morning,weekday,cloudy,ola,yes,0,99,direct,190.28
SCV20006185,metro_station,commercial,3.55,23.30,high,morning,weekday,cloudy,uber,yes,0,55,direct,362.11
SCV20006186,commercial,metro_station,5.02,22.00,low,night,weekday,clear,ola,no,0,195,direct,232.73
SCV20006187,college_area,office_area,12.28,77.70,low,afternoon,weekday,clear,bus,no,2,1108,multimodal,10.00
SCV20006188,college_area,residential,5.10,20.50,medium,afternoon,weekday,clear,auto,yes,0,78,direct,147.45
SCV20006189,residential,office_area,16.12,127.80,high,evening,weekday,clear,metro,yes,0,214,direct,48.69
SCV20006190,residential,office_area,13.55,43.00,low,afternoon,weekday,clear,rapido,no,0,0,direct,168.81
SCV20006191,commercial,residential,3.91,9.50,low,night,weekday,cloudy,uber,no,0,61,direct,203.58
SCV20006192,airport,metro_station,31.49,150.00,high,evening,weekday,clear,bus,yes,3,1547,multimodal,101.63
SCV20006193,commercial,residential,6.24,74.80,medium,evening,weekday,cloudy,metro,yes,2,1539,multimodal,20.34
SCV20006194,airport,metro_station,16.87,53.40,low,afternoon,weekday,clear,ola,no,0,109,direct,539.62
SCV20006195,residential,metro_station,3.24,26.30,medium,evening,weekday,clear,uber,yes,1,75,direct,272.68
SCV20006196,residential,shopping_area,10.43,66.50,medium,morning,weekday,rainy,bus,no,1,1479,multimodal,32.66
SCV20006197,metro_station,commercial,3.93,16.90,medium,morning,weekday,cloudy,uber,yes,0,12,direct,267.55
SCV20006198,college_area,commercial,7.88,42.60,medium,evening,weekend,clear,auto,no,0,0,direct,198.02
SCV20006199,residential,metro_station,6.02,39.50,low,afternoon,weekend,cloudy,metro,no,1,1214,multimodal,17.47
SCV20006200,airport,metro_station,21.12,116.30,medium,morning,weekday,clear,metro,yes,1,819,multimodal,44.93
SCV20006201,metro_station,commercial,5.49,40.90,medium,afternoon,weekday,cloudy,auto,yes,1,1121,multimodal,193.70
SCV20006202,college_area,residential,5.58,57.60,medium,afternoon,weekday,rainy,bus,yes,2,1603,multimodal,20.74
SCV20006203,commercial,office_area,7.37,25.80,medium,morning,weekday,cloudy,rapido,no,0,118,direct,123.21
SCV20006204,metro_station,office_area,5.45,33.00,high,morning,weekday,clear,rapido,yes,0,120,direct,143.37
SCV20006205,commercial,residential,6.10,23.80,low,morning,weekend,clear,rapido,no,0,16,direct,105.22
SCV20006206,residential,commercial,11.29,26.20,low,night,weekday,clear,ola,no,0,125,direct,318.87
SCV20006207,commercial,office_area,5.22,33.60,medium,afternoon,weekday,cloudy,rapido,yes,0,0,direct,87.30
SCV20006208,airport,residential,21.25,78.90,medium,afternoon,weekend,clear,uber,no,0,141,direct,977.67
SCV20006209,metro_station,residential,5.03,18.90,low,afternoon,weekend,cloudy,auto,no,1,81,direct,117.86
SCV20006210,residential,commercial,11.34,49.60,medium,morning,weekday,rainy,metro,yes,0,269,direct,13.47
SCV20006211,residential,commercial,12.47,65.40,medium,afternoon,weekday,cloudy,bus,yes,1,939,multimodal,23.28
SCV20006212,metro_station,shopping_area,11.00,73.60,medium,morning,weekday,cloudy,bus,yes,1,792,multimodal,20.28
SCV20006213,metro_station,residential,3.17,26.90,medium,morning,weekday,clear,uber,yes,0,10,direct,278.61
SCV20006214,commercial,office_area,5.82,57.00,medium,morning,weekday,cloudy,bus,yes,1,1161,multimodal,16.50
SCV20006215,commercial,office_area,4.90,25.80,medium,morning,weekend,rainy,uber,yes,0,127,direct,373.32
SCV20006216,residential,commercial,13.42,56.50,medium,morning,weekday,clear,ola,yes,0,184,direct,539.90
SCV20006217,college_area,commercial,10.14,58.80,medium,morning,weekday,cloudy,bus,yes,1,1057,multimodal,37.06
SCV20006218,commercial,metro_station,8.35,39.60,medium,morning,weekday,clear,rapido,yes,0,73,direct,150.95
SCV20006219,metro_station,residential,4.64,38.80,low,afternoon,weekend,clear,uber,yes,1,861,multimodal,383.45
SCV20006220,residential,metro_station,4.46,15.20,low,afternoon,weekday,clear,uber,no,0,188,direct,226.50
SCV20006221,college_area,metro_station,4.24,51.00,medium,morning,weekday,clear,bus,yes,2,1407,multimodal,22.87
SCV20006222,residential,shopping_area,6.60,31.40,low,morning,weekday,clear,ola,no,1,37,direct,259.22
SCV20006223,airport,commercial,28.99,110.30,low,afternoon,weekend,clear,bus,no,2,1948,multimodal,53.26
SCV20006224,commercial,shopping_area,6.15,23.50,medium,evening,weekday,clear,ola,yes,1,81,direct,275.62
SCV20006225,college_area,commercial,6.35,56.10,medium,evening,weekday,clear,ola,yes,1,1152,multimodal,374.92
SCV20006226,residential,metro_station,6.45,33.00,medium,afternoon,weekday,clear,rapido,yes,1,0,direct,116.31
SCV20006227,metro_station,residential,3.08,28.30,medium,morning,weekday,clear,auto,yes,0,34,direct,147.87
SCV20006228,residential,shopping_area,15.17,45.50,low,afternoon,weekend,cloudy,uber,no,0,38,direct,604.44
SCV20006229,residential,office_area,14.14,56.50,medium,morning,weekday,clear,ola,yes,0,95,direct,539.67
SCV20006230,residential,metro_station,4.50,27.90,medium,evening,weekday,clear,ola,yes,0,0,direct,251.28
SCV20006231,commercial,residential,9.69,41.10,medium,morning,weekday,clear,rapido,yes,1,222,direct,158.62
SCV20006232,residential,metro_station,6.85,72.90,medium,morning,weekday,clear,metro,yes,2,1234,multimodal,18.68
SCV20006233,residential,metro_station,5.43,68.50,high,morning,weekday,rainy,bus,yes,1,738,multimodal,11.93
SCV20006234,residential,metro_station,5.42,40.10,medium,morning,weekday,clear,rapido,yes,1,702,multimodal,128.55
SCV20006235,college_area,commercial,6.74,73.90,medium,evening,weekday,cloudy,metro,yes,3,1471,multimodal,38.89
SCV20006236,commercial,metro_station,4.94,29.80,medium,evening,weekday,clear,ola,yes,0,87,direct,260.69
SCV20006237,residential,commercial,12.53,81.90,medium,afternoon,weekday,clear,ola,yes,3,1626,multimodal,606.24
SCV20006238,college_area,commercial,6.12,47.80,medium,morning,weekday,clear,rapido,yes,1,956,multimodal,146.42
SCV20006239,residential,metro_station,4.66,39.90,high,evening,weekday,clear,ola,yes,0,97,direct,352.99
SCV20006240,metro_station,residential,4.52,29.90,medium,morning,weekday,clear,bus,yes,0,49,direct,10.00
SCV20006241,airport,residential,24.76,149.60,medium,evening,weekday,cloudy,bus,yes,2,971,multimodal,62.12
SCV20006242,metro_station,office_area,6.64,36.70,medium,evening,weekend,clear,ola,yes,0,89,direct,349.92
SCV20006243,airport,commercial,26.56,75.30,low,night,weekend,cloudy,uber,no,0,89,direct,1086.26
SCV20006244,airport,office_area,26.28,72.20,low,night,weekday,cloudy,auto,no,0,104,direct,458.26
SCV20006245,commercial,metro_station,6.91,32.80,low,afternoon,weekend,clear,auto,no,0,57,direct,174.05
SCV20006246,college_area,commercial,11.01,39.20,low,afternoon,weekday,clear,bus,yes,0,342,direct,46.31
SCV20006247,commercial,residential,9.78,53.40,medium,morning,weekday,cloudy,bus,yes,0,269,direct,33.87
SCV20006248,residential,office_area,4.79,78.70,high,evening,weekday,clear,metro,yes,2,1210,multimodal,10.78
SCV20006249,commercial,shopping_area,1.30,8.50,low,afternoon,weekday,clear,auto,no,0,137,direct,47.51
SCV20006250,residential,commercial,6.51,61.60,high,evening,weekday,cloudy,auto,yes,0,62,direct,343.52
SCV20006251,metro_station,commercial,4.67,23.20,low,afternoon,weekday,clear,rapido,no,0,121,direct,83.97
SCV20006252,metro_station,residential,3.80,43.70,high,evening,weekday,cloudy,auto,yes,0,198,direct,186.31
SCV20006253,commercial,residential,9.22,45.80,medium,evening,weekday,clear,auto,no,0,161,direct,193.64
SCV20006254,college_area,commercial,8.27,40.30,medium,evening,weekday,cloudy,rapido,yes,1,67,direct,135.43
SCV20006255,commercial,shopping_area,4.13,20.10,medium,morning,weekday,clear,rapido,no,0,182,direct,81.07
SCV20006256,metro_station,residential,7.42,42.50,medium,morning,weekday,clear,uber,yes,0,32,direct,461.15
SCV20006257,college_area,office_area,5.89,23.30,low,afternoon,weekend,rainy,ola,no,0,57,direct,231.98
SCV20006258,residential,metro_station,3.87,31.30,medium,evening,weekend,cloudy,uber,yes,0,77,direct,328.71
SCV20006259,commercial,residential,4.97,24.50,medium,afternoon,weekday,clear,metro,yes,0,140,direct,11.41
SCV20006260,metro_station,residential,3.98,15.20,low,night,weekend,cloudy,metro,no,0,310,direct,23.71
SCV20006261,college_area,residential,4.47,24.00,low,afternoon,weekday,clear,auto,no,0,0,direct,109.34
SCV20006262,college_area,metro_station,2.63,28.80,medium,morning,weekday,clear,metro,yes,1,1092,multimodal,13.31
SCV20006263,residential,metro_station,4.85,56.20,medium,afternoon,weekday,rainy,bus,yes,1,1220,multimodal,24.61
SCV20006264,college_area,metro_station,5.99,19.50,low,afternoon,weekend,clear,uber,yes,0,77,direct,281.96
SCV20006265,commercial,metro_station,5.12,45.40,high,morning,weekday,rainy,auto,yes,0,70,direct,262.44
SCV20006266,commercial,metro_station,5.26,49.70,medium,evening,weekday,cloudy,uber,yes,0,44,direct,425.27
SCV20006267,airport,office_area,21.60,150.00,high,evening,weekday,clear,rapido,yes,0,9,direct,538.52
SCV20006268,metro_station,residential,4.90,23.00,medium,morning,weekday,clear,auto,yes,1,127,direct,127.03
SCV20006269,residential,office_area,15.36,118.60,high,evening,weekday,clear,uber,yes,0,90,direct,1293.13
SCV20006270,airport,residential,26.09,150.00,medium,evening,weekday,cloudy,bus,yes,2,1581,multimodal,87.76
SCV20006271,metro_station,residential,5.99,42.70,high,morning,weekday,rainy,ola,yes,0,65,direct,452.79
SCV20006272,commercial,office_area,2.64,49.40,high,evening,weekday,clear,uber,yes,0,114,direct,431.49
SCV20006273,airport,office_area,29.57,150.00,high,evening,weekday,clear,uber,yes,0,77,direct,1500.00
SCV20006274,airport,commercial,30.00,81.10,low,afternoon,weekday,clear,ola,no,0,7,direct,874.35
SCV20006275,commercial,residential,9.58,32.60,low,morning,weekend,cloudy,auto,no,0,39,direct,184.24
SCV20006276,residential,metro_station,4.14,43.40,high,evening,weekday,clear,auto,yes,0,10,direct,200.87
SCV20006277,commercial,office_area,6.36,34.60,medium,morning,weekday,clear,rapido,yes,0,154,direct,137.16
SCV20006278,metro_station,commercial,3.06,27.50,medium,morning,weekday,clear,auto,yes,0,0,direct,116.23
SCV20006279,airport,office_area,13.29,133.00,high,evening,weekday,clear,metro,yes,1,625,multimodal,38.21
SCV20006280,metro_station,shopping_area,6.95,34.70,low,evening,weekend,clear,auto,no,0,114,direct,144.70
SCV20006281,metro_station,residential,3.44,70.70,high,evening,weekday,cloudy,auto,yes,1,1197,multimodal,237.96
SCV20006282,metro_station,commercial,6.89,31.50,medium,morning,weekday,rainy,bus,yes,0,186,direct,27.39
SCV20006283,residential,office_area,16.08,96.80,medium,evening,weekday,clear,auto,yes,1,663,multimodal,441.86
SCV20006284,commercial,shopping_area,5.69,30.30,medium,evening,weekend,cloudy,uber,yes,0,26,direct,374.36
SCV20006285,commercial,office_area,7.21,58.10,medium,afternoon,weekday,rainy,bus,no,1,1300,multimodal,35.52
SCV20006286,commercial,office_area,6.40,32.70,medium,morning,weekday,clear,metro,yes,0,170,direct,32.86
SCV20006287,commercial,office_area,8.51,32.20,low,afternoon,weekday,clear,ola,no,0,12,direct,260.98
SCV20006288,residential,shopping_area,8.30,19.50,low,afternoon,weekday,clear,metro,no,0,271,direct,10.00
SCV20006289,airport,office_area,26.45,150.00,high,evening,weekday,rainy,bus,yes,0,328,direct,81.95
SCV20006290,commercial,shopping_area,2.83,9.60,medium,evening,weekend,clear,rapido,yes,0,157,direct,70.94
SCV20006291,metro_station,residential,5.06,48.20,high,evening,weekday,cloudy,ola,yes,0,239,direct,426.18
SCV20006292,commercial,metro_station,4.88,46.30,low,night,weekend,clear,bus,no,3,958,multimodal,38.05
SCV20006293,commercial,shopping_area,5.55,19.60,low,afternoon,weekend,cloudy,auto,no,0,63,direct,101.57
SCV20006294,metro_station,shopping_area,8.16,27.10,low,night,weekday,clear,auto,no,0,157,direct,142.47
SCV20006295,commercial,office_area,10.52,47.30,medium,morning,weekend,cloudy,uber,no,0,124,direct,549.43
SCV20006296,college_area,office_area,13.45,78.90,medium,morning,weekday,cloudy,bus,no,1,1202,multimodal,33.04
SCV20006297,commercial,residential,6.08,58.10,low,evening,weekend,clear,bus,no,1,1333,multimodal,29.51
SCV20006298,commercial,metro_station,5.98,52.60,medium,morning,weekday,clear,ola,yes,1,811,multimodal,372.33
SCV20006299,college_area,residential,8.98,36.40,medium,morning,weekday,clear,ola,yes,1,154,direct,372.57
SCV20006300,metro_station,shopping_area,6.71,65.70,medium,evening,weekend,cloudy,ola,yes,2,705,multimodal,455.66
SCV20006301,commercial,shopping_area,4.99,18.60,low,afternoon,weekend,clear,ola,yes,0,104,direct,223.82
SCV20006302,metro_station,residential,2.55,32.60,medium,morning,weekend,clear,ola,no,1,870,multimodal,179.88
SCV20006303,residential,commercial,8.09,43.00,medium,morning,weekday,clear,ola,yes,0,52,direct,364.66
SCV20006304,residential,office_area,7.87,76.80,high,morning,weekday,rainy,metro,yes,1,530,multimodal,15.33
SCV20006305,commercial,residential,10.05,81.40,high,evening,weekday,clear,auto,yes,0,114,direct,411.60
SCV20006306,residential,metro_station,2.74,13.80,low,afternoon,weekend,clear,rapido,no,1,151,direct,53.28
SCV20006307,residential,commercial,5.98,64.30,medium,morning,weekday,clear,rapido,yes,2,1784,multimodal,154.01
SCV20006308,commercial,residential,9.89,60.30,high,morning,weekday,clear,auto,yes,0,50,direct,339.54
SCV20006309,metro_station,shopping_area,4.83,33.00,medium,afternoon,weekend,cloudy,ola,yes,1,454,multimodal,299.49
SCV20006310,college_area,metro_station,2.58,33.70,medium,afternoon,weekday,clear,rapido,no,1,489,multimodal,80.33
SCV20006311,residential,metro_station,8.58,93.80,high,evening,weekday,clear,metro,yes,1,1445,multimodal,26.07
SCV20006312,residential,metro_station,6.58,31.40,medium,morning,weekday,clear,uber,yes,0,125,direct,415.05
SCV20006313,college_area,commercial,5.15,42.80,medium,evening,weekday,clear,ola,no,0,165,direct,284.08
SCV20006314,college_area,residential,7.31,60.50,low,afternoon,weekday,cloudy,bus,no,2,1798,multimodal,12.95
SCV20006315,residential,commercial,6.05,28.20,low,afternoon,weekend,clear,ola,no,0,39,direct,233.63
SCV20006316,college_area,office_area,14.01,42.20,low,afternoon,weekday,clear,uber,no,0,5,direct,512.15
SCV20006317,commercial,residential,7.09,74.10,high,evening,weekday,rainy,auto,yes,0,26,direct,359.86
SCV20006318,residential,commercial,12.28,25.90,low,night,weekday,cloudy,uber,no,0,0,direct,436.47
SCV20006319,airport,residential,26.84,99.30,low,morning,weekend,rainy,rapido,no,1,822,multimodal,380.48
SCV20006320,airport,office_area,17.86,123.90,medium,evening,weekend,clear,bus,no,1,1411,multimodal,39.58
SCV20006321,commercial,office_area,3.78,26.80,medium,morning,weekday,clear,metro,yes,0,390,direct,10.00
SCV20006322,commercial,residential,7.68,49.40,medium,evening,weekday,clear,rapido,no,0,34,direct,148.71
SCV20006323,commercial,residential,10.43,42.80,medium,morning,weekday,clear,metro,yes,0,143,direct,27.24
SCV20006324,metro_station,office_area,7.09,53.80,medium,afternoon,weekday,rainy,auto,no,1,643,multimodal,254.87
SCV20006325,college_area,office_area,11.41,53.40,low,afternoon,weekday,clear,rapido,no,2,710,multimodal,169.61
SCV20006326,metro_station,residential,4.90,45.80,medium,evening,weekday,clear,ola,yes,0,162,direct,318.11
SCV20006327,college_area,commercial,4.99,40.10,medium,evening,weekday,clear,auto,yes,1,411,multimodal,189.42
SCV20006328,commercial,residential,9.28,42.60,low,morning,weekday,clear,ola,no,1,965,multimodal,338.31
SCV20006329,commercial,shopping_area,6.05,30.20,medium,evening,weekday,cloudy,uber,yes,0,101,direct,388.98
SCV20006330,college_area,residential,3.47,33.40,medium,evening,weekday,cloudy,auto,yes,0,225,direct,151.10
SCV20006331,airport,residential,16.94,78.80,medium,morning,weekend,clear,rapido,no,0,30,direct,258.75
SCV20006332,airport,metro_station,28.15,82.70,low,afternoon,weekday,cloudy,bus,no,0,166,direct,49.82
SCV20006333,residential,office_area,15.29,65.10,low,night,weekend,clear,uber,no,1,440,multimodal,643.61
SCV20006334,airport,commercial,27.48,82.00,low,afternoon,weekday,cloudy,metro,no,0,353,direct,38.83
SCV20006335,college_area,residential,6.37,48.90,low,afternoon,weekday,clear,metro,no,1,496,multimodal,12.75
SCV20006336,residential,metro_station,3.22,17.50,medium,afternoon,weekday,clear,auto,yes,0,142,direct,96.12
SCV20006337,commercial,shopping_area,2.90,60.60,medium,afternoon,weekday,rainy,metro,yes,3,1735,multimodal,10.00
SCV20006338,residential,metro_station,5.18,33.60,low,night,weekend,rainy,rapido,no,0,36,direct,82.59
SCV20006339,metro_station,office_area,3.47,13.50,medium,morning,weekday,clear,rapido,no,0,81,direct,63.39
SCV20006340,residential,shopping_area,10.27,83.30,high,evening,weekday,rainy,metro,yes,0,211,direct,38.25
SCV20006341,metro_station,office_area,3.15,21.80,medium,afternoon,weekday,clear,uber,no,0,139,direct,218.39
SCV20006342,metro_station,commercial,9.70,52.20,medium,morning,weekend,cloudy,rapido,no,1,1253,multimodal,191.35
SCV20006343,residential,metro_station,3.37,59.30,high,evening,weekday,clear,auto,yes,1,1167,multimodal,262.60
SCV20006344,commercial,metro_station,4.60,75.00,high,evening,weekday,clear,metro,yes,1,1359,multimodal,21.90
SCV20006345,commercial,shopping_area,7.94,75.50,medium,evening,weekday,clear,metro,yes,1,1020,multimodal,29.88
SCV20006346,commercial,residential,5.61,19.40,low,afternoon,weekday,cloudy,uber,no,0,55,direct,290.43
SCV20006347,residential,metro_station,2.79,46.50,medium,evening,weekday,clear,bus,yes,1,1721,multimodal,24.79
SCV20006348,residential,shopping_area,7.04,42.90,medium,evening,weekday,clear,uber,yes,0,65,direct,436.08
SCV20006349,airport,residential,30.76,131.40,low,night,weekday,rainy,bus,no,3,1083,multimodal,44.61
SCV20006350,metro_station,commercial,3.01,27.30,medium,evening,weekday,clear,uber,no,0,155,direct,233.95
SCV20006351,residential,office_area,12.84,71.90,medium,evening,weekday,cloudy,rapido,yes,0,84,direct,208.35
SCV20006352,metro_station,residential,5.81,54.60,medium,evening,weekday,clear,rapido,yes,1,883,multimodal,140.09
SCV20006353,metro_station,residential,5.77,57.50,low,afternoon,weekday,clear,metro,no,2,864,multimodal,16.33
SCV20006354,college_area,office_area,7.34,35.50,medium,morning,weekday,cloudy,rapido,yes,0,93,direct,144.18
SCV20006355,commercial,residential,9.41,37.70,medium,morning,weekday,clear,uber,yes,0,93,direct,512.71
SCV20006356,college_area,residential,11.27,51.70,low,afternoon,weekday,clear,uber,no,1,642,multimodal,486.91
SCV20006357,metro_station,commercial,6.50,33.40,medium,morning,weekday,clear,ola,yes,0,99,direct,305.96
SCV20006358,airport,commercial,17.17,66.00,low,night,weekday,clear,bus,no,1,865,multimodal,22.40
SCV20006359,commercial,metro_station,5.20,65.90,medium,morning,weekday,cloudy,bus,yes,2,1569,multimodal,31.12
SCV20006360,airport,residential,27.21,87.60,low,morning,weekend,clear,ola,no,0,85,direct,843.43
SCV20006361,metro_station,commercial,5.32,46.20,medium,morning,weekday,clear,ola,yes,1,835,multimodal,340.20
SCV20006362,commercial,office_area,11.26,52.80,medium,afternoon,weekday,clear,uber,yes,0,96,direct,631.29
SCV20006363,residential,commercial,11.03,37.50,low,afternoon,weekend,clear,auto,no,0,33,direct,206.82
SCV20006364,commercial,metro_station,1.90,20.20,medium,evening,weekday,clear,ola,yes,0,123,direct,187.85
SCV20006365,metro_station,commercial,5.53,73.80,high,evening,weekday,clear,auto,yes,2,1072,multimodal,339.95
SCV20006366,commercial,metro_station,5.75,25.40,low,morning,weekend,cloudy,ola,no,0,121,direct,238.37
SCV20006367,commercial,shopping_area,8.26,48.90,medium,evening,weekday,clear,metro,yes,0,139,direct,10.00
SCV20006368,college_area,office_area,10.52,44.70,medium,morning,weekend,clear,metro,yes,0,139,direct,41.77
SCV20006369,college_area,metro_station,3.15,50.80,medium,morning,weekday,rainy,ola,yes,2,974,multimodal,348.48
SCV20006370,college_area,commercial,7.96,34.70,low,night,weekday,clear,uber,no,0,121,direct,384.68
SCV20006371,commercial,residential,6.64,21.20,low,afternoon,weekend,cloudy,ola,no,0,108,direct,226.41
SCV20006372,residential,metro_station,4.93,43.80,high,morning,weekday,cloudy,ola,yes,1,112,direct,384.25
SCV20006373,airport,residential,20.02,69.50,low,night,weekend,clear,ola,no,2,1013,multimodal,705.45
SCV20006374,metro_station,office_area,2.58,55.70,high,morning,weekday,rainy,uber,yes,2,1693,multimodal,575.89
SCV20006375,commercial,office_area,4.13,33.40,medium,morning,weekday,clear,auto,no,0,124,direct,133.72
SCV20006376,college_area,residential,5.38,17.30,low,afternoon,weekday,cloudy,rapido,no,0,132,direct,71.50
SCV20006377,residential,metro_station,5.58,78.90,high,evening,weekday,rainy,metro,yes,1,1046,multimodal,35.22
SCV20006378,residential,metro_station,6.83,23.10,low,morning,weekend,clear,metro,no,0,260,direct,23.98
SCV20006379,college_area,commercial,6.78,46.40,medium,evening,weekday,cloudy,auto,no,1,603,multimodal,182.92
SCV20006380,metro_station,residential,3.45,34.20,high,evening,weekday,cloudy,uber,yes,0,16,direct,436.29
SCV20006381,commercial,shopping_area,6.47,19.50,low,night,weekend,clear,rapido,no,0,156,direct,82.36
SCV20006382,residential,shopping_area,7.29,28.30,low,night,weekday,clear,bus,yes,0,186,direct,24.40
SCV20006383,residential,metro_station,4.93,26.00,medium,morning,weekday,clear,ola,yes,0,125,direct,254.09
SCV20006384,commercial,residential,7.12,38.20,medium,afternoon,weekday,clear,auto,yes,0,10,direct,219.36
SCV20006385,airport,office_area,31.84,150.00,high,evening,weekday,clear,auto,yes,1,1213,multimodal,1069.60
SCV20006386,airport,residential,24.84,64.30,low,afternoon,weekend,clear,auto,no,0,65,direct,433.39
SCV20006387,commercial,metro_station,6.74,38.60,medium,evening,weekday,clear,uber,no,0,73,direct,375.07
SCV20006388,residential,commercial,5.66,55.50,medium,morning,weekday,clear,metro,yes,1,1056,multimodal,33.67
SCV20006389,residential,commercial,7.28,23.20,low,night,weekend,cloudy,uber,no,0,14,direct,328.92
SCV20006390,metro_station,shopping_area,8.32,48.00,medium,morning,weekday,clear,metro,yes,1,682,multimodal,35.85
SCV20006391,college_area,commercial,4.71,19.30,low,night,weekday,clear,metro,no,0,263,direct,24.78
SCV20006392,residential,metro_station,9.35,49.20,low,afternoon,weekday,clear,rapido,no,1,1250,multimodal,132.82
SCV20006393,metro_station,commercial,6.82,29.50,medium,morning,weekday,clear,ola,yes,0,34,direct,303.13
SCV20006394,residential,metro_station,2.95,15.90,medium,afternoon,weekday,cloudy,uber,yes,0,37,direct,239.24
SCV20006395,metro_station,shopping_area,4.08,23.90,medium,morning,weekday,clear,metro,yes,0,159,direct,11.85
SCV20006396,metro_station,shopping_area,3.41,22.40,medium,evening,weekend,clear,auto,yes,0,105,direct,113.12
SCV20006397,airport,office_area,26.89,103.80,low,afternoon,weekend,cloudy,bus,no,1,1325,multimodal,61.69
SCV20006398,airport,residential,32.96,91.60,low,night,weekend,clear,uber,no,0,149,direct,1210.18
SCV20006399,metro_station,office_area,7.02,23.30,low,morning,weekday,clear,ola,no,0,60,direct,247.40
SCV20006400,airport,residential,31.20,147.80,medium,evening,weekend,clear,rapido,no,0,131,direct,489.45
SCV20006401,college_area,office_area,10.23,45.60,medium,morning,weekday,rainy,auto,yes,1,1059,multimodal,279.10
SCV20006402,airport,office_area,27.37,106.90,medium,morning,weekday,clear,rapido,yes,0,101,direct,453.94
SCV20006403,college_area,residential,7.81,43.50,medium,evening,weekday,rainy,ola,no,0,59,direct,371.87
SCV20006404,metro_station,office_area,3.00,21.30,medium,morning,weekday,clear,ola,yes,0,68,direct,198.12
SCV20006405,commercial,office_area,5.62,74.20,high,morning,weekday,rainy,uber,yes,2,862,multimodal,791.29
SCV20006406,commercial,shopping_area,4.71,21.80,medium,afternoon,weekday,clear,metro,yes,0,74,direct,12.74
SCV20006407,residential,metro_station,1.99,13.80,medium,morning,weekday,clear,auto,yes,0,167,direct,65.77
SCV20006408,residential,office_area,7.53,56.50,low,afternoon,weekday,clear,auto,no,3,1282,multimodal,201.51
SCV20006409,metro_station,residential,4.97,37.10,medium,morning,weekday,rainy,uber,yes,0,58,direct,417.00
SCV20006410,airport,metro_station,18.26,69.40,low,night,weekend,clear,bus,no,1,1168,multimodal,37.33
SCV20006411,airport,office_area,19.82,92.10,medium,evening,weekday,clear,bus,no,0,242,direct,40.88
SCV20006412,residential,shopping_area,5.53,30.90,low,evening,weekend,cloudy,metro,no,0,177,direct,10.00
SCV20006413,residential,office_area,15.80,82.10,medium,evening,weekday,cloudy,rapido,yes,0,1,direct,256.01
SCV20006414,college_area,metro_station,3.09,16.80,low,afternoon,weekday,cloudy,auto,no,0,52,direct,77.16
SCV20006415,metro_station,commercial,4.76,32.20,medium,afternoon,weekday,cloudy,ola,no,0,105,direct,232.86
SCV20006416,metro_station,commercial,4.11,7.80,low,night,weekend,rainy,uber,no,0,128,direct,219.89
SCV20006417,commercial,shopping_area,8.14,31.90,medium,morning,weekday,clear,uber,yes,0,72,direct,485.06
SCV20006418,college_area,commercial,7.50,46.60,medium,morning,weekday,clear,metro,yes,0,211,direct,28.76
SCV20006419,residential,metro_station,5.38,85.40,high,evening,weekday,clear,metro,yes,2,1761,multimodal,20.37
SCV20006420,residential,office_area,12.42,92.40,high,evening,weekday,clear,bus,yes,0,183,direct,52.11
SCV20006421,residential,office_area,10.98,40.50,medium,afternoon,weekday,clear,ola,yes,0,80,direct,428.55
SCV20006422,metro_station,shopping_area,3.30,42.00,high,evening,weekday,cloudy,uber,yes,1,68,direct,509.06
SCV20006423,metro_station,office_area,4.59,27.50,medium,evening,weekday,cloudy,rapido,yes,0,81,direct,117.04
SCV20006424,metro_station,shopping_area,5.82,26.70,medium,afternoon,weekday,clear,ola,yes,0,66,direct,277.71
SCV20006425,residential,shopping_area,9.88,89.60,high,evening,weekday,rainy,uber,yes,0,143,direct,991.39
SCV20006426,commercial,shopping_area,6.40,28.90,medium,afternoon,weekday,cloudy,ola,yes,0,80,direct,301.77
SCV20006427,commercial,office_area,8.37,65.80,medium,evening,weekday,cloudy,auto,no,0,68,direct,235.60
SCV20006428,residential,commercial,12.04,34.40,low,night,weekday,clear,rapido,no,0,185,direct,126.20
SCV20006429,metro_station,shopping_area,6.56,66.20,low,morning,weekend,cloudy,metro,no,3,2027,multimodal,18.19
SCV20006430,metro_station,office_area,4.66,29.80,medium,morning,weekday,cloudy,ola,yes,0,142,direct,288.78
SCV20006431,commercial,residential,8.59,40.60,medium,evening,weekday,clear,rapido,no,0,72,direct,149.42
SCV20006432,commercial,residential,5.81,18.70,low,afternoon,weekend,cloudy,uber,no,0,85,direct,288.90
SCV20006433,commercial,metro_station,3.79,66.10,medium,afternoon,weekday,clear,metro,no,1,1793,multimodal,16.49
SCV20006434,metro_station,residential,4.15,27.60,medium,morning,weekday,rainy,uber,yes,1,108,direct,368.21
SCV20006435,college_area,office_area,7.72,52.00,medium,evening,weekday,clear,ola,yes,1,19,direct,405.97
SCV20006436,residential,metro_station,5.57,67.50,medium,morning,weekday,clear,metro,no,2,1636,multimodal,37.32
SCV20006437,metro_station,commercial,4.14,48.90,medium,morning,weekday,cloudy,ola,yes,1,1129,multimodal,325.16
SCV20006438,commercial,residential,7.86,37.70,medium,morning,weekday,clear,ola,yes,0,86,direct,354.15
SCV20006439,airport,metro_station,24.69,150.00,high,evening,weekday,clear,uber,yes,1,14,direct,1500.00
SCV20006440,airport,metro_station,19.19,115.60,high,morning,weekday,clear,ola,yes,1,456,multimodal,1202.33
SCV20006441,residential,office_area,8.86,54.00,medium,evening,weekday,clear,auto,no,0,4,direct,210.10
SCV20006442,residential,commercial,12.10,74.30,medium,afternoon,weekday,rainy,bus,no,1,953,multimodal,19.79
SCV20006443,college_area,commercial,7.33,28.40,low,afternoon,weekday,clear,rapido,no,0,0,direct,123.40
SCV20006444,metro_station,shopping_area,3.53,43.30,high,evening,weekday,rainy,ola,yes,0,186,direct,370.04
SCV20006445,residential,commercial,8.32,62.30,low,evening,weekday,clear,auto,no,2,1425,multimodal,220.16
SCV20006446,college_area,residential,9.77,68.40,medium,evening,weekend,clear,bus,no,1,900,multimodal,31.44
SCV20006447,residential,commercial,2.62,29.20,high,morning,weekday,clear,uber,yes,1,12,direct,349.56
SCV20006448,residential,metro_station,6.73,22.30,medium,afternoon,weekday,rainy,ola,yes,0,14,direct,323.28
SCV20006449,residential,office_area,5.92,25.70,medium,morning,weekday,clear,uber,yes,1,153,direct,351.92
SCV20006450,college_area,commercial,2.33,35.00,low,afternoon,weekday,clear,uber,no,2,668,multimodal,276.27
SCV20006451,metro_station,residential,4.61,55.70,medium,morning,weekday,clear,metro,yes,1,1144,multimodal,24.05
SCV20006452,commercial,residential,7.49,30.20,medium,afternoon,weekday,clear,metro,yes,0,90,direct,25.28
SCV20006453,metro_station,office_area,2.79,55.50,high,evening,weekday,clear,metro,yes,1,547,multimodal,42.22
SCV20006454,commercial,office_area,7.59,23.10,low,night,weekend,clear,rapido,no,0,101,direct,91.36
SCV20006455,college_area,metro_station,4.38,21.30,medium,evening,weekday,cloudy,rapido,no,0,102,direct,65.30
SCV20006456,college_area,commercial,11.75,43.70,medium,afternoon,weekday,cloudy,ola,yes,0,77,direct,482.11
SCV20006457,commercial,residential,10.84,61.20,medium,evening,weekday,clear,auto,yes,0,143,direct,296.35
SCV20006458,residential,shopping_area,10.06,46.40,medium,evening,weekday,clear,ola,yes,0,5,direct,459.75
SCV20006459,residential,metro_station,5.21,78.80,high,evening,weekday,clear,bus,yes,1,1737,multimodal,29.62
SCV20006460,airport,residential,28.14,66.50,low,night,weekday,clear,uber,no,0,58,direct,1015.10
SCV20006461,residential,shopping_area,8.13,50.90,medium,evening,weekend,cloudy,bus,yes,0,271,direct,25.96
SCV20006462,metro_station,commercial,4.82,38.00,medium,evening,weekend,clear,uber,no,0,97,direct,340.99
SCV20006463,metro_station,residential,6.70,62.90,high,evening,weekday,rainy,auto,yes,0,17,direct,326.07
SCV20006464,college_area,office_area,9.88,62.70,medium,afternoon,weekday,clear,auto,yes,1,336,multimodal,282.07
SCV20006465,commercial,residential,10.24,57.00,medium,evening,weekday,clear,bus,yes,0,223,direct,36.42
SCV20006466,metro_station,shopping_area,6.68,25.60,low,night,weekday,clear,auto,no,0,90,direct,136.36
SCV20006467,residential,commercial,5.99,56.50,medium,evening,weekend,cloudy,metro,yes,1,1435,multimodal,16.77
SCV20006468,commercial,office_area,7.09,51.50,low,afternoon,weekend,clear,auto,no,2,822,multimodal,184.04
SCV20006469,airport,residential,37.15,150.00,medium,evening,weekday,clear,uber,no,0,200,direct,1500.00
SCV20006470,commercial,metro_station,3.30,22.60,low,afternoon,weekday,clear,ola,no,0,185,direct,159.07
SCV20006471,metro_station,shopping_area,5.67,44.20,low,morning,weekend,cloudy,bus,no,1,989,multimodal,22.26
SCV20006472,residential,office_area,18.16,65.90,medium,morning,weekday,cloudy,ola,no,0,0,direct,596.06
SCV20006473,airport,residential,24.24,64.60,low,night,weekday,clear,uber,no,0,98,direct,918.93
SCV20006474,college_area,residential,2.13,15.80,medium,afternoon,weekday,rainy,auto,no,0,55,direct,90.06
SCV20006475,residential,commercial,7.02,25.70,low,evening,weekend,clear,uber,no,1,125,direct,317.47
SCV20006476,airport,office_area,26.05,91.40,medium,morning,weekday,cloudy,uber,no,0,75,direct,1160.25
SCV20006477,college_area,commercial,12.07,36.50,low,night,weekend,rainy,ola,no,0,209,direct,415.42
SCV20006478,commercial,residential,7.25,21.40,low,night,weekday,clear,uber,no,0,124,direct,319.37
SCV20006479,metro_station,office_area,7.45,41.80,medium,morning,weekday,rainy,ola,yes,0,64,direct,408.48
SCV20006480,metro_station,residential,8.34,61.60,medium,afternoon,weekday,clear,metro,yes,1,997,multimodal,32.79
SCV20006481,residential,shopping_area,9.99,54.90,medium,evening,weekday,clear,ola,yes,0,229,direct,431.52
SCV20006482,airport,metro_station,17.66,63.00,low,night,weekend,cloudy,ola,no,1,439,multimodal,624.87
SCV20006483,metro_station,residential,5.93,32.90,medium,morning,weekday,clear,uber,yes,1,78,direct,371.09
SCV20006484,metro_station,office_area,8.59,37.50,medium,morning,weekday,clear,auto,yes,1,90,direct,225.63
SCV20006485,college_area,office_area,11.44,37.90,low,night,weekday,clear,bus,no,0,245,direct,28.23
SCV20006486,metro_station,commercial,1.42,19.00,medium,morning,weekend,rainy,ola,no,0,134,direct,149.65
SCV20006487,airport,metro_station,25.23,122.40,medium,evening,weekday,clear,metro,yes,0,265,direct,67.45
SCV20006488,residential,metro_station,8.45,56.00,medium,evening,weekday,clear,bus,yes,0,158,direct,39.31
SCV20006489,residential,shopping_area,14.87,98.20,medium,evening,weekday,clear,rapido,yes,1,1029,multimodal,293.36
SCV20006490,commercial,metro_station,7.18,30.80,medium,afternoon,weekend,clear,auto,no,0,142,direct,162.04
SCV20006491,college_area,office_area,12.07,58.20,low,afternoon,weekday,clear,metro,no,1,874,multimodal,30.21
SCV20006492,airport,metro_station,19.70,150.00,high,morning,weekday,clear,metro,yes,2,2097,multimodal,53.36
SCV20006493,commercial,shopping_area,4.68,25.10,medium,evening,weekday,clear,ola,yes,0,68,direct,272.86
SCV20006494,residential,office_area,13.92,130.00,high,evening,weekday,cloudy,uber,yes,1,1347,multimodal,1383.37
SCV20006495,residential,commercial,13.20,70.40,low,afternoon,weekday,clear,bus,no,2,675,multimodal,20.05
SCV20006496,metro_station,office_area,6.01,59.50,high,evening,weekday,rainy,auto,yes,0,64,direct,312.78
SCV20006497,commercial,shopping_area,4.27,31.30,medium,evening,weekday,rainy,ola,yes,0,52,direct,289.00
SCV20006498,metro_station,commercial,6.03,27.00,low,afternoon,weekend,clear,uber,no,0,23,direct,313.27
SCV20006499,commercial,shopping_area,3.50,31.50,medium,evening,weekend,cloudy,ola,no,0,123,direct,210.74
SCV20006500,residential,shopping_area,9.28,76.20,high,evening,weekday,clear,metro,yes,0,170,direct,25.53
